tree
version=v4
num_class=1
num_tree_per_iteration=1
label_index=0
max_feature_idx=16
objective=binary sigmoid:1
feature_names=local_3ren st course kimarite motor boat racer_rank odds wind_speed is_headwind is_tailwind exh_time turn_time water_type in_rate national_win_rate national_2nd_rate
feature_infos=[0:87.370000000000005] [0.11666666666666665:0.21333333333333335] none none none none none [0:8099] none none none none none none none none none
tree_sizes=3008 3124 3123 3242 3319 3314 2999 2518 3317 3234 3251 3236 3320 3317 3255 3311 3344 2414 3349 3423 3245 3329 3249 3330 3031 2519 2406 2410 2408 3247 3148 3250 2520 3147 2521 3148 3249 3144 2414 3251 3244 3261 3144 3352 3353 3250 3068 3052 3250 3354 3364 3257 3339 3357 3071 3348 3366 3371 3365 3162 3172 3058 3367 3351 3261 3163 3174 3256 3163 3264 3259 3255 3265 3164 3266 3255 3279 3282 3277 3388 3275 3389 3269 2633 2532 3394 2531 3286 3270 3388 3279 2528 3373 3383 2532 2539 3067 3062 3375 3061 2213 3067 3066 2210 2210 2210 2538 2221 2536 3069 2223 3060 2223 3062 3073 2964 2223 3061 3168 3066 2960 3074 3168 2958 2645 3067 2640 2970 2646 2646 2646 3166 3069 3067 3062 2637 3173 3069 3077 3073 3071 3069 3294 3382 2643 3365 3267 3505 3166 2641 2644 3390 2545 2964 3387 3403 3482 3267 3382 3391 2962 3395 3362 2532 3476 2536 2538 3169 3396 2532 3172 3294 3165 2947 3376 2528 3172 3386 3172 3500 3495 3081 3504 3357 3188 3508 3065 2529 3504 3172 3504 3513 3282 3514 3274 3521 3178 3430 2527 3501

Tree=0
num_leaves=28
num_cat=0
split_feature=7 7 7 1 1 7 7 7 1 1 7 7 1 1 1 1 1 1 7 7 1 7 7 7 7 7 1
split_gain=359.351 55.8307 66.858 71.3884 42.0908 41.2328 11.9287 10.484 10.7317 10.3426 24.2405 19.6814 10.0969 11.1042 10.9085 6.0293 11.7686 2.51785 2.42815 1.40758 1.2837 3.92884 1.13522 0.0897098 1.98374 0.154527 2.22045e-16
threshold=35.750000000000007 16.550000000000004 1.0000000180025095e-35 0.17833333333333334 0.14500000000000005 140.25000000000003 64.050000000000011 133.35000000000005 0.13833333333333339 0.12833333333333338 23.350000000000005 29.550000000000004 0.14166666666666669 0.12500000000000003 0.14500000000000005 0.17500000000000002 0.16500000000000004 0.18500000000000003 29.550000000000004 304.55000000000007 0.12500000000000003 189.15000000000001 300.95000000000005 449.45000000000005 429.95000000000005 1137.5000000000002 0.17166666666666672
decision_type=2 2 2 2 2 2 2 2 2 2 2 2 2 2 2 2 2 2 2 2 2 2 2 2 2 2 2
left_child=1 2 26 4 -4 6 12 17 -9 10 -3 -12 13 -2 -14 16 -11 -8 -17 20 21 -7 -22 24 -21 -25 -1
right_child=5 9 3 -5 -6 19 7 8 -10 15 11 -13 14 -15 -16 18 -18 -19 -20 23 22 -23 -24 25 -26 -27 -28
leaf_value=-4.789207527397374 -4.7200598667497555 -4.789207527397374 -4.6798852913267615 -4.5471907151307089 -4.7355055720127588 -4.7315844768576918 -4.7816997065788822 -4.7085352566418184 -4.7686976280527409 -4.7563481018830096 -4.5955940775840416 -4.7365951769046211 -4.7255188925903564 -4.7842174900310512 -4.7647339171681606 -4.789207527397374 -4.7275828761257692 -4.7501725576769438 -4.7536168197111 -4.789207527397374 -4.7866142585812295 -4.789207527397374 -4.7728550400820584 -4.789207527397374 -4.7780546789058223 -4.7880523158829744 -4.789207527397374
leaf_weight=0.74374998919666069 0.2892361069098105 0.24791666306555171 2.652708294801414 0.28923610690981139 2.7931944038718939 0.1735416641458859 22.643055226653821 0.37187499459832807 1.4627083120867608 6.9995137872174347 0.20659721922129393 0.19006944168359041 0.78506943304091503 4.0079860528931022 7.3548610042780638 0.60326388012617904 1.7849999740719793 0.25618055183440347 0.28097221814095974 14.412222012877466 30.849096774123613 0.37187499459832907 0.61152776889502902 34.964513381011784 1.7932638628408302 17.312846970744431 0.24791666306555271
leaf_count=90 35 30 321 35 338 21 2740 45 177 847 25 23 95 485 890 73 216 31 34 1744 3733 45 74 4231 217 2095 30
internal_value=-4.77912 -4.7358 -4.71339 -4.70028 -4.70841 -4.78449 -4.77549 -4.7795 -4.7565 -4.75042 -4.71164 -4.66316 -4.7675 -4.7799 -4.76095 -4.75301 -4.7505 -4.78135 -4.7779 -4.78781 -4.78608 -4.77087 -4.78635 -4.78862 -4.78797 -4.78882 -4.78921
internal_weight=154.7 17.0401 6.72681 5.73514 5.4459 137.66 37.171 24.7338 1.83458 10.3133 0.644583 0.396667 12.4372 4.29722 8.13993 9.66875 8.78451 22.8992 0.884236 100.489 32.006 0.545417 31.4606 68.4828 16.2055 52.2774 0.991667
internal_count=18720 2062 814 694 659 16658 4498 2993 222 1248 78 48 1505 520 985 1170 1063 2771 107 12160 3873 66 3807 8287 1961 6326 120
is_linear=0
shrinkage=1


Tree=1
num_leaves=28
num_cat=0
split_feature=7 7 7 1 7 1 7 7 1 1 1 1 1 7 7 1 1 1 7 7 1 7 7 7 7 7 1
split_gain=338.815 47.4671 57.2904 47.1193 40.8257 33.2373 11.5169 10.0684 9.61606 10.325 9.80836 9.48212 8.87886 19.9265 13.611 5.59128 10.4038 2.40937 2.34112 1.41423 1.26495 3.68056 1.12197 0.0903915 1.97891 0.155806 1.11022e-16
threshold=35.750000000000007 16.550000000000004 1.0000000180025095e-35 0.17833333333333334 140.25000000000003 0.14500000000000005 64.050000000000011 133.35000000000005 0.14166666666666669 0.12500000000000003 0.14500000000000005 0.13833333333333339 0.12833333333333338 23.350000000000005 29.550000000000004 0.17500000000000002 0.16500000000000004 0.18500000000000003 29.550000000000004 304.55000000000007 0.12500000000000003 189.15000000000001 300.95000000000005 449.45000000000005 429.95000000000005 1137.5000000000002 0.15833333333333341
decision_type=2 2 2 2 2 2 2 2 2 2 2 2 2 2 2 2 2 2 2 2 2 2 2 2 2 2 2
left_child=1 2 26 5 6 -4 8 17 9 -2 -10 -9 13 -3 -15 16 -14 -8 -17 20 21 -6 -22 24 -21 -25 -1
right_child=4 12 3 -5 19 -7 7 11 10 -11 -12 -13 15 14 -16 18 -18 -19 -20 23 22 -23 -24 25 -26 -27 -28
leaf_value=-0.010083190649192941 0.055158786874477221 -0.010083190649193014 0.089073643227214699 0.18264908045042241 0.044904271909154254 0.041360362488261665 -0.0025569525613565462 0.06517557413398338 0.050331273750525311 -0.0050685101773347624 0.014044542791295756 0.010215807281168174 0.022045861539165195 0.15159033063673191 0.040370578441085325 -0.010083190649192986 0.048492068726029791 0.027853135880963404 0.024623122727527837 -0.010083190649193012 -0.0074709643134721971 -0.010083190649192988 0.0061674437235416093 -0.010083190649193014 0.0010570100644149757 -0.0089178864144647593 -0.010083190649192995
leaf_weight=0.4909405298531081 0.30652312561869521 0.24547026492655177 2.9243763629347086 0.36315520294010628 0.18184331338852899 2.9155571591109037 22.585766781121499 0.3985876590013494 0.82754145842045357 3.9879589574411511 7.4596575926989317 1.4777800077572463 7.158011076971885 0.24738500360399485 0.19818360358476639 0.59731097798794586 1.8777564615011213 0.2635765802115192 0.2881070002913475 14.270004734396936 30.622684906236831 0.36820539738982916 0.61530867218971153 34.619489696808159 1.7951496299356211 17.16149462852627 0.49094052985310555
leaf_count=60 35 30 321 35 21 338 2740 45 95 485 890 177 847 25 23 73 216 31 34 1744 3733 45 74 4231 217 2095 60
internal_value=-2.59541e-06 0.0410436 0.0608914 0.0721259 -0.00533705 0.065253 0.00358585 -0.000377518 0.0113747 -0.000769724 0.0176681 0.0218906 0.0276058 0.062264 0.102121 0.0251918 0.0275417 -0.00220616 0.00120993 -0.00867817 -0.00693762 0.00809539 -0.00720232 -0.00949367 -0.00883836 -0.00969698 -0.0100832
internal_weight=154.739 17.7972 7.18497 6.20309 136.942 5.83993 37.3074 24.7257 12.5817 4.29448 8.2872 1.87637 10.6122 0.691039 0.445569 9.92119 9.03577 22.8493 0.885418 99.6342 31.788 0.550049 31.238 67.8461 16.0652 51.781 0.981881
internal_count=18720 2062 814 694 16658 659 4498 2993 1505 520 985 222 1248 78 48 1170 1063 2771 107 12160 3873 66 3807 8287 1961 6326 120
is_linear=0
shrinkage=0.01


Tree=2
num_leaves=28
num_cat=0
split_feature=7 7 7 7 1 1 7 7 1 1 1 1 1 7 1 1 1 7 7 1 7 7 7 7 7 7 1
split_gain=320.276 40.7531 49.6997 40.4235 33.2891 26.7475 11.1229 9.67693 9.16507 9.63783 8.85667 8.43303 7.70191 16.7289 5.1957 9.2438 2.30801 2.25922 1.42086 1.24666 3.45764 1.10894 0.8752 0.0910768 1.97409 0.157094 1.11022e-16
threshold=35.750000000000007 16.550000000000004 1.0000000180025095e-35 140.25000000000003 0.17833333333333334 0.14500000000000005 64.050000000000011 133.35000000000005 0.14166666666666669 0.12500000000000003 0.14500000000000005 0.13833333333333339 0.12833333333333338 23.350000000000005 0.17500000000000002 0.16500000000000004 0.18500000000000003 29.550000000000004 304.55000000000007 0.12500000000000003 189.15000000000001 300.95000000000005 28.250000000000004 449.45000000000005 429.95000000000005 1137.5000000000002 0.16833333333333336
decision_type=2 2 2 2 2 2 2 2 2 2 2 2 2 2 2 2 2 2 2 2 2 2 2 2 2 2 2
left_child=1 2 26 6 5 -4 8 16 9 -2 -10 -9 13 -3 15 -14 -8 -16 19 20 -5 -21 -15 24 -20 -25 -1
right_child=3 12 4 18 -6 -7 7 11 10 -11 -12 -13 14 22 17 -17 -18 -19 23 21 -22 -23 -24 25 -26 -27 -28
leaf_value=-0.010082356403364925 0.051714089768281325 -0.010082356403364976 0.080769335942782336 0.042527648685286613 0.15112494775690694 0.03930843116095447 -0.0025377883359795567 0.06050537128747701 0.047413083788004989 -0.0050430266646974489 0.013712502860360552 0.010012078388941885 0.021355267410406685 0.077009301682097062 -0.010082356403364948 0.04576340271743904 0.026826414319424962 0.02379118932487596 -0.010082356403364976 -0.0074510768876205535 -0.01008235640336495 0.0060686716669981142 0.10371698474559095 -0.010082356403364976 0.0010453471505528808 -0.0089068804644054644 -0.010082356403364943
leaf_weight=0.68053387105465191 0.32358118798583646 0.2430478110909452 3.1913448655977845 0.19004246033728378 0.4341027233749627 3.0364423040300608 22.529044840484865 0.42491940781474014 0.86946962401270678 3.9681297028437257 7.5633559189736843 1.4926959257572887 7.3147879280149901 0.22955052554607391 0.59141634032130319 1.9693399518728254 0.27088995091617007 0.29516337998211384 14.129179418087004 30.398501556366686 0.3645717166364193 0.61905105039477248 0.26358799822628498 34.277842957526445 1.797016399912535 17.011625138111413 0.29165737330913544
leaf_count=84 35 30 321 21 35 338 2740 45 95 485 890 177 847 20 73 216 31 34 1744 3733 45 74 28 4231 217 2095 36
internal_value=-4.84543e-06 0.0389883 0.0567092 -0.00531183 0.0664563 0.0605545 0.00353632 -0.000374311 0.0111328 -0.000763723 0.0171872 0.0212008 0.0265848 0.057819 0.024324 0.0265327 -0.00218891 0.00119495 -0.00866541 -0.00691554 0.00794483 -0.00718125 0.0912849 -0.00948735 -0.00882677 -0.00969248 -0.0100824
internal_weight=154.771 18.541 7.63408 136.23 6.66189 6.22779 37.4421 24.7176 12.7245 4.29171 8.43283 1.91762 10.9069 0.736186 10.1707 9.28413 22.7999 0.88658 98.7878 31.5722 0.554614 31.0176 0.493139 67.2157 15.9262 51.2895 0.972191
internal_count=18720 2062 814 16658 694 659 4498 2993 1505 520 985 222 1248 78 1170 1063 2771 107 12160 3873 66 3807 48 8287 1961 6326 120
is_linear=0
shrinkage=0.01


Tree=3
num_leaves=29
num_cat=0
split_feature=7 7 7 7 1 1 1 7 7 7 1 1 7 7 1 1 7 1 1 7 1 7 7 7 7 7 1 1
split_gain=304.891 51.5737 43.5605 25.8691 24.6248 21.8696 9.84894 16.6069 34.9086 7.4357 7.54306 6.66868 6.77736 6.19179 14.2468 3.17464 2.52878 2.21312 1.52434 1.42747 1.2288 3.25647 1.09613 0.0917654 1.9693 0.158391 1.11022e-16 1.11022e-16
threshold=46.350000000000001 16.550000000000004 1.0000000180025095e-35 140.25000000000003 0.17833333333333334 0.14500000000000005 0.14166666666666669 29.550000000000004 22.350000000000005 133.35000000000005 0.13833333333333339 0.17500000000000002 23.350000000000005 64.050000000000011 0.12500000000000003 0.18500000000000003 34.550000000000004 0.18500000000000003 0.17166666666666672 304.55000000000007 0.12500000000000003 189.15000000000001 300.95000000000005 449.45000000000005 429.95000000000005 1137.5000000000002 0.17166666666666672 0.16166666666666671
decision_type=2 2 2 2 2 2 2 2 2 2 2 2 2 2 2 2 2 2 2 2 2 2 2 2 2 2 2 2
left_child=1 2 26 9 5 -4 7 8 -3 13 -11 12 -8 14 -2 -13 -9 -15 -12 20 21 -5 -22 24 -21 -25 27 -1
right_child=3 6 4 19 -6 -7 11 16 -10 10 18 15 -14 17 -16 -17 -18 -19 -20 23 22 -23 -24 25 -26 -27 -28 -29
leaf_value=-0.010081529834673982 0.092715615542519017 -0.010088264625111351 0.073851491988417811 0.040372792340581061 0.12905576955388068 0.037435132490408252 0.045654332976884253 0.0088839151359156442 0.061552733573856842 0.056433309182055559 0.014895523614792594 -0.00055598997521316121 0.025948336830965202 -0.0025187207156549783 0.0060252929744138489 0.044591569744171819 -0.010085043734859817 0.025864085044782197 -0.010086649726526089 -0.010081529834674032 -0.0074311031695025098 -0.010081529834674006 0.0059720676798263109 -0.010081529834674032 0.0010338252014868851 -0.0088958018828589024 -0.01008152983467399 -0.010081529834673982
leaf_weight=0.52942797169089484 0.1945244893431689 1.2211761539801984 3.4539650743827224 0.19814154971391218 0.50286009907722462 3.1558825764805079 2.3319841893389803 1.0539705557748678 1.5352388601750133 0.45088666956871648 1.2008562767878173 1.0493650566786517 6.9369217557832599 22.472889404743913 7.4477467741817236 0.18289466947317112 2.1091978140175343 0.27812196314334769 0.3066016025841235 13.989733070135115 30.176518911495808 0.36097361706197262 0.62275531701743503 33.939541639760137 1.7988643748685706 16.863226792775095 0.24064907804131508 0.19251926243305206
leaf_count=66 20 141 321 21 35 338 258 117 164 45 141 125 780 2740 873 22 253 31 36 1744 3733 45 74 4231 217 2095 30 24
internal_value=-6.80853e-06 0.0323613 0.0530524 -0.00609186 0.0615966 0.0564644 0.0221859 0.0118709 0.0298136 0.00166114 0.0205479 0.0280006 0.0309062 0.000444202 0.00823189 0.00614491 -0.00376457 -0.00217175 0.0098144 -0.00865258 -0.00689338 0.00779868 -0.00716009 -0.009481 -0.00881511 -0.00968794 -0.0100815 -0.0100815
internal_weight=154.797 24.4961 8.0753 130.301 7.11271 6.60985 16.4207 5.91958 2.75642 32.3516 1.95834 10.5012 9.26891 30.3933 7.64227 1.23226 3.16317 22.751 1.50746 97.9498 31.3584 0.559115 30.7993 66.5914 15.7886 50.8028 0.962596 0.721947
internal_count=18720 2674 814 16046 694 659 1860 675 305 3886 222 1185 1038 3664 893 147 370 2771 177 12160 3873 66 3807 8287 1961 6326 120 90
is_linear=0
shrinkage=0.01


Tree=4
num_leaves=30
num_cat=0
split_feature=7 7 7 7 7 1 7 1 7 7 7 1 1 7 1 7 7 7 1 1 7 1 7 7 7 7 7 1 1
split_gain=291.021 45.3617 38.5167 25.6823 22.8352 26.5826 9.40789 9.08588 15.661 31.5777 7.12289 6.78162 6.12915 6.02812 12.5536 5.9954 2.97412 2.49074 2.12409 1.47276 1.43406 1.21135 3.07409 1.08352 0.0924575 1.96451 0.159696 1.11022e-16 1.11022e-16
threshold=46.350000000000001 16.550000000000004 1.0000000180025095e-35 140.25000000000003 10.65 0.13833333333333339 11.65 0.14166666666666669 29.550000000000004 22.350000000000005 133.35000000000005 0.13833333333333339 0.17500000000000002 64.050000000000011 0.12500000000000003 23.350000000000005 39.550000000000004 34.550000000000004 0.18500000000000003 0.17166666666666672 304.55000000000007 0.12500000000000003 189.15000000000001 300.95000000000005 449.45000000000005 429.95000000000005 1137.5000000000002 0.17166666666666672 0.15833333333333341
decision_type=2 2 2 2 2 2 2 2 2 2 2 2 2 2 2 2 2 2 2 2 2 2 2 2 2 2 2 2 2
left_child=1 2 27 10 5 -4 -6 8 9 -3 13 -12 15 14 -2 -9 -14 -10 -15 -13 21 22 -5 -23 25 -22 -26 28 -1
right_child=3 7 4 20 6 -7 -8 12 17 -11 11 19 16 18 -16 -17 -18 -19 -20 -21 24 23 -24 -25 26 -27 -28 -29 -30
leaf_value=-0.010080711507018112 0.083780942787350515 -0.010087379085063854 0.12640443555209768 0.038409891985283225 0.014219821457547925 0.05805549312777581 0.051183582954020639 0.043207639416147872 0.0087183202218178192 0.057351773121841587 0.052850468304595236 0.014531204077332589 -0.00055557666251604399 -0.0024997487123401352 0.0059296467977310854 0.025039424410655525 0.042387800864841757 -0.010084190508889453 0.024960284552652704 -0.010085780228999055 -0.010080711507018168 -0.0074110441529173969 -0.010080711507018138 0.0058775664953649043 -0.010080711507018168 0.001022441418925652 -0.0088846527596738306 -0.010080711507018126 -0.010080711507018126
leaf_weight=0.47654762864113021 0.2130157314240958 1.2091308105737 0.87897374853491816 0.20614292845130222 0.82199590280652035 1.6137025831267235 4.2415827326476574 2.4388352781534177 1.0632027452811601 1.6307093789800999 0.47650314867496391 1.2185633853077886 1.0493166763335455 22.417290266603235 7.4919764557853341 7.1159157762303948 0.19056339003145684 2.0883868215605617 0.28527380060404439 0.30357690900564183 13.851651072502134 29.956719588488344 0.35741072148084641 0.62642188556492229 33.604550279676914 1.8006939589977253 16.716282032430172 0.23827381432056427 0.23827381432056427
leaf_count=60 20 141 76 21 77 153 388 258 117 164 45 141 125 2740 873 780 22 253 31 36 1744 3733 45 74 4231 217 2095 30 30
internal_value=-8.67709e-06 0.0310158 0.0498241 -0.00606751 0.0573801 0.0821569 0.0451831 0.0214813 0.011606 0.0286379 0.00164114 0.0199279 0.0269624 0.000439179 0.00808196 0.0296768 0.00604461 -0.00374108 -0.00215469 0.00962157 -0.00863967 -0.00687115 0.00765672 -0.00713886 -0.0094746 -0.00880337 -0.00968339 -0.0100807 -0.0100807
internal_weight=154.821 25.2954 8.50935 129.526 7.55625 2.49268 5.06358 16.7861 5.99143 2.83984 32.4062 1.99864 10.7946 30.4076 7.70499 9.55475 1.23988 3.15159 22.7026 1.52214 97.1199 31.1467 0.563554 30.5831 65.9732 15.6523 50.3208 0.953095 0.714821
internal_count=18720 2674 814 16046 694 229 465 1860 675 305 3886 222 1185 3664 893 1038 147 370 2771 177 12160 3873 66 3807 8287 1961 6326 120 90
is_linear=0
shrinkage=0.01


Tree=5
num_leaves=30
num_cat=0
split_feature=7 7 7 7 7 1 1 7 7 7 7 1 7 1 1 7 1 7 1 1 7 1 7 7 7 7 7 1 1
split_gain=278.156 40.1053 34.3043 25.4966 18.5557 19.8973 8.39828 14.7924 28.7201 8.26464 6.82803 6.12463 5.86978 11.1655 5.64676 5.32895 2.94495 2.45363 2.04041 1.4877 1.44063 1.1943 2.90805 1.07112 0.093153 1.95974 0.161012 1.11022e-16 1.11022e-16
threshold=46.350000000000001 16.550000000000004 1.0000000180025095e-35 140.25000000000003 10.65 0.13833333333333339 0.14166666666666669 29.550000000000004 22.350000000000005 11.65 133.35000000000005 0.13833333333333339 64.050000000000011 0.12500000000000003 0.17500000000000002 23.350000000000005 0.18500000000000003 34.550000000000004 0.18500000000000003 0.16500000000000004 304.55000000000007 0.12500000000000003 189.15000000000001 300.95000000000005 449.45000000000005 429.95000000000005 1137.5000000000002 0.16833333333333336 0.15833333333333341
decision_type=2 2 2 2 2 2 2 2 2 2 2 2 2 2 2 2 2 2 2 2 2 2 2 2 2 2 2 2 2
left_child=1 2 27 10 5 -4 7 8 -3 -6 12 -12 13 -2 15 -8 -16 -9 -14 -13 21 22 -5 -23 25 -22 -26 28 -1
right_child=3 6 4 20 9 -7 14 17 -10 -11 11 19 18 -15 16 -17 -18 -19 -20 -21 24 23 -24 -25 26 -27 -28 -29 -30
leaf_value=-0.010079901989230127 0.076388319016956516 -0.010086500995989896 0.11055725346896564 0.036614291417556913 0.013882249911993098 0.054288342496793311 0.040992372193901325 0.0085572221056575536 0.053662889649401989 0.048188200719122116 0.049673000273839321 0.0010940843402440414 -0.0024808741125709639 0.0058360737368512898 -0.00060978473504253502 0.024184315823267657 0.041954720577687045 -0.010083346414978158 0.024109840784796863 0.021042277546874627 -0.010079901989230184 -0.0073908980560400111 -0.010079901989230157 0.0057851040347394016 -0.010079901989230184 0.001011195033698978 -0.0088734298341120524 -0.01007990198923015 -0.010079901989230131
leaf_weight=0.47184359282255339 0.23119604215026157 1.1972034303471475 0.9942695461213592 0.21404865011573093 0.83350550942122925 1.7079239143058655 2.5443736081942898 1.0723399575799706 1.7248805928975341 4.459042027592659 0.5017807893455023 0.8941887281835077 22.362242322415117 7.5357560915872455 1.0552622992545355 7.2929323669523001 0.19214565213769663 2.0677792504429817 0.2923466470092525 0.64247751049697399 13.714920431375502 29.739082727581266 0.3538826946169138 0.63005116954445739 33.272837353870273 1.8025051522999991 16.570779150351882 0.28310615569353104 0.18873743712902069
leaf_count=60 20 141 76 21 77 153 258 117 164 388 45 102 2740 873 125 780 22 253 31 75 1744 3733 45 74 4231 217 2095 36 24
internal_value=-1.0453e-05 0.0297669 0.0469407 -0.00604311 0.0536713 0.0749924 0.0208145 0.0113511 0.0275442 0.0427855 0.00162147 0.0193395 0.000434246 0.00793618 0.0259901 0.0285316 0.00594668 -0.00371766 -0.00213773 0.00943439 -0.00862667 -0.00684886 0.00751876 -0.00711754 -0.00946816 -0.00879156 -0.0096788 -0.0100799 -0.0100799
internal_weight=154.843 26.0853 8.93843 128.758 7.99474 2.70219 17.1469 6.0622 2.92208 5.29255 32.46 2.03845 30.4215 7.76695 11.0847 9.83731 1.24741 3.14012 22.6546 1.53667 96.2981 30.9371 0.567931 30.3691 65.361 15.5174 49.8436 0.943687 0.660581
internal_count=18720 2674 814 16046 694 229 1860 675 305 465 3886 222 3664 893 1185 1038 147 370 2771 177 12160 3873 66 3807 8287 1961 6326 120 84
is_linear=0
shrinkage=0.01


Tree=6
num_leaves=27
num_cat=0
split_feature=7 7 7 7 1 7 7 7 1 1 1 7 7 1 1 7 7 1 7 1 1 7 7 7 7 7
split_gain=266.212 35.757 29.5742 25.312 17.8959 13.0894 6.54967 5.71653 10.0084 5.55382 5.36437 16.4065 22.6942 4.41295 4.75116 2.82207 2.4174 1.96163 1.44718 1.43076 1.17762 2.75631 1.05891 0.0938517 1.95499 0.162337
threshold=46.350000000000001 17.750000000000004 1.0000000180025095e-35 140.25000000000003 0.17833333333333334 10.65 133.35000000000005 64.050000000000011 0.12500000000000003 0.13833333333333339 0.14166666666666669 29.550000000000004 22.350000000000005 0.17500000000000002 0.16833333333333336 29.550000000000004 34.550000000000004 0.18500000000000003 304.55000000000007 0.17166666666666672 0.12500000000000003 189.15000000000001 300.95000000000005 449.45000000000005 429.95000000000005 1137.5000000000002
decision_type=2 2 2 2 2 2 2 2 2 2 2 2 2 2 2 2 2 2 2 2 2 2 2 2 2 2
left_child=1 2 -1 6 5 -4 7 8 -2 -8 11 12 -3 14 -12 -15 -13 -9 20 -11 21 -5 -22 24 -20 -25
right_child=3 10 4 18 -6 -7 9 17 -10 19 13 16 -14 15 -16 -17 -18 -19 23 -21 22 -23 -24 25 -26 -27
leaf_value=-0.010079101262018744 0.070165805970564557 -0.01008565053357011 0.063224202115852488 0.034965392504452061 0.10024458014139959 0.036639435935845184 0.046835309076579554 -0.0024620956818403247 0.0057445123253055553 0.014022329147605473 0.022519446801203106 0.0084004453991961998 0.050397105149139323 -0.01008285391562443 0.039815742128680894 0.020171049704768174 -0.010082509108391202 0.023308176381422938 -0.010079101262018782 -0.010086724265782776 -0.0073706658603343743 -0.010079101262018752 0.0056946190889330152 -0.010079101262018782 0.0010000825075321918 -0.0088621331622089489
leaf_weight=0.93437125906348484 0.24908600375056522 0.94177513942122759 2.7264885753393138 0.221860670484605 0.63389220833778459 5.7746651750057936 0.52672994323074762 22.307743020355705 7.5790898045524955 1.2441850136965511 7.6644943840801698 1.081383300945163 1.8177976394072173 0.57794810272753128 2.0032505905255675 0.66089273989200592 2.0473735639825463 0.29934159945696492 13.579528965055941 0.30686385557055462 29.523587469011549 0.35038922214880586 0.63364344462752242 32.944373309146613 1.8042981568723906 16.426704488694668
leaf_count=120 20 112 219 21 36 514 45 2740 873 141 795 117 164 71 199 74 253 31 1744 36 3733 45 74 4231 217 2095
internal_value=-1.20661e-05 0.0286069 0.0435067 -0.00601868 0.0489877 0.0451657 0.00160211 0.000429397 0.00779434 0.01878 0.0196738 0.0119821 0.0297558 0.0238264 0.0261034 0.0060569 -0.0036943 -0.00212087 -0.0086136 0.00925253 -0.00682648 0.0073846 -0.00709615 -0.00946168 -0.00877967 -0.00967419
internal_weight=154.862 26.8643 10.0694 127.997 9.13505 8.50115 32.513 30.4353 7.82818 2.07778 16.7949 5.88833 2.75957 10.9066 9.66774 1.23884 3.12876 22.6071 95.4844 1.55105 30.7295 0.57225 30.1572 64.7549 15.3838 49.3711
internal_count=18720 2674 889 16046 769 733 3886 3664 893 222 1785 646 276 1139 994 145 370 2771 12160 177 3873 66 3807 8287 1961 6326
is_linear=0
shrinkage=0.01


Tree=7
num_leaves=22
num_cat=0
split_feature=1 0 0 0 1 0 1 0 0 1 0 0 1 1 0 0 0 1 1 1 1
split_gain=3.83411 3.77994 1.99947 1.80393 3.91424 3.01871 1.63049 5.28264 4.16382 2.8298 1.51818 11.5119 2.63263 1.44812 3.60805 0.539883 0.350417 4.31529e-07 1.38301e-07 5.69672e-08 4.82459e-09
threshold=0.17166666666666672 65.610000000000014 15.820000000000002 46.491666666666681 0.17833333333333334 47.371666666666677 0.12833333333333338 50.246666666666677 64.341666666666683 0.12166666666666669 64.158333333333346 63.031666666666673 0.13500000000000004 0.17500000000000002 36.431666666666679 34.831666666666678 59.708333333333343 0.14500000000000005 0.15833333333333341 0.15500000000000005 0.16833333333333336
decision_type=2 2 2 2 2 2 2 2 2 2 2 2 2 2 2 2 2 2 2 2 2
left_child=2 3 17 13 16 -6 7 9 -9 -4 11 -8 -12 14 -2 -15 -5 -1 19 -19 -20
right_child=1 -3 6 4 5 -7 10 8 -10 -11 12 -13 -14 15 -16 -17 -18 18 20 -21 -22
leaf_value=-0.010097088046622706 0.005725715267212955 0.040015364882754915 -0.010098575420624646 -0.007660160066760866 0.029120683403709293 0.0034322028189446275 0.00052687118647528339 -0.010089773769105225 0.0089333834846564569 0.018835440562496138 -0.0062891962429171304 0.019296641809395818 0.00036923444286009459 -0.010083101380454706 -0.010082441988364723 -0.0057741167167180184 -0.0014289408384137168 -0.010083223465352403 -0.010081064438480095 -0.010089473199681138 -0.010079232445296219
leaf_weight=0.27275532763451238 3.1624316507950523 0.19959610374644299 0.38508595153689329 4.1273673069663328 0.51003984175622452 4.4366183523088694 81.980220324359834 2.5414019515737891 2.1025062967091799 2.765382616315037 7.9001617734320488 3.403258654754608 23.909054392017424 4.9938938403502089 2.6567544783465564 6.9604127393104136 1.1550408056937156 0.24402528209611751 0.62047261651605368 0.36251650052145123 0.187098846770823
leaf_count=30 384 24 42 510 60 528 9924 300 246 318 954 408 2862 624 330 864 138 30 78 42 24
internal_value=-1.35e-05 -0.00334809 0.000728899 -0.00365718 -0.000311533 0.00608089 0.000874855 0.00530366 -0.00147713 0.0152988 0.000580299 0.00127501 -0.00128446 -0.00558267 -0.00149151 -0.00757419 -0.00629765 -0.0100856 -0.0100834 -0.010087 -0.0100806
internal_weight=154.876 28.2022 126.674 28.0026 10.2291 4.94666 124.987 7.79438 4.64391 3.15047 117.193 85.3835 31.8092 17.7735 5.81919 11.9543 5.28241 1.68687 1.41411 0.606542 0.807571
internal_count=18720 3462 15258 3438 1236 588 15054 906 546 360 14148 10332 3816 2202 714 1488 648 204 174 72 102
is_linear=0
shrinkage=0.01


Tree=8
num_leaves=30
num_cat=0
split_feature=7 7 7 7 7 1 7 7 7 1 1 1 7 7 1 7 7 7 1 7 1 1 7 7 7 7 7 1 1
split_gain=254.864 31.9524 26.7027 25.1165 14.5339 14.46 6.39763 6.29188 5.56039 8.99189 5.03938 4.987 15.4616 20.7729 4.1971 8.86924 6.58001 2.37973 1.90229 1.45299 1.44501 1.15685 2.60563 1.04644 0.0945369 1.95015 0.163844 4.92911e-10 1.42772e-10
threshold=46.350000000000001 17.750000000000004 1.0000000180025095e-35 140.25000000000003 10.65 0.13833333333333339 11.65 133.35000000000005 64.050000000000011 0.12500000000000003 0.13833333333333339 0.14166666666666669 29.550000000000004 22.350000000000005 0.1483333333333334 36.95000000000001 38.250000000000007 34.550000000000004 0.13833333333333339 304.55000000000007 0.16500000000000004 0.12500000000000003 189.15000000000001 300.95000000000005 449.45000000000005 429.95000000000005 1137.5000000000002 0.17166666666666672 0.15833333333333341
decision_type=2 2 2 2 2 2 2 2 2 2 2 2 2 2 2 2 2 2 2 2 2 2 2 2 2 2 2 2 2
left_child=1 2 27 7 5 -4 -6 8 9 -2 -9 12 13 -3 15 -13 -16 -14 -10 21 -12 22 -5 -23 25 -21 -26 28 -1
right_child=3 11 4 19 6 -7 -8 10 18 -11 20 14 17 -15 16 -17 -18 -19 -20 24 -22 23 -24 -25 26 -27 -28 -29 -30
leaf_value=-0.010078346469480099 0.064636217633407961 -0.010084927684130862 0.091533134488983467 0.033284595373221232 0.012599353141101695 0.047066063787587264 0.041596877907979883 0.044235200972430215 -0.0068396021852452343 0.0056472551745731028 0.00091971629454457157 0.048654265652393093 0.0082321037411872532 0.0474575847367023 0.015079308462650527 0.0049277216302071524 0.034920683616062077 -0.010081732002680491 -0.00032439052081096378 -0.010078292787261228 0.020397056604424441 -0.0073504109184766957 -0.01007847696418088 0.005601216316500561 -0.010078286826889495 0.00098889704455281703 -0.0088496989525169174 -0.010077914058963123 -0.010078650307601522
leaf_weight=0.46279890462756412 0.26747379358858125 0.93412315286696257 1.1800172794610246 0.23043160047382372 0.88031139317899931 1.9231055779382584 5.6065534390509129 0.55186673719435875 6.1671229796484139 7.6256636949256063 0.90823378413915612 1.5317623969167464 1.0912632923573258 1.9104046598076818 6.7511736573651415 0.66536445543169964 2.2213587379083037 2.0283231777139008 16.395929192192852 13.442548724822698 0.65603379625827074 29.310819951351736 0.34760497324168682 0.63739455677568813 32.609467615373433 1.8061061101034273 16.270752391777933 0.23013836704194546 0.2322696391493082
leaf_count=60 20 112 76 21 77 153 463 45 759 873 102 154 117 164 684 67 234 253 2012 1744 75 3733 45 74 4231 217 2095 30 30
internal_value=-1.35362e-05 0.0275042 0.0412266 -0.00599367 0.0461763 0.0639755 0.0376617 0.00158053 0.000422023 0.00764621 0.0182542 0.0190826 0.0116995 0.028561 0.0230249 0.0354124 0.0199915 -0.00367536 -0.00210518 -0.00860007 0.00908826 -0.0068043 0.00720801 -0.00707476 -0.00945488 -0.00876745 -0.00966933 -0.0100783 -0.0100784
internal_weight=154.876 27.649 10.5152 127.227 9.58999 3.10312 6.48686 32.5723 30.4562 7.89314 2.11613 17.1338 5.96411 2.84453 11.1697 2.19713 8.97253 3.11959 22.5631 94.6551 1.56427 30.5263 0.578037 29.9482 64.1289 15.2487 48.8802 0.925207 0.695069
internal_count=18720 2674 889 16046 769 229 540 3886 3664 893 222 1785 646 276 1139 221 918 370 2771 12160 177 3873 66 3807 8287 1961 6326 120 90
is_linear=0
shrinkage=0.01


Tree=9
num_leaves=29
num_cat=0
split_feature=7 7 7 7 1 1 1 7 7 1 7 7 7 1 1 7 7 1 7 1 1 7 7 7 7 7 1 1
split_gain=244.49 28.8523 28.3145 24.9341 24.6131 20.7822 6.2733 14.4383 15.7622 7.11413 6.05749 6.04273 5.41691 8.16104 4.60205 3.10637 2.34525 1.88184 1.45948 1.383 1.14099 2.47869 1.03462 0.0952423 1.94542 0.165189 4.77344e-10 1.37995e-10
threshold=46.350000000000001 14.550000000000002 1.0000000180025095e-35 140.25000000000003 0.17833333333333334 0.1516666666666667 0.14166666666666669 29.550000000000004 28.250000000000004 0.17500000000000002 23.350000000000005 133.35000000000005 64.050000000000011 0.12500000000000003 0.13833333333333339 29.550000000000004 34.550000000000004 0.18500000000000003 304.55000000000007 0.17166666666666672 0.12500000000000003 189.15000000000001 300.95000000000005 449.45000000000005 429.95000000000005 1137.5000000000002 0.17166666666666672 0.15833333333333341
decision_type=2 2 2 2 2 2 2 2 2 2 2 2 2 2 2 2 2 2 2 2 2 2 2 2 2 2 2 2
left_child=1 2 26 11 5 -4 7 8 -3 10 -8 12 13 -2 -13 -11 -9 -14 20 -16 21 -5 -22 24 -20 -25 27 -1
right_child=3 6 4 18 -6 -7 9 16 -10 15 -12 14 17 -15 19 -17 -18 -19 23 -21 22 -23 -24 25 -26 -27 -28 -29
leaf_value=-0.010077560841558088 0.060073819024924799 0.019655907043122426 0.056481907873393203 0.031891668169174062 0.11176933407241176 0.019604675999043909 0.037131385164974516 0.0080838987071247086 0.097713357554089733 -0.010108968330545438 0.021762472733524024 0.041935696504256326 -0.0024281576251811532 0.0055596988370677563 0.01352708471896976 0.018992221801228379 -0.010080912349437707 0.022517939308503505 -0.010077507716505858 -0.010087108424578202 -0.0073300096826674167 -0.010077690278674086 0.0055146155145019971 -0.010077501807905705 0.00097805218041197429 -0.0088382484626975538 -0.010077133100462207 -0.010077861039800217
leaf_weight=0.45822951011359858 0.28481726907193916 3.6946623600088091 4.3524179290980101 0.23805162124336021 0.5738487485796212 2.3550662295892835 3.809887442737816 1.1001120945438745 0.27817169670015562 0.78621444385498651 7.845523496158421 0.57617922686040346 22.209897577762607 7.6680827559903264 1.2701715203002093 0.68759112805128098 2.0083034206181765 0.3065711259841909 13.309824622701852 0.30819145031273354 29.09953660750762 0.34417298482730985 0.64091216772794624 32.287499930243939 1.807863039895891 16.129621216095984 0.22786602191627026 0.22997642867267132
leaf_count=60 20 340 309 21 28 204 343 117 22 84 780 45 2740 873 141 74 253 31 1744 36 3733 45 74 4231 217 2095 30 30
internal_value=-1.49171e-05 0.0264953 0.0423195 -0.00596915 0.0489116 0.0435339 0.020077 0.0124908 0.0251214 0.0241687 0.0267862 0.0015618 0.000417354 0.00751201 0.0177464 0.00346794 -0.00365213 -0.00208851 -0.00858684 0.00891617 -0.00678179 0.00708214 -0.00705321 -0.00944831 -0.00875542 -0.00966466 -0.0100775 -0.0100777
internal_weight=154.889 28.4079 8.1974 126.481 7.28133 6.70748 20.2105 7.08125 3.97283 13.1292 11.6554 32.6239 30.4694 7.9529 2.15454 1.47381 3.10842 22.5165 93.8575 1.57836 30.3227 0.582225 29.7404 63.5348 15.1177 48.4171 0.916072 0.688206
internal_count=18720 2674 661 16046 541 513 2013 732 362 1281 1123 3886 3664 893 222 158 370 2771 12160 177 3873 66 3807 8287 1961 6326 120 90
is_linear=0
shrinkage=0.01


Tree=10
num_leaves=29
num_cat=0
split_feature=7 7 7 7 1 1 1 7 7 7 7 1 1 1 7 1 1 7 1 1 7 7 7 7 7 1 1 1
split_gain=234.776 26.0054 24.7526 22.9931 11.5529 10.8242 6.38885 12.0136 14.7078 5.80676 5.27788 7.44312 4.30806 4.2155 3.94046 2.68924 1.88372 1.46595 1.39385 1.12546 2.36151 1.02298 0.0959511 1.94071 0.166542 3.05814e-07 4.64114e-10 1.34476e-10
threshold=46.350000000000001 16.550000000000004 140.25000000000003 1.0000000180025095e-35 0.17833333333333334 0.14500000000000005 0.14166666666666669 34.550000000000004 22.350000000000005 133.35000000000005 64.050000000000011 0.12500000000000003 0.17500000000000002 0.13833333333333339 23.350000000000005 0.18500000000000003 0.13833333333333339 304.55000000000007 0.16500000000000004 0.12500000000000003 189.15000000000001 300.95000000000005 449.45000000000005 429.95000000000005 1137.5000000000002 0.12500000000000003 0.17166666666666672 0.15833333333333341
decision_type=2 2 2 2 2 2 2 2 2 2 2 2 2 2 2 2 2 2 2 2 2 2 2 2 2 2 2 2
left_child=1 3 9 26 5 -5 7 8 -3 10 11 -2 14 -11 -8 -14 -12 19 -15 20 -4 -21 23 -19 -24 -9 27 -1
right_child=2 6 17 4 -6 -7 12 25 -10 13 16 -13 15 18 -16 -17 -18 22 -20 21 -22 -23 24 -25 -26 -27 -28 -29
leaf_value=-0.010076783217565175 0.056088930959352794 -0.010087647134261997 0.030599601978829417 0.04936384213517734 0.079472907472627516 0.027195147750621256 0.034688658422997898 -0.010093539245159766 0.03087900423531198 0.039847243099778829 -0.006809139776346446 0.0054739761712939618 -0.00088388958947757266 0.00076331290536587422 0.021088199274603047 0.038563882617339708 -0.00030229106557686154 -0.010076730611381592 0.019710760856593016 -0.0073095236060705653 -0.010076911205796339 0.0054298205606968554 -0.010076724759190404 0.00096733594599141687 -0.0088267235339377775 -0.010078956267251898 -0.010076359460838962 -0.010077081037268214
leaf_weight=0.45370489731431263 0.30191116314381528 1.2111000218428696 0.2455832520499851 4.8721260055899585 0.78031700477004129 4.0195891689509153 2.9015329889953128 0.15604777168482531 3.1708315890282393 0.60018836800008957 6.1111553609371212 7.7100706025958061 1.0863434281200159 0.92120918352156855 8.0145430183038098 0.20550860837101925 16.359167257323861 13.178401154465972 0.67109318729490042 28.890332123730335 0.34077462088316679 0.64439405873417754 31.968687287531793 1.8096023043617595 15.989875465165822 1.8324320046231148 0.22561595030128956 0.22770566772669554
leaf_count=60 20 141 21 321 35 338 258 17 281 45 759 873 125 102 780 22 2012 1744 75 3733 45 74 4231 217 2095 236 30 30
internal_value=-1.62435e-05 0.02555 -0.0059446 0.0380652 0.0425799 0.0393423 0.0184235 0.0103056 0.0195564 0.00154334 0.000412753 0.00738127 0.0226597 0.017262 0.0247033 0.00539149 -0.00207193 -0.00857352 0.00874892 -0.00675921 0.00695956 -0.00703157 -0.0094417 -0.00874331 -0.00965996 -0.0100801 -0.0100768 -0.0100769
internal_weight=154.9 29.1574 125.742 10.5791 9.67203 8.89172 18.5783 6.37041 4.38193 32.6748 30.4823 8.01198 12.2079 2.19249 10.9161 1.29185 22.4703 93.0677 1.5923 30.1211 0.586358 29.5347 62.9466 14.988 47.9586 1.98848 0.907027 0.681411
internal_count=18720 2674 16046 814 694 659 1860 675 422 3886 3664 893 1185 222 1038 147 2771 12160 177 3873 66 3807 8287 1961 6326 253 120 90
is_linear=0
shrinkage=0.01


Tree=11
num_leaves=29
num_cat=0
split_feature=7 7 7 7 1 1 7 1 7 7 1 7 1 7 1 7 7 1 7 1 1 7 7 7 7 7 1 1
split_gain=225.682 24.5722 23.7163 23.4756 17.0277 16.5812 5.58297 5.44539 13.1439 14.2554 6.29048 5.1431 6.81745 4.97246 3.8723 3.0194 2.20906 1.86311 1.47239 1.34561 1.11025 2.25306 1.01151 0.0966633 1.936 0.167905 4.50632e-10 1.29975e-10
threshold=46.350000000000001 140.25000000000003 14.550000000000002 1.0000000180025095e-35 0.17833333333333334 0.1516666666666667 133.35000000000005 0.14166666666666669 29.550000000000004 22.350000000000005 0.17500000000000002 64.050000000000011 0.12500000000000003 23.350000000000005 0.13833333333333339 29.550000000000004 34.550000000000004 0.13833333333333339 304.55000000000007 0.17166666666666672 0.12500000000000003 189.15000000000001 300.95000000000005 449.45000000000005 429.95000000000005 1137.5000000000002 0.17166666666666672 0.15833333333333341
decision_type=2 2 2 2 2 2 2 2 2 2 2 2 2 2 2 2 2 2 2 2 2 2 2 2 2 2 2 2
left_child=2 6 3 26 5 -5 11 8 9 -4 13 12 -2 -9 -8 -12 -10 -13 20 -16 21 -3 -22 24 -20 -25 27 -1
right_child=1 18 7 4 -6 -7 14 10 16 -11 15 17 -14 -15 19 -17 -18 -19 23 -21 22 -23 -24 25 -26 -27 -28 -29
leaf_value=-0.01007601352843193 0.052577490560828249 0.029397809888721319 0.0046105222425776088 0.050171746657148207 0.091382690146771778 0.01827184284490951 0.037941910667709265 0.033959744117067085 0.007398582374886024 0.041631248410067975 -0.010113276753714696 -0.0067865865456871542 0.0053900341126323871 0.020448577723688272 0.013072646950337085 0.018330298049845591 -0.01007929754145858 -0.0002993576666047647 -0.010075960921237845 -0.010087950247935181 -0.0072889529113298462 -0.010076139841772634 0.0053467812229085815 -0.010075955532707088 0.00095674809615211014 -0.0088151236802645992 -0.010075593670192782 -0.010076307778208329
leaf_weight=0.44922460243106055 0.31876474805176425 0.25302799697965639 2.0374959618784514 4.8064483981579542 0.68869287520647038 2.4651360167190433 0.6239010458812112 4.0832740589976302 1.1429573381319644 2.1248901356011629 0.79485521186143049 6.0703539028763798 7.7516312329098582 8.1817227099090797 1.2949855737388132 0.70354465395212173 1.9688501860946415 16.354303922504187 13.04826511396095 0.31111973896622647 28.683186493348334 0.3374095493927598 0.64784054178744455 31.652997731231153 1.8113241335377086 15.851500892080365 0.22338792309165001 0.22545716911554337
leaf_count=60 20 21 198 309 28 204 45 343 117 164 84 759 873 780 141 74 253 2012 1744 36 3733 45 74 4231 217 2095 30 30
internal_value=-1.73794e-05 -0.00592002 0.0246646 0.0383905 0.0438584 0.0393574 0.00152516 0.0188851 0.0118869 0.0235095 0.0225838 0.000408218 0.00725385 0.0249467 0.0167992 0.00324185 -0.00365973 -0.00205545 -0.00856012 0.00858619 -0.00673656 0.00684015 -0.00700986 -0.00943504 -0.00873112 -0.00965524 -0.010076 -0.0100761
internal_weight=154.907 125.011 29.8959 8.85835 7.96028 7.27158 32.7251 21.0376 7.27419 4.16239 13.7634 30.4951 8.0704 12.265 2.23001 1.4984 3.11181 22.4247 92.2856 1.60611 29.9215 0.590438 29.331 62.3641 14.8596 47.5045 0.89807 0.674682
internal_count=18720 16046 2674 661 541 513 3886 2013 732 362 1281 3664 893 1123 222 158 370 2771 12160 177 3873 66 3807 8287 1961 6326 120 90
is_linear=0
shrinkage=0.01


Tree=12
num_leaves=30
num_cat=0
split_feature=7 7 7 7 7 1 7 7 7 1 1 7 7 1 1 7 7 7 1 7 1 1 7 7 7 7 7 1 1
split_gain=217.123 24.3927 21.7242 18.8034 9.85058 8.98532 5.37058 5.29537 5.01241 6.26806 3.75194 12.627 16.2418 3.56625 3.37466 7.179 5.74634 2.17881 1.84265 1.4788 1.34578 1.09533 2.15243 1.00021 0.0973786 1.93131 0.169278 4.36343e-10 1.266e-10
threshold=46.350000000000001 140.25000000000003 17.750000000000004 1.0000000180025095e-35 10.65 0.13833333333333339 133.35000000000005 11.65 64.050000000000011 0.12500000000000003 0.14166666666666669 29.550000000000004 22.350000000000005 0.13833333333333339 0.1483333333333334 36.95000000000001 38.250000000000007 34.550000000000004 0.13833333333333339 304.55000000000007 0.16500000000000004 0.12500000000000003 189.15000000000001 300.95000000000005 449.45000000000005 429.95000000000005 1137.5000000000002 0.17166666666666672 0.15833333333333341
decision_type=2 2 2 2 2 2 2 2 2 2 2 2 2 2 2 2 2 2 2 2 2 2 2 2 2 2 2 2 2
left_child=2 6 3 27 5 -5 8 -6 9 -2 11 12 -4 -8 15 -12 -16 -13 -10 21 -15 22 -3 -23 25 -21 -26 28 -1
right_child=1 19 10 4 7 -7 13 -9 18 -11 14 17 -14 20 16 -17 -18 -19 -20 24 -22 23 -24 -25 26 -27 -28 -29 -30
leaf_value=-0.010075251055765136 0.049459185403627606 0.028277137828286631 -0.010085276402495111 0.069893021052415266 0.0097289279936265977 0.038334955800881081 0.036196519165946628 0.034374362235992571 -0.0067639631298566814 0.0053078225153503191 0.041661931260869131 0.0072714059933018825 0.039571265535604298 0.00061559186972540278 0.013145287990870863 0.0039492884962619374 0.030866956498308128 -0.010078502015546416 -0.00029645151511913077 -0.010075199935220786 0.019063108838129127 -0.0072682982728392359 -0.010075376639233647 0.0052654453197843809 -0.010075193793080604 0.00094628576680586744 -0.0088034484607756158 -0.010074836140214354 -0.010075542904549338
leaf_weight=0.44478822313249367 0.33538600429892707 0.26038729771971958 0.93789035221562089 1.4981584437191471 1.0065484456717966 2.2681367993354797 0.64732359256595318 6.5128885116428137 6.0299540264531997 7.792769281193614 1.7382001867517822 1.1512758554890754 2.2126928241923451 0.93380636163055875 7.3099554628133756 0.71133370418101538 2.4405984478071332 1.9494128683581946 16.349489633925259 12.919403957203029 0.68594981171190739 28.478079191874716 0.33407744811847806 0.6512520108371963 31.340402451343834 1.8130287723615754 15.714485196862368 0.2211817279458046 0.22323069535195827
leaf_count=60 20 21 112 76 77 153 45 463 759 873 154 117 164 102 684 67 234 253 2012 1744 75 3733 45 74 4231 217 2095 30 30
internal_value=-1.8515e-05 -0.00589539 0.0238307 0.0341989 0.0376873 0.0508881 0.00150724 0.0310753 0.000403747 0.00712961 0.0169893 0.0106897 0.0247891 0.0163567 0.0202172 0.0307103 0.0175811 -0.00363654 -0.00203907 -0.00854665 0.00842792 -0.00671385 0.00672378 -0.00698808 -0.00942835 -0.00871885 -0.00965048 -0.0100752 -0.0100753
internal_weight=154.912 124.286 30.6263 12.1749 11.2857 3.7663 32.7747 7.51944 30.5076 8.12816 18.4514 6.25127 3.15058 2.26708 12.2001 2.44953 9.75055 3.10069 22.3794 91.5111 1.61976 29.7238 0.594465 29.1293 61.7873 14.7324 47.0549 0.889201 0.668019
internal_count=18720 16046 2674 889 769 229 3886 540 3664 893 1785 646 276 222 1139 221 918 370 2771 12160 177 3873 66 3807 8287 1961 6326 120 90
is_linear=0
shrinkage=0.01


Tree=13
num_leaves=30
num_cat=0
split_feature=7 7 7 7 7 1 7 7 1 7 1 7 7 1 1 7 7 7 1 7 1 1 7 7 7 7 7 1 1
split_gain=209.063 24.214 19.7842 17.3561 8.58691 7.54044 5.16877 4.88564 5.78246 4.82158 3.50891 11.9911 15.0982 3.29231 3.08851 6.52585 5.29788 2.1492 1.82234 1.48518 1.31011 1.08071 2.05883 0.989076 0.0980973 1.92664 0.17066 4.232e-10 1.22377e-10
threshold=46.350000000000001 140.25000000000003 17.750000000000004 1.0000000180025095e-35 10.65 0.13833333333333339 133.35000000000005 64.050000000000011 0.12500000000000003 11.65 0.14166666666666669 29.550000000000004 22.350000000000005 0.13833333333333339 0.1483333333333334 36.95000000000001 38.250000000000007 34.550000000000004 0.13833333333333339 304.55000000000007 0.17166666666666672 0.12500000000000003 189.15000000000001 300.95000000000005 449.45000000000005 429.95000000000005 1137.5000000000002 0.17166666666666672 0.15833333333333341
decision_type=2 2 2 2 2 2 2 2 2 2 2 2 2 2 2 2 2 2 2 2 2 2 2 2 2 2 2 2 2
left_child=2 6 3 27 5 -5 7 8 -2 -6 11 12 -4 -8 15 -12 -16 -13 -9 21 -15 22 -3 -23 25 -21 -26 28 -1
right_child=1 19 10 4 9 -7 13 18 -10 -11 14 17 -14 20 16 -17 -18 -19 -20 24 -22 23 -24 -25 26 -27 -28 -29 -30
leaf_value=-0.010074496827962711 0.046670990151594038 0.027229635624052794 -0.010084420552376462 0.064688728621555613 0.0095405208034628243 0.036563058680833337 0.034591657553945686 -0.0067412690925033845 0.0052272909378233848 0.032909680386670075 0.039592535347229715 0.0071473187112887446 0.037690714404450168 0.012642164635074036 0.01284676572181884 0.0038946411095623907 0.029644483688904079 -0.010077715056975564 -0.00029357307791547793 -0.01007444582842687 -0.01008874356977083 -0.0072475598643551645 -0.010074620876320784 0.0051857660925275642 -0.01007444017156448 0.00093594746017338303 -0.0087916973073991541 -0.010074086014625607 -0.010074785195748811
leaf_weight=0.44039531797170894 0.35178202204406428 0.26766252424568193 0.92863660166040363 1.6019456461071953 1.0161129534244535 2.3538268618285656 0.67046189960092251 5.9899519626051214 7.8334896666929126 6.7335779974237084 1.8103834651410573 1.1595091633498671 2.2994102407246828 1.3193976916372774 7.4045366607606393 0.71408768370747555 2.5154432896524668 1.9301658491604028 16.344722359441221 12.791806217283009 0.31387530080974091 28.274990892037753 0.33077800553292036 0.65462878625839849 31.030869275797158 1.8147162804380048 15.57881492609158 0.21899715531617403 0.22102604806423187
leaf_count=60 20 21 112 76 77 153 45 759 873 463 154 117 164 141 684 67 234 253 2012 1744 36 3733 45 74 4231 217 2095 30 30
internal_value=-1.95616e-05 -0.00587074 0.0230446 0.0327443 0.0359648 0.0479529 0.00148958 0.000399335 0.00700844 0.0298456 0.016538 0.0104685 0.0239469 0.0159332 0.0196194 0.0294948 0.0171062 -0.00361342 -0.00202279 -0.00853309 0.00827384 -0.00669106 0.00661033 -0.00696621 -0.0094216 -0.00870651 -0.0096457 -0.0100745 -0.0100746
internal_weight=154.916 123.568 31.3481 12.5859 11.7055 3.95577 32.8237 30.5199 8.18527 7.74969 18.7622 6.31772 3.22805 2.30373 12.4445 2.52447 9.91998 3.08968 22.3347 90.7443 1.63327 29.5281 0.598441 28.9296 61.2162 14.6065 46.6097 0.880419 0.661421
internal_count=18720 16046 2674 889 769 229 3886 3664 893 540 1785 646 276 222 1139 221 918 370 2771 12160 177 3873 66 3807 8287 1961 6326 120 90
is_linear=0
shrinkage=0.01


Tree=14
num_leaves=29
num_cat=0
split_feature=7 7 7 7 1 1 7 7 1 1 7 1 1 1 1 7 1 7 1 1 7 7 7 7 7 1 1 1
split_gain=201.463 24.0363 18.2273 18.2975 13.6239 12.7974 4.97688 4.76266 5.35073 4.50599 11.3882 10.8851 5.54178 4.23403 3.04618 2.81646 1.80571 1.49153 1.30054 1.06636 1.97158 0.978102 0.0988194 1.92197 0.172051 2.71134e-07 4.11187e-10 1.18937e-10
threshold=46.350000000000001 140.25000000000003 14.550000000000002 1.0000000180025095e-35 0.17833333333333334 0.1516666666666667 133.35000000000005 64.050000000000011 0.12500000000000003 0.14166666666666669 34.550000000000004 0.13500000000000004 0.17500000000000002 0.16500000000000004 0.13833333333333339 29.550000000000004 0.18500000000000003 304.55000000000007 0.16500000000000004 0.12500000000000003 189.15000000000001 300.95000000000005 449.45000000000005 429.95000000000005 1137.5000000000002 0.12500000000000003 0.17166666666666672 0.15833333333333341
decision_type=2 2 2 2 2 2 2 2 2 2 2 2 2 2 2 2 2 2 2 2 2 2 2 2 2 2 2 2
left_child=2 6 3 26 5 -5 7 8 -2 10 11 -4 13 -11 -8 -14 -9 19 -16 20 -3 -21 23 -19 -24 -12 27 -1
right_child=1 17 9 4 -6 -7 14 16 -10 12 25 -13 15 -15 18 -17 -18 22 -20 21 -22 -23 24 -25 -26 -27 -28 -29
leaf_value=-0.010073750237334343 0.044162754934420477 0.026248364662400964 0.031902214975857414 0.042811890703835148 0.077334689892744501 0.016100144062076448 0.033110947065098997 -0.0023462881652438878 0.0051483932286629976 0.018794811082258913 -0.010089842108381448 0.0041553974002455476 -0.010118302081775192 0.031024681668541661 0.00047591565404457283 0.01678302317140366 0.02184124558376371 -0.010073699284325116 0.018450987687983686 -0.0072267382929585211 -0.010073873204302036 0.0051076963369650783 -0.010073694159503661 0.00092573110690426631 -0.0087798698926230632 -0.010075836247762345 -0.010073343295204184 -0.010074035936693119
leaf_weight=0.43604546785354514 0.36795910261571574 0.27485500369221227 2.8544304026290801 5.4715684177353943 0.79873884283006269 2.668182616122067 0.69332152418792192 21.977303165011111 7.8737958082929254 8.9920847276225668 0.14998958818614472 2.8015015618875623 0.81620910111814626 4.1314189871773115 0.94603568781167247 0.7438820218667388 0.31304450705647369 12.665459216106681 0.70060599595308304 28.073901135940108 0.32751090079545975 0.65797129552811284 30.724371203687042 1.816386830061673 15.444476783275602 1.7611178541555998 0.21683400124311447 0.21884300373494625
leaf_count=60 20 21 232 309 28 204 45 2740 873 778 17 247 84 345 102 74 31 1744 75 3733 45 74 4231 217 2095 236 30 30
internal_value=-2.05341e-05 -0.00584605 0.0223028 0.0336583 0.0379232 0.0340559 0.00147217 0.000394984 0.00689022 0.0172962 0.0110275 0.0181586 0.0205267 0.0226449 0.0155274 0.00270878 -0.0020066 -0.00851945 0.00812387 -0.00666821 0.00649969 -0.00694427 -0.00941481 -0.00869409 -0.00964088 -0.0100769 -0.0100737 -0.0100738
internal_weight=154.918 122.857 32.0608 9.81021 8.93849 8.13975 32.8721 30.5321 8.24175 22.2506 7.56704 5.65593 14.6836 13.1235 2.33996 1.56009 22.2903 89.9849 1.64664 29.3342 0.602366 28.7319 60.6507 14.4818 46.1688 1.91111 0.871722 0.654888
internal_count=18720 16046 2674 661 541 513 3886 3664 893 2013 732 479 1281 1123 222 158 2771 12160 177 3873 66 3807 8287 1961 6326 253 120 90
is_linear=0
shrinkage=0.01


Tree=15
num_leaves=30
num_cat=0
split_feature=7 7 7 7 7 1 7 7 1 7 1 7 7 1 1 7 7 7 1 7 1 1 7 7 7 7 7 1 1
split_gain=194.283 23.8595 16.7308 14.9698 6.99683 5.95544 4.79425 4.6433 4.96486 4.33829 3.03683 10.9913 13.7786 2.82434 2.81649 5.84448 4.84284 2.06299 1.80402 1.49785 1.27637 1.05229 1.89008 0.967285 0.0995444 1.91731 0.173452 3.98754e-10 1.15204e-10
threshold=46.350000000000001 140.25000000000003 17.750000000000004 1.0000000180025095e-35 10.65 0.13833333333333339 133.35000000000005 64.050000000000011 0.12500000000000003 11.65 0.14166666666666669 29.550000000000004 22.350000000000005 0.13833333333333339 0.1483333333333334 36.95000000000001 44.95000000000001 34.550000000000004 0.13833333333333339 304.55000000000007 0.17166666666666672 0.12500000000000003 189.15000000000001 300.95000000000005 449.45000000000005 429.95000000000005 1137.5000000000002 0.17166666666666672 0.15833333333333341
decision_type=2 2 2 2 2 2 2 2 2 2 2 2 2 2 2 2 2 2 2 2 2 2 2 2 2 2 2 2 2
left_child=2 6 3 27 5 -5 7 8 -2 -6 11 12 -4 -8 15 -12 -16 -13 -9 21 -15 22 -3 -23 25 -21 -26 28 -1
right_child=1 19 10 4 9 -7 13 18 -10 -11 14 17 -14 20 16 -17 -18 -19 -20 24 -22 23 -24 -25 26 -27 -28 -29 -30
leaf_value=-0.010073011291237142 0.041894048812497746 0.025327238573939315 -0.010084924047629213 0.057358096670045634 0.0087045988768516894 0.033447281669584508 0.031740473583378066 -0.0067105473691764532 0.005071083642141554 0.030375748505443615 0.036833036608290189 0.0067393480302503075 0.03509757908615968 0.012233843813756638 0.01447849886731333 0.0035847613792249588 0.04517281857659769 -0.010076164330294972 -0.00027246715144792639 -0.0100729609299131 -0.010089489079169695 -0.0072058336214931634 -0.010073132579961544 0.0050311921243902389 -0.010072955193150677 0.00091563596416148355 -0.0087679654958269272 -0.010072608498973422 -0.010073293870656279
leaf_weight=0.43173825368285079 0.383922919631006 0.28196599707007663 0.93439065339044036 1.7750622238963831 1.0607457859441618 2.5211301799863577 0.7159076184034342 5.936619151383641 7.9136928245425224 7.1525226188823581 1.9164846111088985 1.1874163541942837 2.4307105941697955 1.3434141855686901 9.7582187298685277 0.73011299967765797 0.54260764829814512 1.8922356963157652 16.309823709540069 12.540350547991691 0.31646425276994694 27.874791773501787 0.32427583169192076 0.66127983387559552 30.420878819655627 1.8180407220497716 15.31145798275247 0.21469205617904663 0.21668135840445757
leaf_count=60 20 21 112 76 77 153 45 759 873 463 154 117 164 141 870 67 48 253 2012 1744 36 3733 45 74 4231 217 2095 30 30
internal_value=-2.14548e-05 -0.00582133 0.0216015 0.0302067 0.0329859 0.0433265 0.00145501 0.000390689 0.00677485 0.0275769 0.0156675 0.0100585 0.0225517 0.0151383 0.0184595 0.0276609 0.0160954 -0.00359264 -0.00199051 -0.00850572 0.00797779 -0.00664529 0.00639175 -0.00692226 -0.00940798 -0.0086816 -0.00963604 -0.010073 -0.0100731
internal_weight=154.918 122.153 32.7647 13.3726 12.5095 4.29619 32.9198 30.5441 8.29762 8.21327 19.3922 6.44475 3.3651 2.37579 12.9474 2.6466 10.3008 3.07965 22.2464 89.233 1.65988 29.1423 0.606242 28.5361 60.0907 14.3584 45.7323 0.863112 0.64842
internal_count=18720 16046 2674 889 769 229 3886 3664 893 540 1785 646 276 222 1139 221 918 370 2771 12160 177 3873 66 3807 8287 1961 6326 120 90
is_linear=0
shrinkage=0.01


Tree=16
num_leaves=30
num_cat=0
split_feature=7 7 7 7 1 7 7 1 1 1 7 1 7 1 1 7 7 1 7 7 1 7 7 7 7 7 7 1 1
split_gain=188.078 23.8698 13.9384 13.8048 6.77385 5.36175 4.54557 6.1581 10.2793 5.72229 6.08669 3.39769 2.82651 2.55674 3.94714 4.07067 2.23659 2.1599 2.50127 1.06928 1.44877 2.97947 1.02439 0.100273 1.91266 0.174862 1.8811e-07 3.87575e-10 1.11818e-10
threshold=62.850000000000001 17.750000000000004 1.0000000180025095e-35 154.05000000000004 0.17833333333333334 7.8500000000000005 35.750000000000007 0.12833333333333338 0.12500000000000003 0.14166666666666669 56.95000000000001 0.14500000000000005 33.250000000000007 0.17166666666666672 0.16500000000000004 78.450000000000017 122.65000000000002 0.18500000000000003 107.95000000000002 304.55000000000007 0.12500000000000003 195.45000000000002 300.95000000000005 449.45000000000005 429.95000000000005 1137.5000000000002 140.25000000000003 0.17166666666666672 0.15833333333333341
decision_type=2 2 2 2 2 2 2 2 2 2 2 2 2 2 2 2 2 2 2 2 2 2 2 2 2 2 2 2 2
left_child=1 2 27 13 5 -4 7 8 -3 10 -8 -11 -9 14 16 -16 -2 26 -19 20 21 -5 -22 24 -21 -25 -15 28 -1
right_child=3 6 4 19 -6 -7 9 12 -10 11 -12 -13 -14 17 15 -17 -18 18 -20 23 22 -23 -24 25 -26 -27 -28 -29 -30
leaf_value=-0.010072279724619262 -0.003174369455875656 -0.010174301269992855 0.048043754045447536 0.039723007924056038 0.055880825556227462 0.027031302601154272 -0.0070944361852643689 0.013334659459714687 0.061785254502935379 0.030843269476435085 0.02166252697285238 0.011145757322778319 0.027585242321872049 -0.010082644405897534 -0.010083643851067168 0.016476004909122616 0.0039148673037795942 0.038880828662016587 -0.010096265644813423 -0.010072229580068129 -0.007626622171343818 -0.010072411741979115 0.0049562101826307473 -0.010072224474297507 0.0009056594834936716 -0.0087559840662852269 -0.010075147936258314 -0.01007188057711181 -0.010072559506090435
leaf_weight=0.42747327871620555 14.478142814710745 0.27788483491167681 1.3734898371621955 0.20057193795219319 1.0573641536757339 10.482690275646744 3.3379604970104984 11.083768235519527 0.69497985485941172 0.97668173909187217 0.9442355865612625 8.4706677980720979 1.591701672412454 3.5002883411943908 0.73883303999900762 2.6354844733141363 6.4252866501919916 0.20414339751005162 0.21314455987885594 12.41646900679916 24.503387231845412 0.29971679300069809 0.66455481108277936 30.120360529981554 1.8196779377758492 15.179746169131247 0.37012903299182642 0.21257111616432667 0.21454090811312199
leaf_count=60 1811 19 75 16 36 658 403 950 53 90 98 841 151 431 90 320 757 20 23 1744 3305 42 74 4231 217 2095 50 30 30
internal_value=-2.23089e-05 0.0182996 0.02904 -0.0066486 0.0316284 0.0294655 0.0128983 0.0169851 0.041231 0.00883566 -0.00075345 0.0131821 0.0151242 -0.000632536 0.000624741 0.0106606 -0.000995283 -0.00775146 0.013864 -0.00866553 -0.00695942 0.00989119 -0.00729437 -0.0094011 -0.00866903 -0.00963116 -0.0100819 -0.0100723 -0.0100724
internal_weight=154.916 41.146 13.7681 113.77 12.9135 11.8562 27.3779 13.6483 0.972865 13.7295 4.2822 9.44735 12.6755 28.5655 24.2777 3.37432 20.9034 4.28771 0.417288 85.2045 25.6682 0.500289 25.1679 59.5363 14.2361 45.3001 3.87042 0.854585 0.642014
internal_count=18720 3494 889 15226 769 733 2605 1173 72 1432 501 931 1101 3502 2978 410 2568 524 43 11724 3437 58 3379 8287 1961 6326 481 120 90
is_linear=0
shrinkage=0.01


Tree=17
num_leaves=21
num_cat=0
split_feature=1 0 0 0 0 0 0 1 1 0 0 1 1 0 0 0 1 1 1 0
split_gain=3.36039 3.58771 1.95384 1.69713 2.75201 2.73209 2.55417 2.07269 1.71616 1.66299 4.79889 2.5917 1.44224 3.55347 1.38526 0.556179 3.02619e-06 9.05697e-07 3.07507e-07 2.57127e-08
threshold=0.17166666666666672 65.610000000000014 15.820000000000002 71.163333333333341 70.125000000000014 76.315000000000012 77.928333333333356 0.14166666666666669 0.12833333333333338 46.491666666666681 46.728333333333339 0.17833333333333334 0.17500000000000002 36.431666666666679 69.785000000000011 34.831666666666678 0.14500000000000005 0.15833333333333341 0.15500000000000005 13.535000000000002
decision_type=2 2 2 2 2 2 2 2 2 2 2 2 2 2 2 2 2 2 2 2
left_child=2 9 16 4 14 7 -7 -5 -6 12 -11 -12 13 -2 -4 -14 -1 18 -18 -19
right_child=1 -3 3 5 8 6 -8 -9 -10 10 11 -13 15 -15 -16 -17 17 19 -20 -21
leaf_value=-0.010119002494768586 0.0058124715480102765 0.03833508364281208 0.001110525181001634 -0.008606920201614552 0.040264376507635757 0.013401876910808025 -0.0015313306299809136 0.0021405488777092667 0.0094605390041765779 0.055272819042150298 -0.0061633558253167599 0.0039869623813568325 -0.01008404432098556 -0.010081161336401001 -0.010089163102108775 -0.0056042135556227737 -0.010083826119682823 -0.010075325294980656 -0.010098335540255972 -0.010079610134077722
leaf_weight=0.29467782424762745 3.1445394954644241 0.20649446360766788 108.00295556569472 6.6916154129430634 0.19840865768492166 1.7017094185575832 3.5033456343226135 2.4519069148227572 2.0451027122326195 0.15299334656447072 5.1004063445143384 4.9634809070266783 4.7312267152592522 2.5454152449965477 1.1157894516363729 6.6901695034466684 0.2387493662536142 0.57303450861945748 0.37627503043040633 0.18534685997292399
leaf_count=30 384 24 12972 780 18 198 420 288 240 18 642 576 624 330 138 864 30 78 42 24
internal_value=-2.30863e-05 -0.00319089 0.000661679 0.000804344 0.00122141 -0.00243261 0.00335084 -0.0057249 0.0121847 -0.00350466 -0.000312232 -0.00115725 -0.00541081 -0.00129758 0.000996003 -0.00745995 -0.0100899 -0.0100837 -0.0100927 -0.0100764
internal_weight=154.914 27.5347 127.379 125.711 111.362 14.3486 5.20506 9.14352 2.24351 27.3282 10.2169 10.0639 17.1114 5.68995 109.119 11.4214 1.66808 1.37341 0.615024 0.758381
internal_count=18720 3462 15258 15054 13368 1686 618 1068 258 3438 1236 1218 2202 714 13110 1488 204 174 72 102
is_linear=0
shrinkage=0.01


Tree=18
num_leaves=30
num_cat=0
split_feature=7 7 7 7 1 7 7 1 1 1 7 7 7 1 1 7 7 1 7 7 1 7 7 7 7 7 7 1 1
split_gain=182.091 22.075 13.7405 12.9998 5.97207 4.73284 4.27951 5.56853 9.19438 5.4947 5.87263 3.20279 2.61887 2.51041 3.82314 3.91966 2.19111 2.12068 2.34343 1.07393 1.4241 2.80576 1.01329 0.100955 1.90747 0.176527 1.71416e-07 1.13089e-09 1.0902e-10
threshold=62.850000000000001 17.750000000000004 154.05000000000004 1.0000000180025095e-35 0.17833333333333334 7.8500000000000005 35.750000000000007 0.12833333333333338 0.12500000000000003 0.14166666666666669 56.95000000000001 61.150000000000013 33.250000000000007 0.17166666666666672 0.16500000000000004 78.450000000000017 122.65000000000002 0.18500000000000003 107.95000000000002 304.55000000000007 0.12500000000000003 195.45000000000002 300.95000000000005 449.45000000000005 429.95000000000005 1137.5000000000002 140.25000000000003 0.17166666666666672 0.15833333333333341
decision_type=2 2 2 2 2 2 2 2 2 2 2 2 2 2 2 2 2 2 2 2 2 2 2 2 2 2 2 2 2
left_child=1 3 13 27 5 -5 7 8 -3 10 -8 -11 -9 14 16 -16 -2 26 -19 20 21 -4 -22 24 -21 -25 -15 28 -1
right_child=2 6 19 4 -6 -7 9 12 -10 11 -12 -13 -14 17 15 -17 -18 18 -20 23 22 -23 -24 25 -26 -27 -28 -29 -30
leaf_value=-0.010071634559456097 -0.0031565927189023714 -0.010172881713906441 0.03777547183724924 0.045360060468728723 0.052523104861389766 0.026053667849213619 -0.007073988718333285 0.013018256290292079 0.057449842038709883 0.011678725115759856 0.020944798833976784 0.040844326132321598 0.026560167744172029 -0.010081510600304011 -0.010082877434909402 0.016023673109931771 0.0038521140387897741 0.036941127889619362 -0.010095518149171446 -0.01007150085672315 -0.0076074457376098404 -0.010071725893054793 0.0048759617870928083 -0.010071488035310598 0.00089318951063439996 -0.0087424836529463989 -0.010074313559550701 -0.010070880440716084 -0.010071912041158419
leaf_weight=0.42371374927461047 14.441406963858762 0.27615810884163028 0.20870079752058046 1.4395681908354152 1.1135313007980574 10.764155459590254 3.3159153871238223 11.234474951401351 0.7394299479201436 9.1804181616753304 0.96597539354115713 0.39262117911130268 1.6360542168840755 3.4526536930352445 0.73216817062348072 2.680992451030761 6.4540222962386897 0.21254020463675249 0.21114575117826462 12.292376247234641 24.318617909681056 0.29691752139478922 0.66809553373604913 29.816074006725103 1.8217276586219657 15.033829922787843 0.3660174929536878 0.20964324474334717 0.21265411097556353
leaf_count=60 1811 19 16 75 36 658 403 950 53 889 98 42 151 431 90 320 757 20 23 1744 3305 42 74 4231 217 2095 50 30 30
internal_value=-2.29777e-05 0.0177814 -0.00662501 0.0279392 0.0303539 0.0283311 0.0125952 0.0165185 0.0390619 0.00866315 -0.000753076 0.0128749 0.0147397 -0.000627738 0.000611018 0.0104235 -0.000991796 -0.00772577 0.0135002 -0.00865243 -0.00693745 0.00967785 -0.00727366 -0.00939388 -0.00865627 -0.009626 -0.0100808 -0.0100715 -0.0100717
internal_weight=154.912 41.9043 113.007 14.1633 13.3173 12.2037 27.741 13.8861 1.01559 13.8549 4.28189 9.57304 12.8705 28.5509 24.3086 3.41316 20.8954 4.24236 0.423686 84.4563 25.4923 0.505618 24.9867 58.964 14.1141 44.8499 3.81867 0.846011 0.636368
internal_count=18720 3494 15226 889 769 733 2605 1173 72 1432 501 931 1101 3502 2978 410 2568 524 43 11724 3437 58 3379 8287 1961 6326 481 120 90
is_linear=0
shrinkage=0.01


Tree=19
num_leaves=31
num_cat=0
split_feature=7 7 7 7 7 1 7 1 7 1 7 7 1 1 1 7 7 7 1 7 7 1 7 7 7 7 7 7 1 1
split_gain=176.531 20.4509 13.6804 12.1637 5.4482 5.00411 4.04121 5.27659 5.68213 5.088 4.83208 3.76057 3.13432 2.47953 3.70939 3.78053 2.43211 2.14814 2.08689 2.20755 1.07888 1.4016 2.65136 1.00302 0.10169 1.90285 0.177958 1.66309e-07 1.09766e-09 1.06011e-10
threshold=62.850000000000001 17.750000000000004 154.05000000000004 1.0000000180025095e-35 10.65 0.13833333333333339 35.750000000000007 0.14166666666666669 56.95000000000001 0.12833333333333338 28.250000000000004 11.65 0.15833333333333341 0.17166666666666672 0.16500000000000004 78.450000000000017 33.250000000000007 122.65000000000002 0.18500000000000003 107.95000000000002 304.55000000000007 0.12500000000000003 195.45000000000002 300.95000000000005 449.45000000000005 429.95000000000005 1137.5000000000002 140.25000000000003 0.17166666666666672 0.15833333333333341
decision_type=2 2 2 2 2 2 2 2 2 2 2 2 2 2 2 2 2 2 2 2 2 2 2 2 2 2 2 2 2 2
left_child=1 3 13 28 5 -5 9 8 -8 10 -3 -6 -9 14 17 -16 -11 -2 27 -20 21 22 -4 -23 25 -22 -26 -15 29 -1
right_child=2 6 20 4 11 -7 7 12 -10 16 -12 -13 -14 18 15 -17 -18 -19 19 -21 24 23 -24 -25 26 -27 -28 -29 -30 -31
leaf_value=-0.010070916446376128 -0.0031347970693725224 0.020429832261646422 0.036042865479944182 0.049885746665091574 0.0075234945165576095 0.029150989759967369 -0.0070523288620729617 0.019244077111850191 0.020312946520481177 0.012724669565208981 0.064501681207968814 0.027037599728172927 0.0077299822020364829 -0.010080692988714836 -0.010082046295682058 0.015614326402542967 0.025617440735991842 0.0037991272776727574 0.035267405153074589 -0.010094559179870987 -0.010070784074657115 -0.0075883179953078056 -0.01007100749840974 0.0048040335747724259 -0.010070771733578669 0.00088347758681536521 -0.0087303374679072714 -0.010073568687901293 -0.010070169874083799 -0.010071191433216898
leaf_weight=0.41952747479081054 14.396623237058529 0.65329399798065668 0.21650520805269735 1.9945790991187085 1.1308969175443033 2.7948887785896659 3.2929538162425152 4.0880958242341858 0.9859599582850932 11.378009841777383 0.40177664812654257 7.7906618993729353 5.6065294370055199 3.4185750316828485 0.72494243923574631 2.7235470609739423 1.6790765933692444 6.4784729736857107 0.22035997919738282 0.20906457491219044 12.170926639810203 24.137030084151778 0.29398401267826557 0.67130130715668102 29.52148840483278 1.8233279464766372 14.90484534204006 0.36240221746265877 0.20757182780653238 0.21055315621197224
leaf_count=60 1811 44 16 76 77 153 403 386 98 950 28 463 545 431 90 320 151 757 20 23 1744 3305 42 74 4231 217 2095 50 30 30
internal_value=-2.37041e-05 0.0172997 -0.00660203 0.0269226 0.0291826 0.037786 0.0123149 0.00850284 -0.000746741 0.0160895 0.0372126 0.024564 0.0125853 -0.000622124 0.000604331 0.0102124 0.0143826 -0.000982891 -0.00770738 0.013183 -0.00863966 -0.00691548 0.00948649 -0.00725299 -0.0093869 -0.00864354 -0.00962106 -0.01008 -0.0100708 -0.010071
internal_weight=154.908 42.6344 112.273 14.5487 13.711 4.78947 28.0857 13.9735 4.27891 14.1122 1.05507 8.92156 9.69463 28.534 24.3236 3.44849 13.0571 20.8751 4.2104 0.429425 83.7394 25.3188 0.510489 24.8083 58.4206 13.9943 44.4263 3.78098 0.837652 0.630081
internal_count=18720 3494 15226 889 769 229 2605 1432 501 1173 72 540 931 3502 2978 410 1101 2568 524 43 11724 3437 58 3379 8287 1961 6326 481 120 90
is_linear=0
shrinkage=0.01


Tree=20
num_leaves=29
num_cat=0
split_feature=7 7 7 7 1 1 7 1 1 1 1 7 7 7 1 1 1 7 1 7 1 7 7 7 7 1 1 1
split_gain=171.223 19.5653 12.9378 11.4056 5.21814 4.20073 4.11978 7.12529 6.96466 6.67382 4.25929 3.15877 2.45906 3.17714 4.14557 2.43681 2.38671 2.36763 1.63776 1.08382 1.3797 2.51028 0.992892 0.102427 1.89824 0.179404 1.06473e-09 1.0293e-10
threshold=64.050000000000011 17.750000000000004 154.05000000000004 1.0000000180025095e-35 0.17833333333333334 0.16833333333333336 32.050000000000004 0.12833333333333338 0.14166666666666669 0.1483333333333334 0.12500000000000003 27.050000000000004 122.65000000000002 140.25000000000003 0.14500000000000005 0.18500000000000003 0.16166666666666671 149.35000000000005 0.13833333333333339 304.55000000000007 0.12500000000000003 195.45000000000002 300.95000000000005 449.45000000000005 429.95000000000005 0.13166666666666668 0.17166666666666672 0.15833333333333341
decision_type=2 2 2 2 2 2 2 2 2 2 2 2 2 2 2 2 2 2 2 2 2 2 2 2 2 2 2 2
left_child=1 3 12 26 5 -5 7 11 10 -10 -8 -3 15 14 -14 18 -9 -15 -2 20 21 -4 -22 24 -21 -25 27 -1
right_child=2 6 19 4 -6 -7 8 16 9 -11 -12 -13 13 17 -16 -17 -18 -19 -20 23 22 -23 -24 25 -26 -27 -28 -29
leaf_value=-0.010070205705334489 -0.008083082973472995 0.026981334489385729 0.034449280518745393 0.027993215263249084 0.048050519175237956 0.0077185715751974041 0.025263239636238631 0.010844345947805747 0.028116486601655413 0.009357671667022156 -0.0037912525686786152 0.063966900443030189 0.017781051458591098 -0.010077464615392421 0.00023508182944590049 0.027171194498049087 0.02087629688955818 0.0077836900956084242 -0.0014116589841090457 -0.010070074718733356 -0.0075691014313989382 -0.010070295829222477 0.0047335048772333167 -0.0076179066685199198 0.00087387965628737323 -0.0098201118049373228 -0.010069466801861984 -0.010070478016017143
leaf_weight=0.4153822772204866 5.0122166764922538 0.53820262989029544 0.22421518247574823 11.783067768439649 1.198251443915068 1.11896795593202 0.5643085297197129 7.151454175822435 2.3539680670946828 9.7599608702585083 4.7651562271639705 0.40444042906165123 2.5097203138284367 2.2015274735167627 2.9054941274225712 0.26819729432463546 3.5481593236327171 1.1195720019750295 13.841147738043217 12.050668527837841 23.957228460814807 0.29107928741723299 0.67447452712803979 4.0769928554072967 1.824912137351929 39.929928456898779 0.20552072860300541 0.20847280696034431
leaf_count=60 651 38 16 658 36 75 38 580 209 923 570 22 258 291 332 24 298 145 1728 1744 3305 42 74 585 217 5741 30 30
internal_value=-2.43883e-05 0.0166631 -0.00664827 0.0259689 0.0280887 0.0262348 0.0118864 0.0164932 0.00881171 0.0130029 -0.000714828 0.04285 -0.000751271 0.00364422 0.00836689 -0.0027595 0.0141711 -0.00405631 -0.00318527 -0.00862682 -0.00689344 0.00930108 -0.00723223 -0.00937988 -0.00863073 -0.00961609 -0.0100701 -0.0100703
internal_weight=154.903 44.0153 110.887 14.9297 14.1003 12.902 29.0857 11.6423 17.4434 12.1139 5.32946 0.942643 27.8579 8.73631 5.41521 19.1216 10.6996 3.3211 18.8534 83.0295 25.147 0.515294 24.6317 57.8825 13.8756 44.0069 0.829376 0.623855
internal_count=18720 3567 15153 889 769 733 2678 938 1740 1132 608 60 3429 1026 590 2403 878 436 2379 11724 3437 58 3379 8287 1961 6326 120 90
is_linear=0
shrinkage=0.01


Tree=21
num_leaves=30
num_cat=0
split_feature=7 7 7 7 7 1 7 1 1 1 1 7 7 7 7 1 1 7 7 1 7 1 7 7 7 7 7 1 1
split_gain=166.188 18.1968 12.8826 10.7169 4.77983 4.27597 3.89313 6.68561 6.49875 6.22242 4.09117 3.38411 2.7172 2.40943 3.08958 3.95871 2.33894 2.33522 2.30195 1.62546 1.08874 1.35835 2.38094 0.992572 0.103168 1.89363 0.181122 1.03397e-09 9.95772e-11
threshold=64.050000000000011 17.750000000000004 154.05000000000004 1.0000000180025095e-35 10.65 0.13833333333333339 32.050000000000004 0.14166666666666669 0.12833333333333338 0.1483333333333334 0.12500000000000003 11.65 27.050000000000004 122.65000000000002 140.25000000000003 0.14500000000000005 0.18500000000000003 149.35000000000005 21.250000000000004 0.13833333333333339 304.55000000000007 0.12500000000000003 195.45000000000002 257.05000000000007 449.45000000000005 429.95000000000005 1137.5000000000002 0.17166666666666672 0.15833333333333341
decision_type=2 2 2 2 2 2 2 2 2 2 2 2 2 2 2 2 2 2 2 2 2 2 2 2 2 2 2 2 2
left_child=1 3 13 27 5 -5 8 10 12 -9 -8 -6 -3 16 15 -15 19 -16 -10 -2 21 22 -4 -23 25 -22 -26 28 -1
right_child=2 6 20 4 11 -7 7 9 18 -11 -12 -13 -14 14 17 -17 -18 -19 -20 -21 24 23 -24 -25 26 -27 -28 -29 -30
leaf_value=-0.010069502708094374 -0.0080665125950282277 0.026021992182884514 0.032978575664529955 0.0455991807999859 0.00692253655090036 0.027050233749151713 0.024405477402869816 0.027077623339185477 0.0055346581463193781 0.0091792542530752513 -0.0037674219195954566 0.025098637040010488 0.059545383465211307 0.017298246922948617 -0.010076688334754698 0.00023267712604709497 0.026191256768476508 0.0076467605361077899 0.016391919122989977 -0.0013994950141318662 -0.010069372619618629 -0.0084112361481587031 -0.010069591404551171 -0.0038289107228298164 -0.010069393217399934 0.00086439443300078799 -0.0087044969536885855 -0.010068770762472833 -0.010069771879721077
leaf_weight=0.41127773188054462 4.972487114369879 0.55239063967019575 0.23183252755552786 2.1467303298413745 1.1702347462996829 2.9514249404892325 0.57822869624942796 2.4194991514086714 2.5541120339184991 9.8497120877727848 4.7474341234192252 8.2161355242133123 0.42999135795980692 2.5537447910755855 2.1797889946028595 2.9061650289222598 0.27541224285960098 1.1281800149008629 8.2944028461351973 13.821937095373867 11.931590012740342 18.052955057937655 0.28820305503904819 6.403857293073087 28.954328457359225 1.8264805143699039 14.637299897149203 0.20348976273089647 0.20641287043690681
leaf_count=60 651 38 16 76 77 153 38 209 217 923 570 463 22 258 291 332 24 145 661 1728 1744 2509 42 870 4231 217 2095 30 30
internal_value=-2.50371e-05 0.0162302 -0.00662537 0.0250738 0.0270662 0.0348608 0.0116303 0.00864761 0.016066 0.0127088 -0.000708577 0.0228326 0.0406953 -0.000744587 0.00359418 0.0082147 -0.00273946 -0.00403212 0.0138357 -0.0031634 -0.00861389 -0.00687133 0.00912134 -0.00721138 -0.00937281 -0.00861784 -0.00961109 -0.0100694 -0.0100696
internal_weight=154.896 44.7315 110.164 15.3057 14.4845 5.09816 29.4258 17.5949 11.8309 12.2692 5.32566 9.38637 0.982382 27.8377 8.76788 5.45991 19.0698 3.30797 10.8485 18.7944 82.3265 24.9768 0.520036 24.4568 57.3497 13.7581 43.5916 0.82118 0.617691
internal_count=18720 3567 15153 889 769 229 2678 1740 938 1132 608 540 60 3429 1026 590 2403 436 878 2379 11724 3437 58 3379 8287 1961 6326 120 90
is_linear=0
shrinkage=0.01


Tree=22
num_leaves=29
num_cat=0
split_feature=7 7 7 7 1 1 7 1 1 1 1 7 1 7 7 1 7 1 1 7 1 7 7 7 7 7 1 1
split_gain=161.367 16.9506 12.8273 10.0886 4.60772 3.74343 3.70843 5.06052 6.07369 4.54272 3.89987 9.31304 3.77975 2.36088 3.00498 3.7827 2.30352 2.2471 1.61318 1.09364 1.33754 2.7594 0.991741 0.103911 1.88903 0.182582 1.00125e-09 9.65648e-11
threshold=64.050000000000011 17.750000000000004 154.05000000000004 1.0000000180025095e-35 0.17833333333333334 0.16833333333333336 35.750000000000007 0.14166666666666669 0.14500000000000005 0.12500000000000003 0.13500000000000004 23.350000000000005 0.14166666666666669 122.65000000000002 140.25000000000003 0.14500000000000005 149.35000000000005 0.18500000000000003 0.13833333333333339 304.55000000000007 0.12500000000000003 189.15000000000001 257.05000000000007 449.45000000000005 429.95000000000005 1137.5000000000002 0.17166666666666672 0.15833333333333341
decision_type=2 2 2 2 2 2 2 2 2 2 2 2 2 2 2 2 2 2 2 2 2 2 2 2 2 2 2 2
left_child=1 3 13 26 5 -5 10 9 -9 -8 11 -3 -12 17 15 -15 -16 18 -2 20 21 -4 -22 24 -21 -25 27 -1
right_child=2 6 19 4 -6 -7 7 8 -10 -11 12 -13 -14 14 16 -17 -18 -19 -20 23 22 -23 -24 25 -26 -27 -28 -29
leaf_value=-0.010068805903321295 -0.0080498523514580967 -0.010107484556868931 0.03660000239395237 0.025996653823632945 0.044234337296734295 0.0071691542141256908 0.025558315884270679 0.033335031933628342 0.0089959000177815707 -0.0049240287482000631 0.001650571084100578 0.034896265605696204 0.015381577015659571 0.01683665328857643 -0.010075919304461169 0.00023029760705442202 0.0075132648126803071 0.025271374577656422 -0.0013874185931876388 -0.010068677949231336 -0.0083967914295663987 -0.010070354022854713 -0.0038050188708622463 -0.01006869791475779 0.00085501987000532683 -0.0086921050934336969 -0.010068082110335974 -0.010069072291791934
leaf_weight=0.40721346996724506 4.9331480190157988 0.58004371169954838 0.21381158754229801 12.428895085118709 1.2813464859500516 1.1541124144569028 0.55944002978503604 1.1504805348813523 9.4214129196479899 3.8773158178664744 2.5476838536560527 2.2186494804918766 9.4070322569459659 2.5972975920885784 2.1582636036910121 2.9068292547017336 1.136699993163347 0.28254608623683353 13.802918833214788 11.813679779414086 17.903918397612873 0.31090244278311729 6.3797480938956133 28.668197726365179 1.8280331594869483 14.512212943285702 0.20147871784865856 0.20437315106391907
leaf_count=60 651 58 13 658 36 75 35 95 890 485 222 146 747 258 291 332 145 24 1728 1744 2509 45 870 4231 217 2095 30 30
internal_value=-2.5657e-05 0.0158155 -0.00660241 0.0242308 0.026107 0.0243969 0.0113827 0.0078829 0.0116446 -0.00108044 0.014943 0.025569 0.0124553 -0.000737952 0.00354503 0.00806654 -0.00400798 -0.0027195 -0.00314162 -0.00860088 -0.00684913 0.00894698 -0.00719045 -0.00936569 -0.00860487 -0.00960605 -0.0100687 -0.0100689
internal_weight=154.888 45.4395 109.448 15.6774 14.8644 13.583 29.7621 15.0086 10.5719 4.43676 14.7534 2.79869 11.9547 27.8177 8.79909 5.50413 3.29496 19.0186 18.7361 81.6305 24.8084 0.524714 24.2837 56.8221 13.6417 43.1804 0.813065 0.611587
internal_count=18720 3567 15153 889 769 733 2678 1505 985 520 1173 204 969 3429 1026 590 436 2403 2379 11724 3437 58 3379 8287 1961 6326 120 90
is_linear=0
shrinkage=0.01


Tree=23
num_leaves=30
num_cat=0
split_feature=7 7 7 7 7 1 7 1 1 1 7 7 7 7 1 7 7 1 1 1 7 1 7 7 7 7 1 1 1
split_gain=156.749 15.8161 12.7716 9.51429 4.23129 3.69742 3.51558 6.20532 5.69243 5.53471 3.95575 3.06478 2.31337 2.92321 3.61673 2.27249 2.16762 2.16076 2.15009 1.60091 1.09852 1.31717 2.61299 0.990855 0.104658 1.88444 0.184096 9.72396e-10 9.41813e-11
threshold=64.050000000000011 17.750000000000004 154.05000000000004 1.0000000180025095e-35 10.65 0.13833333333333339 32.050000000000004 0.14166666666666669 0.12833333333333338 0.1483333333333334 56.95000000000001 11.65 122.65000000000002 140.25000000000003 0.14500000000000005 149.35000000000005 27.050000000000004 0.18500000000000003 0.16166666666666671 0.13833333333333339 304.55000000000007 0.12500000000000003 189.15000000000001 257.05000000000007 449.45000000000005 429.95000000000005 0.13166666666666668 0.17166666666666672 0.15833333333333341
decision_type=2 2 2 2 2 2 2 2 2 2 2 2 2 2 2 2 2 2 2 2 2 2 2 2 2 2 2 2 2
left_child=1 3 12 27 5 -5 8 10 16 -9 -8 -6 17 14 -14 -15 -3 19 -10 -2 21 22 -4 -23 25 -22 -26 28 -1
right_child=2 6 20 4 11 -7 7 9 18 -11 -12 -13 13 15 -16 -17 -18 -19 -20 -21 24 23 -24 -25 26 -27 -28 -29 -30
leaf_value=-0.010068116445243505 -0.0080331017839064735 0.024571393964580072 0.034969077141005757 0.041939773026467252 0.0063834980091001569 0.025202476171758286 -0.0052867599018700728 0.025353201460618823 0.010079354122644641 0.0088202364545667683 0.015526313278195716 0.023390513227173712 0.016394915682928224 -0.010075158220770351 0.00022794288378375068 0.0073830811519751309 0.053510425925552427 0.024406202420872325 0.019389576759252004 -0.0013754302839076946 -0.010067989453141631 -0.0083822599663770266 -0.010069649163331707 -0.0037811875304732392 -0.0075499391307800312 0.00084575496732385914 -0.0098108234573766589 -0.010067399793070834 -0.010068380835339159
leaf_weight=0.40318910591304558 4.8941956362687149 0.57526045572012907 0.22150567732751625 2.2961319647729388 1.2078900160267938 3.1042267456650734 4.1607772861607399 2.5366816269233814 7.4202205752953869 10.035363507457076 1.1699531823396681 8.6311034709215146 2.6403846209868771 2.1369491075165574 2.9074867572635412 1.1451328559778629 0.47054444346576929 0.28960004448890586 3.7260705977678299 13.784089735243468 11.696927359793333 17.756346995010976 0.30783034535124898 6.3558779368177047 3.970023726578801 1.8295702664181579 38.803206479176879 0.1994874207302928 0.20235343929380178
leaf_count=60 651 38 13 76 77 153 491 209 580 923 117 463 258 291 332 145 22 24 298 1728 1744 2509 45 870 585 217 5741 30 30
internal_value=-2.62482e-05 0.0154179 -0.00657939 0.0234365 0.0252064 0.0323189 0.011143 0.00832247 0.0152847 0.0121561 -0.000718845 0.0213026 -0.000731368 0.00349675 0.00792225 -0.0039839 0.0375921 -0.00269965 0.0131916 -0.00311991 -0.00858779 -0.00682688 0.00877723 -0.00716944 -0.00935852 -0.00859182 -0.00960098 -0.010068 -0.0100682
internal_weight=154.878 46.1393 108.739 16.0444 15.2394 5.40036 30.0949 17.9028 12.1921 12.572 5.33073 9.83899 27.7978 8.82995 5.54787 3.28208 1.0458 18.9679 11.1463 18.6783 80.9413 24.6416 0.529336 24.1122 56.2997 13.5265 42.7732 0.80503 0.605543
internal_count=18720 3567 15153 889 769 229 2678 1740 938 1132 608 540 3429 1026 590 436 60 2403 878 2379 11724 3437 58 3379 8287 1961 6326 120 90
is_linear=0
shrinkage=0.01


Tree=24
num_leaves=27
num_cat=0
split_feature=7 7 7 7 1 7 1 7 1 1 1 7 7 1 7 1 1 7 1 7 7 7 7 7 1 1
split_gain=152.321 14.7784 12.7157 8.98748 4.10584 3.41709 4.06987 5.56413 3.35887 2.5587 5.53381 2.26687 2.84416 3.46009 2.24211 2.07944 1.58866 1.10337 1.29729 2.47879 0.989915 0.105408 1.87986 0.18582 9.44436e-10 9.10427e-11
threshold=64.050000000000011 17.750000000000004 154.05000000000004 1.0000000180025095e-35 0.17833333333333334 46.350000000000001 0.12500000000000003 50.850000000000001 0.16833333333333336 0.12500000000000003 0.12833333333333338 122.65000000000002 140.25000000000003 0.14500000000000005 149.35000000000005 0.18500000000000003 0.13833333333333339 304.55000000000007 0.12500000000000003 189.15000000000001 257.05000000000007 449.45000000000005 429.95000000000005 1137.5000000000002 0.17166666666666672 0.15833333333333341
decision_type=2 2 2 2 2 2 2 2 2 2 2 2 2 2 2 2 2 2 2 2 2 2 2 2 2 2
left_child=1 3 11 24 8 9 -7 -8 -5 -3 -11 15 13 -13 -14 16 -2 18 19 -4 -20 22 -19 -23 25 -1
right_child=2 5 17 4 -6 6 7 -9 -10 10 -12 12 14 -15 -16 -17 -18 21 20 -21 -22 23 -24 -25 -26 -27
leaf_value=-0.010067434413630814 -0.0080162610403098251 -0.0101754215654082 0.03346520968866299 0.024236621623228177 0.040940743252538055 0.035391519277733686 -0.010098407634743563 0.00877695323358464 0.0066725215190373667 0.035457416689785866 0.012372493956189031 0.015971795411580874 -0.010074405097275956 0.00022561217334394652 0.0072560927484364365 0.023591005063155559 -0.0013635291617593906 -0.010067309013390183 -0.0083676420916651735 -0.010068951171238658 -0.0037574174255343862 -0.010067361154356315 0.000836598165531849 -0.0086657027605416444 -0.010066724417288522 -0.01006769565505203
leaf_weight=0.39920422062278049 4.8556261486373939 0.46372734382749214 0.22910565882921474 13.059421809390185 1.36282284464687 0.43838772736489673 2.0703534400090557 6.3570510242134333 1.1878143185749639 1.0952748884446943 19.999264035839587 2.683011385612188 2.1158434627577667 2.908137665130198 1.1534794936887918 0.2965752799063911 13.76544824708253 11.581320107448844 17.610226039309058 0.30478840367868543 6.3322443286888292 28.117696225643158 1.8310918789356936 14.25235583912581 0.19751566741615534 0.20035355072468519
leaf_count=60 651 34 13 658 36 20 217 656 75 79 1672 258 291 332 145 24 1728 1744 2509 45 870 4231 217 2095 30 30
internal_value=-2.67972e-05 0.0150364 -0.00655631 0.022686 0.0243585 0.0109111 0.00568516 0.00413986 0.0227723 0.0130603 0.0135711 -0.000724834 0.00344931 0.0077817 -0.00395987 -0.00267988 -0.00309829 -0.00857462 -0.00680456 0.00861251 -0.00714834 -0.0093513 -0.00857868 -0.00959587 -0.0100673 -0.0100675
internal_weight=154.868 46.8312 108.037 16.4071 15.6101 30.4241 8.86579 8.4274 14.2472 21.5583 21.0945 27.7781 8.86047 5.59115 3.26932 18.9176 18.6211 80.2588 24.4764 0.533894 23.9425 55.7825 13.4124 42.3701 0.797073 0.599558
internal_count=18720 3567 15153 889 769 2678 893 873 733 1785 1751 3429 1026 590 436 2403 2379 11724 3437 58 3379 8287 1961 6326 120 90
is_linear=0
shrinkage=0.01


Tree=25
num_leaves=22
num_cat=0
split_feature=1 0 0 0 0 0 0 1 0 1 0 1 0 1 0 0 0 1 1 1 1
split_gain=3.03496 3.42271 1.91711 1.7254 2.69015 2.49055 2.35388 2.03122 1.54884 3.31418 2.70696 1.45881 3.51626 1.36149 1.35358 0.567651 0.327624 6.44584e-06 2.07118e-06 6.6838e-07 4.72474e-08
threshold=0.17166666666666672 65.610000000000014 15.820000000000002 71.163333333333341 76.315000000000012 70.125000000000014 77.928333333333356 0.14166666666666669 46.491666666666681 0.17833333333333334 47.371666666666677 0.17500000000000002 36.431666666666679 0.1483333333333334 69.785000000000011 34.831666666666678 51.183333333333344 0.14500000000000005 0.15833333333333341 0.15500000000000005 0.16833333333333336
decision_type=2 2 2 2 2 2 2 2 2 2 2 2 2 2 2 2 2 2 2 2 2
left_child=2 8 17 5 7 14 -6 -5 11 16 -11 12 -2 -7 -4 -13 -10 -1 19 -19 -20
right_child=1 -3 3 4 6 13 -8 -9 9 10 -12 15 -14 -15 -16 -17 -18 18 20 -21 -22
leaf_value=-0.01013590469631883 0.0059410270386083854 0.036862293858803297 0.0010715449918217382 -0.0086211547402999314 0.012659759102390748 0.014156288428993906 -0.0015292687438349128 0.0019606141368671906 -0.01008342408119647 0.026277077647608522 0.0027982910953056541 -0.010087800579546776 -0.010080083356499582 -0.010075941254976373 -0.010093704372180115 -0.005480875685042557 -0.0044695666175757088 -0.010085271267838678 -0.010075040826769304 -0.010106693758526034 -0.010068907433381813
leaf_weight=0.30792709067463775 3.118731342256079 0.21293988870456715 108.30844610137865 6.7049297606572491 1.7558369757607568 2.0595085136592384 3.4992508729919791 2.4868230544961989 1.4682534937746803 0.54922514734789718 4.6364490389823914 4.5440864306874555 2.4430385655723512 0.26127471076324571 1.0967906764708448 6.501058392226696 3.560538322199136 0.23424571566283681 0.56033049477264285 0.38503254065290093 0.16188140772283077
leaf_count=30 384 24 12972 780 198 222 420 288 192 60 528 624 330 36 138 864 456 30 78 42 24
internal_value=-2.72827e-05 -0.00307137 0.000616539 0.000756563 -0.00249545 0.00117707 0.00321159 -0.00575826 -0.00338841 -0.000324336 0.00528498 -0.00527304 -0.00109634 0.0114282 0.000959613 -0.00737621 -0.00610864 -0.0100946 -0.0100852 -0.0100986 -0.0100737
internal_weight=154.857 27.0343 127.822 126.173 14.4468 111.726 5.25509 9.19175 26.8214 10.2145 5.18567 16.6069 5.56177 2.32078 109.405 11.0451 5.02879 1.64942 1.34149 0.619278 0.722212
internal_count=18720 3462 15258 15054 1686 13368 618 1068 3438 1236 588 2202 714 258 13110 1488 648 204 174 72 102
is_linear=0
shrinkage=0.01


Tree=26
num_leaves=21
num_cat=0
split_feature=1 0 0 0 0 0 0 1 0 0 1 1 0 0 1 0 1 1 1 1
split_gain=2.98225 3.25545 1.89527 1.6922 2.64964 2.40838 2.27471 2.01527 1.53143 4.27196 2.33097 1.4492 3.46434 1.33732 1.31443 0.569112 6.25538e-06 2.0098e-06 6.4855e-07 4.58409e-08
threshold=0.17166666666666672 65.610000000000014 15.820000000000002 71.163333333333341 76.315000000000012 70.125000000000014 77.928333333333356 0.14166666666666669 46.491666666666681 46.728333333333339 0.17833333333333334 0.17500000000000002 36.431666666666679 69.785000000000011 0.1483333333333334 34.831666666666678 0.14500000000000005 0.15833333333333341 0.15500000000000005 0.16833333333333336
decision_type=2 2 2 2 2 2 2 2 2 2 2 2 2 2 2 2 2 2 2 2
left_child=2 8 16 5 7 13 -6 -5 11 -10 -11 12 -2 -4 -7 -13 -1 18 -18 -19
right_child=1 -3 3 4 6 14 -8 -9 9 10 -12 15 -14 -15 -16 -17 17 19 -20 -21
leaf_value=-0.010134543535605159 0.00584723369302505 0.035192372637178386 0.0010597102236548121 -0.0086075699652655956 0.012378477976968113 0.013821459808577135 -0.0015162575757447084 0.0019372648669925255 0.049886212459948308 -0.0060434580777844627 0.0035921825561691279 -0.010086928952254843 -0.01007928163085981 -0.01009276857063361 -0.010075180123493444 -0.0054554758205369149 -0.010084416898955709 -0.010074288846275582 -0.010105624006058285 -0.010068217364357148
leaf_weight=0.30490391096100111 3.1369776884093978 0.22077292762696643 108.42226432356983 6.648638900369404 1.7776667908765365 2.0881601888686414 3.4940116871148348 2.4916040804237127 0.16670072777196665 4.9483709973283094 5.0961483498103917 4.4992588553577644 2.4189213644713163 1.0859776050783683 0.25869442662224162 6.4661883912049234 0.23193448316305854 0.55479630781337619 0.38124155253171921 0.16028159251436591
leaf_count=30 384 24 12972 780 198 222 420 288 18 642 576 624 330 138 36 864 30 78 42 24
internal_value=-2.71238e-05 -0.00305014 0.000609939 0.000748382 -0.00247675 0.00116392 0.0031692 -0.00573308 -0.00336597 -0.0003215 -0.00115476 -0.00524765 -0.00108684 0.000949113 0.0111873 -0.00735582 -0.0100937 -0.0100843 -0.0100976 -0.0100729
internal_weight=154.854 26.9533 127.9 126.267 14.4119 111.855 5.27168 9.14024 26.7326 10.2112 10.0445 16.5213 5.5559 109.508 2.34685 10.9654 1.63316 1.32825 0.613176 0.715078
internal_count=18720 3462 15258 15054 1686 13368 618 1068 3438 1236 1218 2202 714 13110 258 1488 204 174 72 102
is_linear=0
shrinkage=0.01


Tree=27
num_leaves=21
num_cat=0
split_feature=1 0 0 0 0 0 0 1 0 0 1 1 0 0 1 0 1 1 1 1
split_gain=2.93043 3.1014 1.87372 1.65964 2.60975 2.32955 2.19889 1.99942 1.51414 3.99127 2.2928 1.43959 3.41347 1.32128 1.26973 0.570553 6.07051e-06 1.95021e-06 6.29309e-07 4.44841e-08
threshold=0.17166666666666672 65.610000000000014 15.820000000000002 71.163333333333341 76.315000000000012 70.125000000000014 77.928333333333356 0.14166666666666669 46.491666666666681 46.728333333333339 0.17833333333333334 0.17500000000000002 36.431666666666679 69.785000000000011 0.1483333333333334 34.831666666666678 0.14500000000000005 0.15833333333333341 0.15500000000000005 0.16833333333333336
decision_type=2 2 2 2 2 2 2 2 2 2 2 2 2 2 2 2 2 2 2 2
left_child=2 8 16 5 7 13 -6 -5 11 -10 -11 12 -2 -4 -7 -13 -1 18 -18 -19
right_child=1 -3 3 4 6 14 -8 -9 9 10 -12 15 -14 -15 -16 -17 17 19 -20 -21
leaf_value=-0.010133195999219561 0.0057554568472506255 0.033654277739217767 0.0010480184158076636 -0.0085939054957622808 0.012106830828743991 0.013499046135719339 -0.001503337877115108 0.0019142376465464681 0.047020529423509941 -0.0060188591982159303 0.0035438029738973109 -0.010086065852726478 -0.010078487778080252 -0.010091842110172743 -0.010074427420019958 -0.0054300603802102197 -0.010083571090504274 -0.010073544689067198 -0.010104564998742047 -0.010067533959467793
leaf_weight=0.30191000597551365 3.1550383190624514 0.2285139998421063 108.53494145534933 6.5928977266885322 1.7992674834094931 2.1165090724825855 3.4888245780020952 2.4963370189070702 0.17504783254116674 4.9190560616552812 5.1139733241870999 4.4548697378486377 2.3950403919443488 1.0752701573073853 0.25613941624760617 6.4316623099148273 0.2296458603814242 0.54931637225672603 0.37748749321326613 0.15869748126715422
leaf_count=30 384 24 12972 780 198 222 420 288 18 642 576 624 330 138 36 864 30 78 42 24
internal_value=-2.69655e-05 -0.003029 0.000603415 0.000740296 -0.00245815 0.00115094 0.00312751 -0.00570787 -0.00334361 -0.000318704 -0.00114464 -0.00522225 -0.00107741 0.000938737 0.0109542 -0.00733534 -0.0100928 -0.0100835 -0.0100966 -0.0100722
internal_weight=154.85 26.8732 127.977 126.36 14.3773 111.983 5.28809 9.08923 26.6447 10.2081 10.033 16.4366 5.55008 109.61 2.37265 10.8865 1.61706 1.31515 0.607133 0.708014
internal_count=18720 3462 15258 15054 1686 13368 618 1068 3438 1236 1218 2202 714 13110 258 1488 204 174 72 102
is_linear=0
shrinkage=0.01


Tree=28
num_leaves=21
num_cat=0
split_feature=1 0 0 0 0 0 0 1 0 0 1 1 0 0 1 0 1 1 1 1
split_gain=2.87946 2.95906 1.85244 1.62772 2.57045 2.25389 2.12623 1.98367 1.49698 3.73973 2.25528 1.42996 3.36363 1.30547 1.22721 0.571973 5.891e-06 1.89242e-06 6.10628e-07 4.31622e-08
threshold=0.17166666666666672 65.610000000000014 15.820000000000002 71.163333333333341 76.315000000000012 70.125000000000014 77.928333333333356 0.14166666666666669 46.491666666666681 46.728333333333339 0.17833333333333334 0.17500000000000002 36.431666666666679 69.785000000000011 0.1483333333333334 34.831666666666678 0.14500000000000005 0.15833333333333341 0.15500000000000005 0.16833333333333336
decision_type=2 2 2 2 2 2 2 2 2 2 2 2 2 2 2 2 2 2 2 2
left_child=2 8 16 5 7 13 -6 -5 11 -10 -11 12 -2 -4 -7 -13 -1 18 -18 -19
right_child=1 -3 3 4 6 14 -8 -9 9 10 -12 15 -14 -15 -16 -17 17 19 -20 -21
leaf_value=-0.010131861730926705 0.0056656375203933372 0.032232946703032513 0.0010364677057478385 -0.0085801612043314261 0.011844341499792934 0.013188380558544509 -0.0014905096966182925 0.0018915271839878001 0.044446798711116682 -0.0059942184822572003 0.0034962411875502802 -0.01008521115134702 -0.010077701891260877 -0.010090924901183122 -0.0100736815201822 -0.0054046313347701326 -0.010082734105754373 -0.010072807969321652 -0.010103516785613669 -0.01006685775161336
leaf_weight=0.29894511308520932 3.1729150922037759 0.23616483062505622 108.6464878260158 6.5377009492367488 1.8206416033208359 2.1445586695335801 3.4836891698651016 2.5010223393328488 0.18328902404755254 4.8900301684625429 5.131617589853704 4.4109149496071023 2.3713933425024152 1.0646673073060799 0.2536094645038246 6.397476561833173 0.22737962706014492 0.54389015678316355 0.37377001391723752 0.15712891612201929
leaf_count=30 384 24 12972 780 198 222 420 288 18 642 576 624 330 138 36 864 30 78 42 24
internal_value=-2.68058e-05 -0.00300794 0.000596965 0.000732304 -0.00243964 0.00113812 0.0030865 -0.00568264 -0.00332133 -0.000315918 -0.0011346 -0.00519686 -0.00106805 0.000928484 0.0107284 -0.00731478 -0.0100918 -0.0100826 -0.0100957 -0.0100715
internal_weight=154.847 26.7938 128.053 126.452 14.3431 112.109 5.30433 9.03872 26.5576 10.2049 10.0216 16.3527 5.54431 109.711 2.39817 10.8084 1.60111 1.30217 0.60115 0.701019
internal_count=18720 3462 15258 15054 1686 13368 618 1068 3438 1236 1218 2202 714 13110 258 1488 204 174 72 102
is_linear=0
shrinkage=0.01


Tree=29
num_leaves=29
num_cat=0
split_feature=7 7 7 7 1 1 7 1 1 7 1 1 7 7 7 1 7 1 1 7 1 7 7 7 7 7 1 1
split_gain=147.597 13.975 12.6441 9.5366 6.905 8.49347 4.37587 5.93893 5.03651 3.7656 2.89766 5.2962 2.93615 2.22342 2.7822 3.29284 2.20774 1.96921 1.57725 1.10689 1.27227 2.34381 0.98981 0.105973 1.8737 0.188291 6.37659e-09 8.94241e-11
threshold=64.050000000000011 14.550000000000002 154.05000000000004 1.0000000180025095e-35 0.17833333333333334 0.16500000000000004 32.050000000000004 0.14166666666666669 0.1483333333333334 56.95000000000001 0.17500000000000002 0.15833333333333341 27.050000000000004 122.65000000000002 140.25000000000003 0.14500000000000005 149.35000000000005 0.18500000000000003 0.13833333333333339 304.55000000000007 0.12500000000000003 189.15000000000001 257.05000000000007 449.45000000000005 429.95000000000005 1137.5000000000002 0.17166666666666672 0.15833333333333341
decision_type=2 2 2 2 2 2 2 2 2 2 2 2 2 2 2 2 2 2 2 2 2 2 2 2 2 2 2 2
left_child=1 3 13 26 5 -5 10 9 -9 -8 11 -3 -12 17 15 -15 -16 18 -2 20 21 -4 -22 24 -21 -25 27 -1
right_child=2 6 19 4 -6 -7 7 8 -10 -11 12 -13 -14 14 16 -17 -18 -19 -20 23 22 -23 -24 25 -26 -27 -28 -29
leaf_value=-0.010067041394765788 -0.0080004548385417124 0.012234858742141971 0.031902060762929112 0.026465894869585314 0.048787062298207416 -0.0018065404363416314 -0.0053169708247278761 0.023993411027455863 0.0084920809436019699 0.014730093471477976 -0.010162457043218935 0.024819532520777669 0.028492047142085281 0.015551378183469456 -0.010073814936303247 0.00024701866490767623 0.0070989011987401584 0.022467164162011773 -0.0013524079777701306 -0.010066633578200139 -0.0083526987271523977 -0.010068425899606033 -0.003730405361705894 -0.010066659248580785 0.00082030055196823386 -0.00864720960511536 -0.010065034727959714 -0.010067301052107578
leaf_weight=0.39690603129565616 4.8198534389957883 10.715621940791609 0.23757567815482872 9.5343020474538189 1.181403912603854 1.1958472253754724 4.1859951750375357 2.6373672606423488 10.211142623797057 1.2072027418762443 0.81379892770200857 4.8611694239079943 0.25906272325664759 2.7267633927986008 2.0980025138705973 2.9021249958314002 1.1639796127565203 0.30675113573670287 13.747990050818769 11.46039299527183 17.462760321795944 0.30243998439982533 6.3055344717577091 27.809495744295418 1.8337946459650982 14.07509683864191 0.19248535484075546 0.19920014217495918
leaf_count=60 651 737 13 439 28 74 491 209 923 117 69 335 25 258 291 332 145 24 1728 1744 2509 45 870 4231 217 2095 30 30
internal_value=-2.66448e-05 0.0146299 -0.00653023 0.0236117 0.0258414 0.023315 0.0113606 0.00797725 0.011674 -0.000829676 0.0150674 0.0161623 -0.000828596 -0.000720758 0.00340235 0.0076608 -0.00394604 -0.00266295 -0.00307811 -0.00855952 -0.0067816 0.00839616 -0.00712644 -0.00934276 -0.00856489 -0.00958966 -0.0100666 -0.0100671
internal_weight=154.844 47.5915 107.253 12.7001 11.9116 10.7301 34.8914 18.2417 12.8485 5.3932 16.6497 15.5768 1.07286 27.7655 8.89087 5.62889 3.26198 18.8746 18.5678 79.4871 24.3083 0.540016 23.7683 55.1788 13.2942 41.8846 0.788592 0.596106
internal_count=18720 3567 15153 661 541 513 2906 1740 1132 608 1166 1072 94 3429 1026 590 436 2403 2379 11724 3437 58 3379 8287 1961 6326 120 90
is_linear=0
shrinkage=0.01


Tree=30
num_leaves=28
num_cat=0
split_feature=7 7 7 7 7 1 1 1 1 7 1 1 1 1 7 7 1 7 1 7 7 7 7 7 7 1 1
split_gain=143.534 13.1253 12.5877 9.62104 4.68019 5.71419 4.72617 3.81896 13.7748 3.65972 2.95012 5.11747 2.22064 4.11712 3.25341 2.07039 1.92227 1.11169 1.25348 2.23109 0.990204 0.106727 1.86914 0.189797 1.62217e-07 6.18492e-09 8.63005e-11
threshold=64.050000000000011 13.550000000000002 154.05000000000004 1.0000000180025095e-35 32.050000000000004 0.14166666666666669 0.1483333333333334 0.17833333333333334 0.16500000000000004 56.95000000000001 0.12500000000000003 0.13166666666666668 0.17166666666666672 0.16500000000000004 78.450000000000017 122.65000000000002 0.18500000000000003 304.55000000000007 0.12500000000000003 189.15000000000001 300.95000000000005 449.45000000000005 429.95000000000005 1137.5000000000002 140.25000000000003 0.17166666666666672 0.15833333333333341
decision_type=2 2 2 2 2 2 2 2 2 2 2 2 2 2 2 2 2 2 2 2 2 2 2 2 2 2 2
left_child=1 3 12 25 10 9 -7 8 -5 -6 -3 -12 13 15 -15 -2 24 18 19 -4 -20 22 -19 -23 -14 26 -1
right_child=2 4 17 7 5 6 -8 -9 -10 -11 11 -13 16 14 -16 -17 -18 21 20 -21 -22 23 -24 -25 -26 -27 -28
leaf_value=-0.010066369941440856 -0.0034824209159402542 -0.010213589592458017 0.030623529993544729 0.028556448909134474 -0.0052914760678444105 0.023202193861753779 0.0083373347746789565 0.043927431527295058 -0.010168935181107381 0.014373585525107624 0.030891220732171577 0.013737080951600035 -0.010077945284426517 -0.010079265864302382 0.01533819635491813 0.0032996091713290861 0.011669679052895851 -0.01006596651190683 -0.0074543828050027796 -0.010067740402374774 0.0049091755888088845 -0.010065991833802497 0.00081144014045626009 -0.0086344494293668396 -0.010070750066043566 -0.010064383606869369 -0.010066626293705449
leaf_weight=0.39298283122479816 13.643922526389369 0.45498985890299337 0.24498111009598034 8.2448414387181383 4.1642115656286505 2.6997098764404646 10.296228624880312 1.1026320308446873 1.0336897689849127 1.2246841760352252 1.9465087288990641 16.318713824264705 3.2092097424902017 0.61632643919438068 2.7530065486207604 6.7173600927926591 0.45890868920832861 11.347108512185512 22.93530408944935 0.29945094417780638 0.66662353835999866 27.53460298711434 1.8352739056572307 13.955537703819571 0.3472368805669247 0.19058236107230186 0.19723121076822281
leaf_count=60 1763 25 13 365 491 209 923 25 64 117 113 1115 419 79 320 757 41 1744 3305 45 74 4231 217 2095 50 30 30
internal_value=-2.71667e-05 0.0142792 -0.00650702 0.0237869 0.0114191 0.00783529 0.0114253 0.026333 0.0242422 -0.000822381 0.0149386 0.0155652 -0.000714303 0.000449412 0.0106888 -0.00124497 -0.00759182 -0.00854618 -0.00675914 0.00824234 -0.00710518 -0.00933544 -0.0085516 -0.00958448 -0.0100772 -0.0100659 -0.0100665
internal_weight=154.832 48.267 106.565 11.162 37.105 18.3848 12.9959 10.3812 9.27853 5.3889 18.7202 18.2652 27.746 23.7306 3.36933 20.3613 4.01536 78.8189 24.1464 0.544432 23.6019 54.6725 13.1824 41.4901 3.55645 0.780796 0.590214
internal_count=18720 3567 15153 574 2993 1740 1132 454 429 608 1253 1228 3429 2919 399 2520 510 11724 3437 58 3379 8287 1961 6326 469 120 90
is_linear=0
shrinkage=0.01


Tree=31
num_leaves=29
num_cat=0
split_feature=7 7 7 7 7 1 7 1 7 7 7 1 1 1 7 1 7 1 7 1 7 7 7 7 7 7 1 1
split_gain=139.629 12.5312 12.2783 7.63838 3.43329 9.89209 3.06386 3.79233 5.3078 2.525 4.37125 2.39143 2.19351 3.99536 3.13926 2.06451 2.03207 1.89536 1.11646 1.23511 2.12682 0.993403 0.107484 1.8646 0.191312 1.57396e-07 6.00135e-09 8.40775e-11
threshold=64.050000000000011 154.05000000000004 17.750000000000004 1.0000000180025095e-35 9.4500000000000011 0.13833333333333339 46.350000000000001 0.12500000000000003 50.850000000000001 21.250000000000004 23.350000000000005 0.12833333333333338 0.17166666666666672 0.16500000000000004 78.450000000000017 0.14166666666666669 122.65000000000002 0.18500000000000003 304.55000000000007 0.12500000000000003 189.15000000000001 257.05000000000007 449.45000000000005 429.95000000000005 1137.5000000000002 140.25000000000003 0.17166666666666672 0.15833333333333341
decision_type=2 2 2 2 2 2 2 2 2 2 2 2 2 2 2 2 2 2 2 2 2 2 2 2 2 2 2 2
left_child=2 12 3 26 5 -5 9 -8 -9 15 -11 -6 13 16 -15 -4 -2 25 19 20 -3 -21 23 -20 -24 -14 27 -1
right_child=1 18 6 4 11 -7 7 8 -10 10 -12 -13 17 14 -16 -17 -18 -19 22 21 -22 -23 24 -25 -26 -27 -28 -29
leaf_value=-0.010065705010645328 -0.0034594952997843431 0.029433677126511647 -0.010096930905721358 0.050762399460012181 0.0025892761052697848 0.018026080833114192 0.033311380685322016 -0.010099329559750514 0.0082423132147067119 0.026917953606545034 0.011825173675713721 0.020669393350941062 -0.010077163883824887 -0.010078470354458382 0.014956597501378082 0.008711316681718614 0.0032560087113076342 0.011421494861354823 -0.010065305701950276 -0.0083246034401406564 -0.010067062107975585 -0.003667726629997385 -0.010065330618031196 0.00080268196683592433 -0.0086216073188625317 -0.010070041109953829 -0.010063738801286365 -0.010065959299431198
leaf_weight=0.38909815996885555 13.597229875158527 0.25229770876467483 0.80517018027604281 1.472251746803525 0.7791902394965281 2.474476745352149 0.45920161530375381 2.0792801552452129 6.5411622151732445 2.1583588207140592 17.30135189043358 11.970250234939156 3.1775227030739188 0.61024176143109743 2.7947998391464353 2.1208457788452506 6.7391273342072955 0.46416501002386201 11.234936641994862 17.192677726969126 0.29649123456329107 6.2445026631467035 27.262410402763635 1.8367382017895568 13.837155073881148 0.34380589611828316 0.18869806453585625 0.19528161082416773
leaf_count=60 1763 13 85 43 36 111 20 217 656 157 1393 579 419 79 320 150 757 41 1744 2509 45 870 4231 217 2095 50 30 30
internal_value=-2.76619e-05 -0.00648373 0.0139419 0.0206646 0.0220874 0.0302377 0.0102096 0.00530986 0.00381825 0.0121969 0.0134992 0.0195644 -0.00070789 0.000444519 0.0104699 0.00353573 -0.00123409 -0.00757274 -0.00853276 -0.00673661 0.00809283 -0.00708384 -0.00932806 -0.00853821 -0.00957927 -0.0100765 -0.0100653 -0.0100658
internal_weight=154.819 105.884 48.9346 17.4692 16.6962 3.94673 31.4654 9.07964 8.62044 22.3857 19.4597 12.7494 27.7269 23.7414 3.40504 2.92602 20.3364 3.98549 78.1572 23.986 0.548789 23.4372 54.1712 13.0717 41.0996 3.52133 0.773078 0.58438
internal_count=18720 15153 3567 889 769 154 2678 893 873 1785 1550 615 3429 2919 399 235 2520 510 11724 3437 58 3379 8287 1961 6326 469 120 90
is_linear=0
shrinkage=0.01


Tree=32
num_leaves=22
num_cat=0
split_feature=1 0 0 0 0 0 0 1 0 1 0 1 0 1 0 0 1 0 1 1 0
split_gain=2.70304 2.82509 1.82309 1.62139 2.53257 2.13996 2.01292 1.96048 1.44253 2.99253 2.36549 1.44119 1.28282 1.15041 1.03556 0.338444 7.13929e-06 6.22063e-06 2.43008e-06 7.49741e-07 5.24653e-08
threshold=0.17166666666666672 65.610000000000014 15.820000000000002 71.163333333333341 76.315000000000012 70.125000000000014 77.928333333333356 0.14166666666666669 46.491666666666681 0.17833333333333334 47.371666666666677 0.18166666666666673 69.785000000000011 0.1483333333333334 36.431666666666679 51.183333333333344 0.14500000000000005 37.338333333333345 0.15833333333333341 0.15500000000000005 13.535000000000002
decision_type=2 2 2 2 2 2 2 2 2 2 2 2 2 2 2 2 2 2 2 2 2
left_child=2 8 16 5 7 12 -6 -5 11 15 -11 14 -4 -7 -2 -10 -1 -13 19 -18 -20
right_child=1 -3 3 4 6 13 -8 -9 9 10 -12 17 -14 -15 -16 -17 18 -19 20 -21 -22
leaf_value=-0.010137268232028127 -0.00052961481903813579 0.030982475698862835 0.0010107769272424056 -0.0085798979588181824 0.011415051776211755 0.012682857083194846 -0.001481393641299132 0.0018115390151025963 -0.010082023098310657 0.023767198364163727 0.0025245701039877206 -0.010069063089193385 -0.010092507253482565 -0.010072515190878545 -0.0064684617518362166 -0.0042801041284907916 -0.010083359752726265 -0.01009320278427109 -0.010068613932843015 -0.010106468291011861 -0.010075011153479745
leaf_weight=0.3003312791697671 6.2710368447005838 0.2433157991617908 108.86142280511558 6.5152802993543428 1.8560647782869626 2.1913180099800225 3.4785278323106468 2.5169423562474549 1.419720440171657 0.58954339381307352 4.7301937281154096 2.0160872545093289 1.050587770063429 0.24723482970148314 5.5210778997279704 3.4452517428435385 0.22460330510511972 2.2688522529788315 0.51237702090293169 0.37449959199875593 0.17098110588267446
leaf_count=30 816 24 12972 780 198 222 420 288 192 60 528 306 138 36 762 456 30 318 78 42 24
internal_value=-2.81066e-05 -0.00293536 0.000572492 0.000705717 -0.00245753 0.00111022 0.00300567 -0.00568419 -0.00324961 -0.000304986 0.00487872 -0.005115 0.000904647 0.0103758 -0.00331019 -0.00597325 -0.0100934 -0.0100818 -0.0100831 -0.0100978 -0.0100702
internal_weight=154.805 26.5051 128.3 126.717 14.3668 112.351 5.33459 9.03222 26.2618 10.1847 5.31974 16.0771 109.912 2.43855 11.7921 4.86497 1.58279 4.28494 1.28246 0.599103 0.683358
internal_count=18720 3462 15258 15054 1686 13368 618 1068 3438 1236 588 2202 13110 258 1578 648 204 624 174 72 102
is_linear=0
shrinkage=0.01


Tree=33
num_leaves=28
num_cat=0
split_feature=7 7 7 7 7 1 1 7 1 1 1 1 1 1 7 7 1 7 1 7 7 7 7 7 7 1 1
split_gain=135.776 12.471 11.6112 8.59894 4.22355 5.48038 4.38228 3.50347 3.4295 12.5925 2.77898 4.76082 2.15421 3.87279 3.02816 1.99392 1.86955 1.12098 1.21582 2.02769 0.992403 0.108197 1.85943 0.193022 1.4535e-07 8.14753e-09 8.18648e-11
threshold=64.050000000000011 154.05000000000004 13.550000000000002 1.0000000180025095e-35 32.050000000000004 0.14166666666666669 0.1483333333333334 56.95000000000001 0.17833333333333334 0.16500000000000004 0.12500000000000003 0.13166666666666668 0.17166666666666672 0.16500000000000004 78.450000000000017 122.65000000000002 0.18500000000000003 304.55000000000007 0.12500000000000003 189.15000000000001 257.05000000000007 449.45000000000005 429.95000000000005 1137.5000000000002 140.25000000000003 0.17166666666666672 0.15833333333333341
decision_type=2 2 2 2 2 2 2 2 2 2 2 2 2 2 2 2 2 2 2 2 2 2 2 2 2 2 2
left_child=2 12 3 25 10 7 -7 -6 9 -5 -4 -12 13 15 -15 -2 24 18 19 -3 -20 22 -19 -23 -14 26 -1
right_child=1 17 4 8 5 6 -8 -9 -10 -11 11 -13 16 14 -16 -17 -18 21 20 -21 -22 23 -24 -25 -26 -27 -28
leaf_value=-0.01006511261190997 -0.0034401621575201025 0.028286015691008429 -0.010213648068394683 0.026617791035705718 -0.0053120901822348255 0.022154340200272689 0.0080429204648555692 0.013722241195856681 0.040800119435178556 -0.010170395121845534 0.02928818476805449 0.013057081993701508 -0.010076149909840033 -0.010077744804804903 0.014569429307762552 0.0032071055332185804 0.011192396238979305 -0.010064655030358567 -0.0083095103113010188 -0.010066430035900227 -0.0036434218471129431 -0.010064671397261547 0.00079106441566285522 -0.0086075280856379218 -0.010069265361846366 -0.010062790635000556 -0.0100653646560913
leaf_weight=0.38563618250191112 13.558071721810856 0.25977872684598224 0.45474876370281236 8.6747278776019794 4.1813641297630992 2.7869229009374967 10.461977294646202 1.2578954463824628 1.1691221371293057 1.042247625067829 2.025033199228349 16.792833034880459 3.135344026144594 0.60466220555826966 2.8385151149705052 6.763719057198613 0.46911631477996696 11.122412251308559 17.050719508435581 0.29371364787220955 6.2211499810218802 26.984306689351797 1.8386800838634361 13.709395706187932 0.33991066087037314 0.18588619027286768 0.19354414008557796
leaf_count=60 1763 13 25 365 491 209 923 117 25 64 113 1115 419 79 320 757 41 1744 2509 45 870 4231 217 2095 50 30 30
internal_value=-2.79201e-05 -0.00645969 0.013609 0.0223413 0.0109288 0.00754149 0.0110113 -0.000910168 0.0246188 0.0226719 0.0142134 0.0148037 -0.000702016 0.000433912 0.0102411 -0.00122775 -0.00754602 -0.00851881 -0.00671377 0.00793409 -0.00706215 -0.00932034 -0.00852465 -0.00957377 -0.0100755 -0.0100646 -0.0100652
internal_weight=154.801 105.189 49.6119 11.6512 37.9608 18.6882 13.2489 5.43926 10.8861 9.71698 19.2726 18.8179 27.7093 23.765 3.44318 20.3218 3.94437 77.4802 23.8254 0.553492 23.2719 53.6548 12.9611 40.6937 3.47525 0.765067 0.57918
internal_count=18720 15153 3567 574 2993 1740 1132 608 454 429 1253 1228 3429 2919 399 2520 510 11724 3437 58 3379 8287 1961 6326 469 120 90
is_linear=0
shrinkage=0.01


Tree=34
num_leaves=22
num_cat=0
split_feature=1 0 0 0 0 0 1 0 0 1 0 1 0 1 0 0 1 0 1 1 0
split_gain=2.61105 2.70463 1.79929 1.59768 2.49722 2.05944 1.94103 1.9374 1.41274 2.89569 2.25181 1.44289 1.26583 1.10237 1.02705 0.340154 7.36197e-06 6.9467e-06 2.55611e-06 7.67517e-07 5.64344e-08
threshold=0.17166666666666672 65.610000000000014 15.820000000000002 71.163333333333341 76.315000000000012 70.125000000000014 0.14166666666666669 77.928333333333356 46.491666666666681 0.17833333333333334 47.371666666666677 0.18166666666666673 69.785000000000011 0.1483333333333334 36.431666666666679 51.183333333333344 0.14500000000000005 37.338333333333345 0.15833333333333341 0.15500000000000005 13.535000000000002
decision_type=2 2 2 2 2 2 2 2 2 2 2 2 2 2 2 2 2 2 2 2 2
left_child=2 8 16 5 6 12 -5 -6 11 15 -11 14 -4 -7 -2 -10 -1 -13 19 -18 -20
right_child=1 -3 3 4 7 13 -8 -9 9 10 -12 17 -14 -15 -16 -17 18 -19 20 -21 -22
leaf_value=-0.010137931839608675 -0.00049205802072848899 0.029811442735541611 0.00099436282609311594 -0.0085705287816746425 0.011133331398407173 0.012337281255969954 0.0017650329241106161 -0.001469106998844061 -0.010081199418257317 0.02294332547981431 0.0024469245759130031 -0.010068098971140027 -0.010092587142673255 -0.010071659887754301 -0.0064291821361377732 -0.0042268720811170744 -0.01008313692755561 -0.010093804621418512 -0.010067706489745571 -0.010106621325067495 -0.010074383928864197
leaf_weight=0.29839942324906488 6.2458742745220714 0.25042484421282907 109.00903202453628 6.4711760664358717 1.8802684415131796 2.2246338068507607 2.5264414651319385 3.4731267583556473 1.3992202864028493 0.60408537974581111 4.7567544882185757 1.983134505804627 1.0396204288117576 0.24355851998552669 5.4613280408084393 3.4142018002457917 0.22232143394649007 2.2373223067261279 0.50432267086580396 0.37206044793128967 0.16897522332146764
leaf_count=30 816 24 12972 780 198 222 288 420 192 60 528 306 138 36 762 456 30 318 78 42 24
internal_value=-2.83616e-05 -0.00289565 0.000559955 0.00069146 -0.00245076 0.00109224 -0.00566841 0.00295724 -0.00320945 -0.000298603 0.00475656 -0.00506884 0.000889625 0.010126 -0.00326168 -0.00592867 -0.0100932 -0.0100817 -0.0100827 -0.0100978 -0.0100694
internal_weight=154.786 26.3523 128.434 126.868 14.351 112.517 8.99762 5.3534 26.1019 10.1743 5.36084 15.9277 110.049 2.46819 11.7072 4.81342 1.56608 4.22046 1.26768 0.594382 0.673298
internal_count=18720 3462 15258 15054 1686 13368 1068 618 3438 1236 588 2202 13110 258 1578 648 204 624 174 72 102
is_linear=0
shrinkage=0.01


Tree=35
num_leaves=28
num_cat=0
split_feature=7 7 7 7 7 1 1 1 1 1 1 1 1 1 7 7 1 7 1 7 7 7 7 7 7 1 1
split_gain=132.072 12.4106 10.8877 8.12979 4.00498 5.27941 4.13928 3.44473 3.10188 11.8745 2.67603 4.41811 2.11567 3.75488 2.92282 1.95656 1.84451 1.12548 1.19698 1.93573 0.991348 0.108912 1.8543 0.194743 1.34114e-07 1.04767e-08 7.93334e-11
threshold=64.050000000000011 154.05000000000004 13.550000000000002 1.0000000180025095e-35 32.050000000000004 0.14166666666666669 0.15833333333333341 0.12500000000000003 0.17833333333333334 0.16500000000000004 0.12500000000000003 0.13166666666666668 0.17166666666666672 0.16500000000000004 78.450000000000017 122.65000000000002 0.18500000000000003 304.55000000000007 0.12500000000000003 189.15000000000001 257.05000000000007 449.45000000000005 429.95000000000005 1137.5000000000002 140.25000000000003 0.17166666666666672 0.15833333333333341
decision_type=2 2 2 2 2 2 2 2 2 2 2 2 2 2 2 2 2 2 2 2 2 2 2 2 2 2 2
left_child=2 12 3 25 10 7 -7 -6 9 -5 -4 -12 13 15 -15 -2 24 18 19 -3 -20 22 -19 -23 -14 26 -1
right_child=1 17 4 8 5 6 -8 -9 -10 -11 11 -13 16 14 -16 -17 -18 21 20 -21 -22 23 -24 -25 -26 -27 -28
leaf_value=-0.010064524800403854 -0.0034208173488333828 0.027214383980435356 -0.010211772857116776 0.025676797735059126 0.020786869658705642 0.017059608647982383 0.005858881205918395 -0.0038264387821895784 0.038889447525128157 -0.010168578105776191 0.028183367210441752 0.01275359932461043 -0.010075157209277482 -0.010077024557918608 0.014197902500153925 0.003159184150108144 0.010970989040826058 -0.010064012884723502 -0.0082943219254652065 -0.010065803564478353 -0.0036191695740342943 -0.010064021125702571 0.00077965677055026237 -0.0085933574973960907 -0.010068505754097866 -0.010061861023449373 -0.010064774030319077
leaf_weight=0.38219864666461845 13.519109251908967 0.26717355288565414 0.45086794625967996 8.8999531622976047 0.64518171921372669 5.8842987166717631 7.5106828259304166 4.7910497919656336 1.2137861363589753 1.0312478709965933 2.0829385919496444 17.01343294698745 3.0938220038078725 0.59912551799789016 2.8817645469680429 6.7879885607399038 0.4740009526722132 11.010973170865325 16.910106206312779 0.29095885064452887 6.1980167678557327 26.7089938307181 1.8405901659280051 13.583042389713226 0.33606548933312286 0.18312064278870821 0.19181894604116678
leaf_count=60 1763 13 25 365 38 470 662 570 25 64 113 1115 419 79 320 757 41 1744 2509 45 870 4231 217 2095 50 30 30
internal_value=-2.817e-05 -0.00643558 0.0132888 0.0216448 0.0106974 0.00740614 0.0107793 -0.000905287 0.023799 0.0219546 0.0138681 0.0144366 -0.000696177 0.000423563 0.0100197 -0.00122134 -0.00751921 -0.00850478 -0.00669085 0.00777993 -0.00704036 -0.00931257 -0.00851099 -0.00956824 -0.0100745 -0.0100639 -0.0100646
internal_weight=154.782 104.502 50.2806 11.9021 38.3785 18.8312 13.395 5.43623 11.145 9.9312 19.5472 19.0964 27.6919 23.788 3.48089 20.3071 3.90389 76.8099 23.6663 0.558132 23.1081 53.1436 12.8516 40.292 3.42989 0.757138 0.574018
internal_count=18720 15153 3567 574 2993 1740 1132 608 454 429 1253 1228 3429 2919 399 2520 510 11724 3437 58 3379 8287 1961 6326 469 120 90
is_linear=0
shrinkage=0.01


Tree=36
num_leaves=29
num_cat=0
split_feature=7 7 7 7 7 1 7 1 7 7 7 1 1 1 7 1 7 1 7 1 7 7 7 7 7 7 1 1
split_gain=128.599 12.3533 10.2887 6.57344 2.87343 8.26301 2.75387 3.43772 5.10289 2.41168 3.88808 2.17685 2.0897 3.64634 2.82534 1.98081 1.92093 1.81981 1.13017 1.17987 1.85237 0.990051 0.109678 1.84978 0.196289 1.30125e-07 1.01654e-08 7.76951e-11
threshold=64.050000000000011 154.05000000000004 17.750000000000004 1.0000000180025095e-35 9.4500000000000011 0.13833333333333339 46.350000000000001 0.12500000000000003 50.850000000000001 21.250000000000004 23.350000000000005 0.12833333333333338 0.17166666666666672 0.16500000000000004 78.450000000000017 0.14166666666666669 126.25000000000001 0.18500000000000003 304.55000000000007 0.12500000000000003 189.15000000000001 257.05000000000007 449.45000000000005 429.95000000000005 1137.5000000000002 140.25000000000003 0.17166666666666672 0.15833333333333341
decision_type=2 2 2 2 2 2 2 2 2 2 2 2 2 2 2 2 2 2 2 2 2 2 2 2 2 2 2 2
left_child=2 12 3 26 5 -5 9 -8 -9 15 -11 -6 13 16 -15 -4 -2 25 19 20 -3 -21 23 -20 -24 -14 27 -1
right_child=1 18 6 4 11 -7 7 8 -10 10 -12 -13 17 14 -16 -17 -18 -19 22 21 -22 -23 24 -25 -26 -27 -28 -29
leaf_value=-0.010063878085926053 -0.0031633136810767632 0.026245806992398212 -0.010099693142162327 0.045088813124741701 0.0020453877535123715 0.016378653912473257 0.030870382698181108 -0.010100157296199728 0.0078097826324805631 0.024997740443541132 0.011119504728675636 0.018926728409561271 -0.010074403895314939 -0.010076252396772576 0.013860431134049325 0.0080717207556681523 0.0036395232830822829 0.01074513688880251 -0.010063371893856862 -0.0082791817971934155 -0.010065144388954958 -0.0035958455074389098 -0.010063379980250017 0.00077126592481742699 -0.0085802530403529201 -0.010067819487124723 -0.010061241492914355 -0.010064125957572707
leaf_weight=0.37841988913715141 14.460781022440651 0.27422657981515186 0.82553347386420073 1.6216778755188013 0.81283796206116576 2.6253549726679921 0.48628143034875293 2.0863799359649402 6.698020757175982 2.2757418565452125 17.870888852514327 12.677808555774389 3.063265876378864 0.59320934442803208 2.922203310765326 2.1946383677423 5.8219163897447279 0.47909837262704957 10.902102994732557 16.772310581523929 0.28808252606540918 6.1759483623318365 26.444910909980536 1.8420011401176442 13.468324858695267 0.33274414669722308 0.18130966834723949 0.18992248456925154
leaf_count=60 1876 13 85 43 36 111 20 217 656 157 1393 579 419 79 320 150 644 41 1744 2509 45 870 4231 217 2095 50 30 30
internal_value=-2.8585e-05 -0.00641211 0.0129881 0.018942 0.0201679 0.0273413 0.00959476 0.00498874 0.003556 0.0114379 0.0126872 0.0179096 -0.000689906 0.00041897 0.00982123 0.00310475 -0.00121064 -0.00749982 -0.0084911 -0.00666811 0.00764296 -0.00701878 -0.00930503 -0.00849736 -0.00956291 -0.0100738 -0.0100633 -0.010064
internal_weight=154.766 103.841 50.9248 18.4873 17.7377 4.24703 32.4375 9.27068 8.7844 23.1668 20.1466 13.4906 27.6732 23.7981 3.51541 3.02017 20.2827 3.87511 76.1679 23.5106 0.562309 22.9483 52.6573 12.7441 39.9132 3.39601 0.749652 0.568342
internal_count=18720 15153 3567 889 769 154 2678 893 873 1785 1550 615 3429 2919 399 235 2520 510 11724 3437 58 3379 8287 1961 6326 469 120 90
is_linear=0
shrinkage=0.01


Tree=37
num_leaves=28
num_cat=0
split_feature=7 7 7 7 7 1 1 7 1 1 1 1 1 1 7 7 1 7 1 7 7 7 7 7 7 1 1
split_gain=125.251 12.2958 9.70315 7.33662 3.64999 4.03961 4.3342 3.76185 2.82595 10.9569 2.62576 3.86042 2.06402 3.54164 2.73255 1.88903 1.7958 1.13484 1.16312 1.77454 0.988699 0.110446 1.84526 0.197844 1.26248e-07 9.86504e-09 7.51667e-11
threshold=64.050000000000011 154.05000000000004 13.550000000000002 1.0000000180025095e-35 35.750000000000007 0.14166666666666669 0.14500000000000005 56.95000000000001 0.17833333333333334 0.16500000000000004 0.12500000000000003 0.13500000000000004 0.17166666666666672 0.16500000000000004 78.450000000000017 122.65000000000002 0.18500000000000003 304.55000000000007 0.12500000000000003 189.15000000000001 257.05000000000007 449.45000000000005 429.95000000000005 1137.5000000000002 140.25000000000003 0.17166666666666672 0.15833333333333341
decision_type=2 2 2 2 2 2 2 2 2 2 2 2 2 2 2 2 2 2 2 2 2 2 2 2 2 2 2
left_child=2 12 3 25 10 7 -7 -6 9 -5 -4 -12 13 15 -15 -2 24 18 19 -3 -20 22 -19 -23 -14 26 -1
right_child=1 17 4 8 5 6 -8 -9 -10 -11 11 -13 16 14 -16 -17 -18 21 20 -21 -22 23 -24 -25 -26 -27 -28
leaf_value=-0.010063238610959913 -0.0033770089213556662 0.025336062777683421 -0.010205119575253335 0.024069382447783554 -0.0070422673954594174 0.026496249232153334 0.0075191075176257059 0.013113648612964409 0.036398064825201901 -0.010169845658873617 0.022204484815892909 0.011385916292193548 -0.010073657987477226 -0.010075488412077227 0.01353553522652802 0.0030832456315459875 0.010526293854255997 -0.010062737002881326 -0.0082639526661842117 -0.010064492241258384 -0.0035725899669764079 -0.010062745266718257 0.00076297178944374625 -0.008567065788126162 -0.010067140117623788 -0.010060628198059767 -0.010063483630279584
leaf_weight=0.3746782410889854 13.431755749508747 0.28119656816125171 0.48511273134500044 9.3124233465641719 3.2780207884497967 1.3644144143909205 10.204914500936864 1.2905106563121078 1.2773422934114922 1.0388989821076382 4.011280411854389 18.557591817341745 3.0330093018710613 0.58735114010050837 2.9622174957767129 6.826779675204306 0.48414259869605292 10.794302774127571 16.635871783364568 0.28523445036262274 6.1540988148190072 26.18342255987227 1.8433978706598271 13.354735794942824 0.32945540780201543 0.1795164942741394 0.1880446644499898
leaf_count=60 1763 13 28 365 403 95 890 117 25 64 237 1223 419 79 320 757 41 1744 2509 45 870 4231 217 2095 50 30 30
internal_value=-2.89587e-05 -0.00638859 0.0126979 0.0204191 0.0102607 0.00661316 0.00975715 -0.00134866 0.0223647 0.020633 0.012814 0.0133088 -0.000683685 0.000414432 0.00962859 -0.00120001 -0.00748034 -0.00847733 -0.00664531 0.00750961 -0.00699712 -0.00929744 -0.00848365 -0.00955755 -0.010073 -0.0100627 -0.0100633
internal_weight=154.75 103.187 51.5627 12.3709 39.1918 16.1379 11.5693 4.56853 11.6287 10.3513 23.054 22.5689 27.6547 23.8081 3.54957 20.2585 3.84661 75.5323 23.3564 0.566431 22.79 52.1759 12.6377 39.5382 3.36246 0.742239 0.562723
internal_count=18720 15153 3567 574 2993 1505 985 520 454 429 1488 1460 3429 2919 399 2520 510 11724 3437 58 3379 8287 1961 6326 469 120 90
is_linear=0
shrinkage=0.01


Tree=38
num_leaves=21
num_cat=0
split_feature=1 0 0 0 0 0 1 1 0 0 0 0 1 1 0 0 1 1 1 0
split_gain=2.4272 2.59791 1.77044 1.59071 2.46295 1.96449 4.25818 1.92371 1.83797 1.6814 1.36245 3.31527 1.95586 1.45288 1.0212 9.46902e-06 8.7048e-06 3.13512e-06 9.41302e-07 7.03831e-08
threshold=0.17166666666666672 65.610000000000014 15.820000000000002 71.163333333333341 76.315000000000012 68.860000000000014 0.13500000000000004 0.14166666666666669 77.928333333333356 64.158333333333346 46.491666666666681 46.728333333333339 0.17833333333333334 0.18166666666666673 36.431666666666679 37.338333333333345 0.14500000000000005 0.15833333333333341 0.15500000000000005 13.535000000000002
decision_type=2 2 2 2 2 2 2 2 2 2 2 2 2 2 2 2 2 2 2 2
left_child=2 10 16 5 7 9 -7 -5 -6 -4 13 -12 -13 14 -2 -15 -1 18 -18 -19
right_child=1 -3 3 4 8 6 -8 -9 -10 -11 11 12 -14 15 -16 -17 17 19 -20 -21
leaf_value=-0.010143395793355504 -0.00038954529289287742 0.028849960392476212 0.0012449235329799423 -0.0085721639657986466 0.010747613330834077 -0.0051736908934494012 0.012692045632571678 0.0017028768877922792 -0.001460119971926676 -0.0024362098542880443 0.040151750448436233 -0.0057975557909951741 0.003090878937859168 -0.010066654737006193 -0.0063568441900851494 -0.010097065360464128 -0.010083591665091944 -0.010066400311595725 -0.010109700514141909 -0.010073930740094257
leaf_weight=0.29932611435651679 6.1779591748490983 0.25656590051948924 92.479401162359864 6.4543610815890116 1.9139667581766833 2.0158223835751405 3.9447180074639618 2.5388211030513048 3.4679083223454654 14.331012642942367 0.19888900965452094 4.6666854526847583 5.2728360276669264 1.92528252955526 5.3525039171800017 2.1869368082843721 0.21924683777615406 0.49047894263640046 0.37303237756714225 0.16616452485322952
leaf_count=30 816 24 10992 780 198 228 438 288 420 1710 18 642 576 306 762 318 30 78 42 24
internal_value=-2.93266e-05 -0.00281379 0.000534031 0.000663459 -0.00246938 0.00106281 0.00664995 -0.00567147 0.00288134 0.000751017 -0.0031289 -0.000273409 -0.00108231 -0.00497961 -0.0031596 -0.0100828 -0.010095 -0.0100834 -0.0101 -0.0100683
internal_weight=154.732 26.0377 128.694 127.146 14.3751 112.771 5.96054 8.99318 5.38188 106.81 25.7811 10.1384 9.93952 15.6427 11.5305 4.11222 1.54825 1.24892 0.592279 0.656643
internal_count=18720 3462 15258 15054 1686 13368 666 1068 618 12702 3438 1236 1218 2202 1578 624 204 174 72 102
is_linear=0
shrinkage=0.01


Tree=39
num_leaves=29
num_cat=0
split_feature=7 7 7 7 7 1 7 7 1 7 1 1 1 7 1 1 7 1 7 1 7 7 7 7 7 7 1 1
split_gain=121.948 12.2344 9.19771 5.98372 2.55513 3.26147 4.94069 2.53697 7.25568 2.29308 3.77917 2.0274 3.43361 2.64102 2.01132 1.9233 1.85374 1.77092 1.13913 1.14516 1.69915 0.986878 0.111185 1.84094 0.19961 1.15247e-07 1.19221e-08 1.02838e-10
threshold=64.050000000000011 154.05000000000004 17.750000000000004 1.0000000180025095e-35 46.350000000000001 0.12500000000000003 50.850000000000001 9.4500000000000011 0.13833333333333339 21.250000000000004 0.16500000000000004 0.17166666666666672 0.16500000000000004 78.450000000000017 0.12833333333333338 0.14166666666666669 122.65000000000002 0.18500000000000003 304.55000000000007 0.12500000000000003 189.15000000000001 257.05000000000007 449.45000000000005 429.95000000000005 1137.5000000000002 140.25000000000003 0.17166666666666672 0.15833333333333341
decision_type=2 2 2 2 2 2 2 2 2 2 2 2 2 2 2 2 2 2 2 2 2 2 2 2 2 2 2 2
left_child=2 11 3 26 9 -6 -7 8 -5 15 -11 12 16 -14 -9 -4 -2 25 19 20 -3 -21 23 -20 -24 -13 27 -1
right_child=1 18 4 7 5 6 -8 14 -10 10 -12 17 13 -15 -16 -17 -18 -19 22 21 -22 -23 24 -25 -26 -27 -28 -29
leaf_value=-0.010062637811699427 -0.0033575123685751613 0.024438429272980466 -0.010100340771957081 0.041645403288635016 0.029613298608726454 -0.010100002012314509 0.0075206996088797206 0.0018253948735386253 0.015440798785487963 0.0096079142019919253 0.019329414490330241 -0.010072701296599033 -0.010074798042986159 0.013198530710564956 0.017901752031773004 0.0077240959911595445 0.00303796622485146 0.010306659275674828 -0.010062114453704515 -0.0082484167859346123 -0.010063890116627124 -0.0035503285000684261 -0.010062117580693742 0.00075593202039475409 -0.0085525646665793424 -0.010066438661057345 -0.010059754575653557 -0.01006292568949714
leaf_weight=0.37116017751395958 13.393205793574461 0.28842737711966293 0.82997276494279804 1.727975688874724 0.50150073505937953 2.0767283886671049 6.8070952417328954 0.82724351342767377 2.7196619613096118 15.182992491405459 5.4285286478698245 2.9928312697447836 0.58203356713056509 3.0048925345763564 13.134116049855946 2.2369205802679062 6.8501406903378657 0.48929834458976973 10.686070012394337 16.498702479060743 0.28258015820756555 6.133303841110318 25.917162072844803 1.8445806950330723 13.231786059215663 0.32583356788381923 0.1769093731418252 0.1864143256098032
leaf_count=60 1763 13 85 43 20 217 656 36 111 1153 397 419 79 320 579 150 757 41 1744 2509 45 870 4231 217 2095 50 30 30
internal_value=-2.9134e-05 -0.00636436 0.0124115 0.0179277 0.00921773 0.0048022 0.00340159 0.0190445 0.0256217 0.0109679 0.0121683 -0.000678188 0.000404483 0.00942208 0.0169492 0.00290039 -0.00119335 -0.00745355 -0.00846306 -0.00662235 0.00736392 -0.00697523 -0.00928949 -0.00846964 -0.00955191 -0.0100721 -0.010062 -0.0100627
internal_weight=154.728 102.521 52.2072 19.1435 33.0637 9.38532 8.88382 18.409 4.44764 23.6784 20.6115 27.6382 23.8303 3.58693 13.9614 3.06689 20.2433 3.80796 74.8826 23.203 0.571008 22.632 51.6796 12.5307 39.1489 3.31866 0.734484 0.557575
internal_count=18720 15153 3567 889 2678 893 873 769 154 1785 1550 3429 2919 399 615 235 2520 510 11724 3437 58 3379 8287 1961 6326 469 120 90
is_linear=0
shrinkage=0.01


Tree=40
num_leaves=29
num_cat=0
split_feature=7 7 7 7 1 1 7 1 1 1 1 7 1 1 7 7 1 7 7 1 7 7 7 7 7 7 1 1
split_gain=118.837 12.1764 8.69045 6.29162 4.44439 5.49464 3.00932 3.87034 4.03786 3.75225 4.13768 3.61996 2.00241 3.33636 2.55698 1.82095 1.74824 1.64954 1.14374 1.12914 1.63113 0.988228 0.111958 1.83643 0.201185 1.11811e-07 1.15719e-08 9.97866e-11
threshold=64.050000000000011 154.05000000000004 14.550000000000002 1.0000000180025095e-35 0.17833333333333334 0.16500000000000004 35.750000000000007 0.14166666666666669 0.14500000000000005 0.17500000000000002 0.15833333333333341 56.95000000000001 0.17166666666666672 0.16500000000000004 78.450000000000017 126.25000000000001 0.18500000000000003 29.550000000000004 304.55000000000007 0.12500000000000003 189.15000000000001 300.95000000000005 449.45000000000005 429.95000000000005 1137.5000000000002 140.25000000000003 0.17166666666666672 0.15833333333333341
decision_type=2 2 2 2 2 2 2 2 2 2 2 2 2 2 2 2 2 2 2 2 2 2 2 2 2 2 2 2
left_child=2 12 3 26 5 -5 9 11 -9 10 -4 -8 13 15 -15 -2 25 -11 19 20 -3 -21 23 -20 -24 -14 27 -1
right_child=1 18 6 4 -6 -7 7 8 -10 17 -12 -13 16 14 -16 -17 -18 -19 22 21 -22 -23 24 -25 -26 -27 -28 -29
leaf_value=-0.010062010916709456 -0.0031044457326796916 0.023633674407712794 0.010112979178496335 0.020331006842248981 0.036448034516642934 -0.0019846583184373067 -0.0070424429549697512 0.025279281191153566 0.007248150579200187 -0.010167170714478481 0.019881436671830927 0.012562631992564462 -0.010071972599760472 -0.010074048134672005 0.012897658468573827 0.0035038308336026681 0.010101153183744653 0.013109839592698201 -0.010061492634419609 -0.007317254362317005 -0.010063250188713641 0.005130537674291359 -0.010061496047910791 0.00074781486711017475 -0.0085392017253226038 -0.01006577329679955 -0.01005915618179797 -0.010062295904015117
leaf_weight=0.36748985946178336 14.340015223249802 0.29523113556206482 13.800539649557328 11.42666416428983 1.4878072105348099 1.2212937362492073 3.2775030508637455 1.4110663151368488 10.36287690233439 1.0411192569881667 6.3227863889187566 1.3215845776721833 2.9632653729058802 0.57628491753712241 3.0440399795770645 5.8795526348985723 0.4942353544756769 0.43026357796043146 10.580392364878206 21.819847691804174 0.2797861360013485 0.6569859404116859 25.660859806463122 1.8459516619332124 13.120525520294903 0.32261268841102708 0.1751594552770257 0.1845709690824151
leaf_count=60 1876 13 889 439 28 74 403 95 890 84 394 117 419 79 320 644 41 34 1744 3305 45 74 4231 217 2095 50 30 30
internal_value=-2.9466e-05 -0.00634073 0.0121413 0.0186236 0.0200993 0.0181762 0.00960367 0.00637044 0.00940912 0.0120551 0.0131822 -0.00140877 -0.00067206 0.000400112 0.00924101 -0.00118286 -0.00743388 -0.00336048 -0.00844912 -0.00659942 0.00723776 -0.00695341 -0.00928179 -0.00845575 -0.00954647 -0.0100714 -0.0100614 -0.0100621
internal_weight=154.71 101.88 52.8307 14.863 14.1358 12.648 37.9677 16.373 11.7739 21.5947 20.1233 4.59909 27.62 23.8399 3.62032 20.2196 3.78011 1.47138 74.2596 23.0519 0.575017 22.4768 51.2077 12.4263 38.7814 3.28588 0.72722 0.552061
internal_count=18720 15153 3567 661 541 513 2906 1505 985 1401 1283 520 3429 2919 399 2520 510 118 11724 3437 58 3379 8287 1961 6326 469 120 90
is_linear=0
shrinkage=0.01


Tree=41
num_leaves=29
num_cat=0
split_feature=7 7 7 7 7 1 7 7 1 7 1 1 1 7 1 1 7 1 7 1 7 7 7 7 1 7 1 1
split_gain=115.835 12.1183 8.25593 5.47506 2.37764 3.09793 4.78831 2.28089 6.45289 2.18386 3.47042 1.97768 3.24245 2.47679 1.87164 1.85841 1.78985 1.72616 1.14831 1.11343 1.56727 0.989827 0.112734 1.83192 0.202934 1.08487e-07 1.12236e-08 9.74087e-11
threshold=64.050000000000011 154.05000000000004 17.750000000000004 1.0000000180025095e-35 46.350000000000001 0.12500000000000003 50.850000000000001 9.4500000000000011 0.13833333333333339 21.250000000000004 0.16500000000000004 0.17166666666666672 0.16500000000000004 78.450000000000017 0.12833333333333338 0.14166666666666669 122.65000000000002 0.18500000000000003 304.55000000000007 0.12500000000000003 189.15000000000001 257.05000000000007 449.45000000000005 429.95000000000005 0.13166666666666668 140.25000000000003 0.17166666666666672 0.15833333333333341
decision_type=2 2 2 2 2 2 2 2 2 2 2 2 2 2 2 2 2 2 2 2 2 2 2 2 2 2 2 2
left_child=2 11 3 26 9 -6 -7 8 -5 15 -11 12 16 -14 -9 -4 -2 25 19 20 -3 -21 23 -20 -24 -13 27 -1
right_child=1 18 4 7 5 6 -8 14 -10 10 -12 17 13 -15 -16 -17 -18 -19 22 21 -22 -23 24 -25 -26 -27 -28 -29
leaf_value=-0.010061389706768589 -0.0033141196077053517 0.022873658943078076 -0.010100341856673805 0.038750764037149409 0.028441362122545374 -0.010099764606420614 0.007250170730714287 0.0016040719879056211 0.014612900729221254 0.0092463265488736679 0.018435684804434253 -0.010071251455664178 -0.010073305993150036 0.012607422572791729 0.016966087216248937 0.0073748523203845786 0.0029656106749202048 0.0099017625033700311 -0.010060877257117982 -0.0082192391876680093 -0.010062616917589995 -0.0034881578142125177 -0.007277699935661866 0.00073978934003930176 -0.0097743887241479883 -0.010065114614648228 -0.010058564550597355 -0.010061672680501095
leaf_weight=0.36385561712086456 13.308254186995336 0.30195567943156021 0.82998305186629595 1.8286190330982233 0.51656408980488677 2.0661579016596061 6.9124228237196803 0.84228780213743348 2.8086194396018982 15.463484907057138 5.5973073365166774 2.9339894149452448 0.57059260364621822 3.0827778056263924 13.579899467527865 2.2810257468372583 6.8877669963985673 0.49912094324827183 10.475753473583607 16.247204715851698 0.27701956266537309 6.0759723982773712 3.5912681962363413 1.847308822441845 34.826169817708433 0.3194234357215463 0.17342674545943737 0.1827457258477807
leaf_count=60 1763 13 85 43 20 217 656 36 111 1153 397 419 79 320 579 150 757 41 1744 2509 45 870 585 217 5741 50 30 30
internal_value=-2.97931e-05 -0.00631704 0.0118803 0.0170079 0.00886775 0.00462766 0.00325759 0.0180305 0.0241313 0.0105333 0.0116886 -0.000665982 0.000395793 0.00906509 0.0160689 0.00271266 -0.00117244 -0.00741414 -0.00843511 -0.00657643 0.00711479 -0.00693152 -0.00927404 -0.00844179 -0.009541 -0.0100706 -0.0100608 -0.0100615
internal_weight=154.691 101.245 53.4464 19.7795 33.6669 9.49514 8.97858 19.0594 4.63724 24.1718 21.0608 27.6019 23.8494 3.65337 14.4222 3.11101 20.196 3.75253 73.6427 22.9022 0.578975 22.3232 50.7405 12.3231 38.4174 3.25341 0.720028 0.546601
internal_count=18720 15153 3567 889 2678 893 873 769 154 1785 1550 3429 2919 399 615 235 2520 510 11724 3437 58 3379 8287 1961 6326 469 120 90
is_linear=0
shrinkage=0.01


Tree=42
num_leaves=28
num_cat=0
split_feature=7 7 7 7 7 1 1 7 1 1 1 1 1 1 7 7 1 7 1 7 7 7 7 7 7 1 1
split_gain=112.935 12.0599 7.84952 6.06326 3.10912 4.68058 3.72512 3.10853 2.34119 9.54299 2.32189 4.06569 1.95323 3.15172 2.43305 1.75688 1.70466 1.15286 1.09804 1.50722 0.988235 0.113512 1.82742 0.20471 1.05261e-07 1.08913e-08 9.4537e-11
threshold=64.050000000000011 154.05000000000004 13.550000000000002 1.0000000180025095e-35 32.050000000000004 0.14166666666666669 0.15833333333333341 56.95000000000001 0.17833333333333334 0.16500000000000004 0.12500000000000003 0.12833333333333338 0.17166666666666672 0.16500000000000004 138.05000000000004 122.65000000000002 0.18500000000000003 304.55000000000007 0.12500000000000003 189.15000000000001 257.05000000000007 449.45000000000005 429.95000000000005 1137.5000000000002 140.25000000000003 0.17166666666666672 0.15833333333333341
decision_type=2 2 2 2 2 2 2 2 2 2 2 2 2 2 2 2 2 2 2 2 2 2 2 2 2 2 2
left_child=2 12 3 25 10 7 -7 -6 9 -5 -4 -12 13 15 -15 -2 24 18 19 -3 -20 22 -19 -23 -14 26 -1
right_child=1 17 4 8 5 6 -8 -9 -10 -11 11 -13 16 14 -16 -17 -18 21 20 -21 -22 23 -24 -25 -26 -27 -28
leaf_value=-0.01006077537831402 -0.0032917579404605772 0.022154753404846961 -0.010214742075623338 0.021383578118999817 -0.0053708042707134966 0.01542193882772315 0.0050900874331827684 0.012047809835305361 0.032088316019791917 -0.010173205995498355 0.030213228430383082 0.011498510911793694 -0.010070537459862796 0.012369987472640011 -0.010095810177216225 0.0029273910717488661 0.0097082273928853664 -0.010060268058064908 -0.0082036612987069282 -0.010061990348185938 -0.0034652318696011862 -0.010060303789169445 0.0007318567854073839 -0.0085105534869201419 -0.01006446242839709 -0.010057978495060299 -0.010061055538554365
leaf_weight=0.36025708168744941 13.26489140652121 0.30860218033194797 0.45512735703960316 10.092831892892717 4.2302187983877984 6.2591237472370249 7.8868193877860904 1.3519797893241046 1.4042407684028138 1.0588284516707052 1.234833544120195 19.368979874998331 2.9050006540492177 3.1157621373422439 0.57030449621379364 6.9078137897886327 0.5039556655101477 10.372143026441334 16.11593467369676 0.27428016904741526 6.0551144587807348 25.1691227350384 1.8486524568870653 12.887949971016495 0.31626550620421756 0.17171107325702906 0.18093841709196568
leaf_count=60 1763 13 25 365 491 470 662 117 25 64 56 1172 419 337 62 757 41 1744 2509 45 870 4231 217 2095 50 30 30
internal_value=-3.00855e-05 -0.0062933 0.0116278 0.0183089 0.00945434 0.00660179 0.0096616 -0.00115211 0.0199196 0.0183873 0.0121266 0.0126201 -0.000659953 0.000391525 0.0088941 -0.00116211 -0.00739431 -0.008421 -0.00655337 0.00699489 -0.00690955 -0.00926623 -0.00842773 -0.00953548 -0.0100699 -0.0100602 -0.0100609
internal_weight=154.672 100.616 54.0559 13.2688 40.7871 19.7281 14.1459 5.5822 12.5559 11.1517 21.0589 20.6038 27.584 23.8588 3.68607 20.1727 3.72522 73.0318 22.7539 0.582882 22.171 50.2779 12.2208 38.0571 3.22127 0.712907 0.541195
internal_count=18720 15153 3567 574 2993 1740 1132 608 454 429 1253 1228 3429 2919 399 2520 510 11724 3437 58 3379 8287 1961 6326 469 120 90
is_linear=0
shrinkage=0.01


Tree=43
num_leaves=30
num_cat=0
split_feature=7 7 7 1 7 7 1 7 7 1 1 1 1 1 1 7 7 1 1 7 1 7 7 7 7 7 7 1 1
split_gain=110.134 12.0013 7.45818 4.52012 4.23105 4.48607 3.54451 3.03031 8.4747 2.2769 2.16204 2.01958 1.93932 1.92904 3.06401 2.38893 1.72602 1.68372 1.44544 1.15738 1.08295 1.45067 0.98659 0.114293 1.82292 0.206316 1.02124e-07 1.05659e-08 9.16054e-11
threshold=64.050000000000011 154.05000000000004 32.050000000000004 0.14166666666666669 1.0000000180025095e-35 13.550000000000002 0.15833333333333341 56.95000000000001 58.350000000000001 0.15833333333333341 0.17833333333333334 0.15500000000000005 0.16833333333333336 0.17166666666666672 0.16500000000000004 78.450000000000017 126.25000000000001 0.18500000000000003 0.12500000000000003 304.55000000000007 0.12500000000000003 189.15000000000001 257.05000000000007 449.45000000000005 429.95000000000005 1137.5000000000002 140.25000000000003 0.17166666666666672 0.15833333333333341
decision_type=2 2 2 2 2 2 2 2 2 2 2 2 2 2 2 2 2 2 2 2 2 2 2 2 2 2 2 2 2
left_child=2 13 4 7 27 10 11 18 -9 -7 -6 -5 -8 14 16 -16 -2 26 -4 20 21 -3 -22 24 -21 -25 -15 28 -1
right_child=1 19 3 6 5 9 12 8 -10 -11 -12 -13 -14 17 15 -17 -18 -19 -20 23 22 -23 -24 25 -26 -27 -28 -29 -30
leaf_value=-0.010060166653645683 -0.0030427937057520798 0.021473721195534892 0.011264036057659951 0.012518193629763585 0.017890320127548643 0.0094414310910719244 3.4254115339640617e-05 0.0604901920348625 -0.00093312391919414582 0.01627423888721501 0.030880466133655297 0.027646864276963484 0.009927436735212368 -0.010069830553568302 -0.010073474444379402 0.012144776629844796 0.0033781878229263186 0.0095203019201024405 -0.007413410787094725 -0.010059664307353118 -0.0081879933076779224 -0.010061369642754021 -0.0034423789752562788 -0.010059700070492563 0.00072401467272372897 -0.0084969262949437605 -0.010063816939550845 -0.010057398084324539 -0.010060443809605772
leaf_weight=0.3566939402371635 14.21569215087221 0.31517173536122101 0.46593904867768543 5.2948135118931514 11.345598472282289 13.748025626875462 3.9363841684535146 0.2832959834486245 1.084608902223408 7.5580161632969967 1.4443665109574784 1.0588460229337213 3.989682381041348 2.8762962841428816 0.57188543910160605 3.1465916698798537 5.9339253739453843 0.50874008936807502 3.7420605183579028 10.269551326520739 15.985957105644049 0.27156770136207342 6.034463668242096 24.92017382197082 1.8499825634062279 12.780074595473705 0.31313859531655897 0.17001228220760822 0.17914888355880976
leaf_count=60 1876 13 30 385 429 796 324 27 90 457 25 85 338 419 79 320 644 41 461 1744 2509 45 870 4231 217 2095 50 30 30
internal_value=-3.03785e-05 -0.0062695 0.0113838 0.00649332 0.014174 0.0146757 0.00947479 -0.00114215 0.0117878 0.0118653 0.0193573 0.0150394 0.00501411 -0.000653971 0.000387307 0.00872771 -0.00115186 -0.0073744 -0.00534531 -0.00840681 -0.00653024 0.00687795 -0.00688751 -0.00925836 -0.00841359 -0.00952993 -0.0100692 -0.0100596 -0.0100603
internal_weight=154.651 99.9932 54.6575 19.8556 34.8019 34.096 14.2797 5.5759 1.3679 21.306 12.79 6.35366 7.92607 27.5663 23.8681 3.71848 20.1496 3.69817 4.208 72.4269 22.6072 0.586739 22.0204 49.8198 12.1195 37.7002 3.18943 0.705855 0.535843
internal_count=18720 15153 3567 1740 1827 1707 1132 608 117 1253 454 470 662 3429 2919 399 2520 510 491 11724 3437 58 3379 8287 1961 6326 469 120 90
is_linear=0
shrinkage=0.01


Tree=44
num_leaves=30
num_cat=0
split_feature=7 7 7 1 7 7 1 7 7 7 7 1 1 1 1 7 7 1 1 7 1 7 7 7 7 1 7 1 1
split_gain=107.424 11.9425 7.09425 4.3671 4.07387 4.21778 3.38312 5.65768 5.15603 2.95304 7.73966 2.21343 2.00153 1.90512 2.97926 2.34795 1.69636 1.66332 1.4189 1.16186 1.06814 1.39734 0.98489 0.115077 1.81842 0.20814 9.90889e-08 1.02512e-08 8.90225e-11
threshold=64.050000000000011 154.05000000000004 32.050000000000004 0.14166666666666669 1.0000000180025095e-35 13.550000000000002 0.1483333333333334 50.850000000000001 46.350000000000001 56.95000000000001 58.350000000000001 0.12500000000000003 0.17833333333333334 0.17166666666666672 0.16500000000000004 138.05000000000004 122.65000000000002 0.18500000000000003 0.12500000000000003 304.55000000000007 0.12500000000000003 189.15000000000001 257.05000000000007 449.45000000000005 429.95000000000005 0.13166666666666668 140.25000000000003 0.17166666666666672 0.15833333333333341
decision_type=2 2 2 2 2 2 2 2 2 2 2 2 2 2 2 2 2 2 2 2 2 2 2 2 2 2 2 2 2
left_child=2 13 4 9 27 12 7 -5 -8 18 -11 -7 -6 14 16 -16 -2 26 -4 20 21 -3 -22 24 -21 -25 -15 28 -1
right_child=1 19 3 6 5 11 8 -9 -10 10 -12 -13 -14 17 15 -17 -18 -19 -20 23 22 -23 -24 25 -26 -27 -28 -29 -30
leaf_value=-0.010059564426979171 -0.0032488143608947564 0.020827647631877434 0.011030722084748779 0.0089530577449579412 0.017414969032566792 -0.0102145768162868 0.013024041141492002 0.037381907839710141 -0.00054062213780815664 0.056427685001463265 -0.00092463344957428449 0.012083071027412261 0.029753150615466923 -0.01006913102804035 0.011920590876236099 -0.010096006775526172 0.0028582568811622421 0.0093377539260825482 -0.0073932312774559108 -0.010059067324222222 -0.0081722351721317619 -0.010060754895000197 -0.003419599657678421 -0.007202263875961029 0.0007162620389266546 -0.0097643492690404256 -0.010063177945504063 -0.010056823889314 -0.010059839009041305
leaf_weight=0.35316579602658649 13.182395001873383 0.32166550308466213 0.47101046983152883 2.0922661609947677 11.53774546459317 0.45479029323905962 6.0427182223647815 1.0520235830917952 5.2253289353102446 0.30056328140199173 1.0836276197805998 21.095950685441494 1.4838967658579338 2.8478735093958676 3.1790417544543739 0.57145198993384827 6.9443601164966813 0.51347476895898569 3.7148879831656814 10.167967945802955 15.857259599491956 0.26888189930468798 6.0140177085995665 3.4985287822782984 1.8512993827462185 33.84840521030128 0.31004239944741119 0.16833019629120827 0.17737693246454
leaf_count=60 1763 13 30 134 429 25 433 75 490 27 90 1228 25 419 337 62 757 41 461 1744 2509 45 870 585 217 5741 50 30 30
internal_value=-3.06574e-05 -0.00624565 0.0111473 0.00638677 0.0138444 0.0143276 0.00929305 0.0184648 0.0067337 -0.00113307 0.0115289 0.0116125 0.018821 -0.000648041 0.000383138 0.00856598 -0.00114168 -0.00735441 -0.00532011 -0.00839254 -0.00650706 0.00676386 -0.00686539 -0.00925044 -0.00839937 -0.00952434 -0.0100685 -0.010059 -0.0100597
internal_weight=154.63 99.3767 55.2537 19.9824 35.2713 34.5724 14.4123 3.14429 11.268 5.57009 1.38419 21.5507 13.0216 27.5486 23.8772 3.75049 20.1268 3.67139 4.1859 71.828 22.4618 0.590547 21.8713 49.3662 12.0193 37.3469 3.15792 0.698873 0.530543
internal_count=18720 15153 3567 1740 1827 1707 1132 209 923 608 117 1253 454 3429 2919 399 2520 510 491 11724 3437 58 3379 8287 1961 6326 469 120 90
is_linear=0
shrinkage=0.01


Tree=45
num_leaves=29
num_cat=0
split_feature=7 7 7 1 7 7 1 1 1 7 1 1 7 1 1 7 7 1 7 1 7 7 7 7 7 7 1 1
split_gain=104.802 11.8835 6.75298 4.22017 3.92513 3.97019 3.26264 2.91151 2.14165 2.00497 1.88145 2.89726 2.30643 1.86402 1.85715 1.855 1.66514 1.64342 1.16631 1.05361 1.34698 0.984002 0.115862 1.81392 0.209918 9.61398e-08 9.9446e-09 8.6686e-11
threshold=64.050000000000011 154.05000000000004 32.050000000000004 0.14166666666666669 1.0000000180025095e-35 13.550000000000002 0.15833333333333341 0.12500000000000003 0.12500000000000003 55.45000000000001 0.17166666666666672 0.16500000000000004 78.450000000000017 0.16833333333333336 0.17833333333333334 56.95000000000001 122.65000000000002 0.18500000000000003 304.55000000000007 0.12500000000000003 189.15000000000001 300.95000000000005 449.45000000000005 429.95000000000005 1137.5000000000002 140.25000000000003 0.17166666666666672 0.15833333333333341
decision_type=2 2 2 2 2 2 2 2 2 2 2 2 2 2 2 2 2 2 2 2 2 2 2 2 2 2 2 2
left_child=2 10 4 7 26 14 9 -4 -7 -5 11 16 -13 -8 -6 -9 -2 25 19 20 -3 -21 23 -20 -24 -12 27 -1
right_child=1 18 3 6 5 8 13 15 -10 -11 17 12 -14 -15 -16 -17 -18 -19 22 21 -22 -23 24 -25 -26 -27 -28 -29
leaf_value=-0.010058967844507541 -0.0032266865032269483 0.020213917419615632 0.017704151467602861 0.017296194656566906 0.016960163286115184 -0.010212403460192759 -3.4716360481909308e-05 -0.007372966544946612 0.011823386343786744 0.003885825728324529 -0.010068438485504759 -0.010073610485225419 0.01170794270113862 0.0096102008054757045 0.028698504666472415 0.0071228375661419822 0.002821720644319146 0.0091603621562670358 -0.010058476208516545 -0.0072173918224220672 -0.010060147196602224 0.0052617063198022304 -0.010058543575330993 0.00070859762693020311 -0.0084676609713378367 -0.01006254545454322 -0.010056255318800755 -0.010059240149195329
leaf_weight=0.34967236965894599 13.140281118452558 0.32808453775942581 0.71566770318895834 5.1006713155657044 11.727698653936384 0.45036039734259503 3.9628431769087893 3.6879824874922633 21.342444557696581 1.42672105692327 2.819729670882225 0.57292731059715096 3.2093037143349648 4.0533495489507914 1.5228432528674591 1.1606116304174063 6.9638356841169289 0.51816024351865042 10.067383870016782 21.072198396082971 0.2662224886007607 0.651405886746942 24.442920264322311 1.852602979633956 12.554179661441593 0.30697662476450194 0.16666465625166893 0.17562240734696388
leaf_count=60 1763 13 38 357 429 25 324 461 1228 113 419 79 320 338 25 109 757 41 1744 3305 45 74 4231 217 2095 50 30 30
internal_value=-3.09389e-05 -0.00622175 0.0109184 0.00628252 0.0135269 0.0139926 0.00911619 -0.001124 0.011368 0.014365 -0.000642158 0.000379017 0.0084085 0.00484219 0.0183092 -0.00390309 -0.00113159 -0.00733434 -0.00837818 -0.00648381 0.00665251 -0.00684319 -0.00924247 -0.00838506 -0.00951871 -0.0100679 -0.0100584 -0.0100591
internal_weight=154.609 98.7662 55.8432 20.1078 35.7353 35.0433 14.5436 5.56426 21.7928 6.52739 27.5312 23.8863 3.78223 8.01619 13.2505 4.84859 20.1041 3.64487 71.235 22.3179 0.594307 21.7236 48.9171 11.92 36.9971 3.12671 0.691959 0.525295
internal_count=18720 15153 3567 1740 1827 1707 1132 608 1253 470 3429 2919 399 662 454 570 2520 510 11724 3437 58 3379 8287 1961 6326 469 120 90
is_linear=0
shrinkage=0.01


Tree=46
num_leaves=27
num_cat=0
split_feature=0 0 1 0 0 1 1 1 1 0 0 0 0 0 0 0 1 1 1 0 1 0 0 1 0 0
split_gain=2.19758 2.78536 5.93757 16.2223 5.04613 2.93516 2.71726 1.97196 1.57729 2.53596 2.94411 1.51797 2.43155 1.9054 1.29293 1.53418 2.93353 1.07805 0.464058 0.000123101 1.24594e-05 7.81078e-06 2.05058e-05 4.65692e-06 3.82999e-06 1.41207e-06
threshold=33.466666666666676 36.800000000000004 0.14500000000000005 34.20333333333334 36.431666666666679 0.16500000000000004 0.16833333333333336 0.17500000000000002 0.17166666666666672 46.491666666666681 46.728333333333339 71.163333333333341 76.315000000000012 68.860000000000014 15.820000000000002 26.83666666666667 0.16833333333333336 0.16166666666666671 0.17833333333333334 32.705000000000005 0.14500000000000005 30.411666666666669 30.915000000000003 0.15833333333333341 34.831666666666678 21.883333333333336
decision_type=2 2 2 2 2 2 2 2 2 2 2 2 2 2 2 2 2 2 2 2 2 2 2 2 2 2
left_child=7 2 3 -2 -5 24 -7 14 11 18 -11 13 -13 -3 20 16 -16 -17 -10 21 -1 25 -23 -22 -4 -9
right_child=1 8 5 4 -6 6 -8 19 9 10 -12 12 -14 -15 15 17 -18 -19 -20 -21 23 22 -24 -25 -26 -27
leaf_value=-0.01015704544593901 0.088585648261131494 0.00060494590481643289 -0.010075621785223629 -0.0016529476165276008 0.039310337970867908 0.020174882103805906 0.0013986097111728724 -0.010059546144290853 -0.01007501512777457 0.037516035537210321 -0.00032628279339920485 -0.0056909536217598297 0.0027890047044859811 0.006408895359013708 -0.00093302315258488326 -0.00016817312341982777 0.014333307858259973 -0.007539104547626416 -0.004959209414714962 -0.010264029530240356 -0.010107069799662376 -0.010169151013505908 -0.010063673261278652 -0.010069683240213496 -0.010108163471270309 -0.010076811548027734
leaf_weight=0.30375277204439655 0.30387504072859783 88.578460067510605 0.53990193456411351 1.1774780265986917 0.40387243824079622 0.99022070271894325 3.4774665995500982 0.69240207551047239 3.2729992098175016 0.20983196888118882 10.165902266744522 9.0067467875778657 5.4139540162868789 6.042223689146339 5.4432115154340845 4.0210610828362405 1.6373133813031016 3.9172817803919315 3.8693707026541233 0.41934745665639628 0.59592213388532378 0.32149588456377376 0.4319466263987124 0.75563763314858079 1.0956154745072124 1.499692848883569
leaf_count=30 30 10488 78 138 36 108 462 120 504 18 1242 1068 618 666 648 468 210 516 558 48 72 36 72 120 132 234
internal_value=-3.11586e-05 0.000428977 0.00615587 0.021668 0.00880896 0.00136432 0.00556019 -0.00312064 6.74962e-05 -0.00271773 0.000439015 0.000514958 -0.00250733 0.000975571 -0.00171144 -0.000786981 0.00259719 -0.00380546 -0.00730353 -0.0101037 -0.0100992 -0.0100809 -0.0101087 -0.0100862 -0.0100974 -0.0100714
internal_weight=154.587 134.548 7.98843 1.88523 1.58135 6.1032 4.46769 20.0391 126.559 17.5181 10.3757 109.041 14.4207 94.6207 16.6742 15.0189 7.08052 7.93834 7.14237 3.36488 1.65531 2.94554 0.753443 1.35156 1.63552 2.19209
internal_count=18720 16146 984 204 174 780 570 2574 15162 2322 1260 12840 1686 11154 2064 1842 858 984 1062 510 222 462 108 192 210 354
is_linear=0
shrinkage=0.01


Tree=47
num_leaves=27
num_cat=0
split_feature=0 0 1 0 0 1 1 1 1 0 0 0 0 0 0 0 1 1 1 0 1 0 0 1 0 0
split_gain=2.15967 2.70989 5.64891 14.1329 4.7281 2.88582 2.5929 1.96132 1.5493 2.50907 2.78089 1.48932 2.39584 1.8529 1.28303 1.50655 2.83 1.06869 0.465043 0.000119584 1.20919e-05 7.58681e-06 1.99154e-05 4.51907e-06 3.71717e-06 1.37079e-06
threshold=33.466666666666676 36.800000000000004 0.14500000000000005 34.20333333333334 36.431666666666679 0.16500000000000004 0.16833333333333336 0.17500000000000002 0.17166666666666672 46.491666666666681 46.728333333333339 71.163333333333341 76.315000000000012 68.860000000000014 15.820000000000002 26.83666666666667 0.16833333333333336 0.16166666666666671 0.17833333333333334 32.705000000000005 0.14500000000000005 30.411666666666669 30.915000000000003 0.15833333333333341 34.831666666666678 21.883333333333336
decision_type=2 2 2 2 2 2 2 2 2 2 2 2 2 2 2 2 2 2 2 2 2 2 2 2 2 2
left_child=7 2 3 -2 -5 24 -7 14 11 18 -11 13 -13 -3 20 16 -16 -17 -10 21 -1 25 -23 -22 -4 -9
right_child=1 8 5 4 -6 6 -8 19 9 10 -12 12 -14 -15 15 17 -18 -19 -20 -21 23 22 -24 -25 -26 -27
leaf_value=-0.010155475810608643 0.08043217276836126 0.00059854088588604502 -0.010074864998980113 -0.0016390616268294794 0.037470918060093394 0.019581794324172178 0.0013827182190274052 -0.010058950754385352 -0.01007426544726189 0.035804625715370055 -0.00032312264329887436 -0.0056655257733488401 0.0027535974458458103 0.006305193761070694 -0.00092453933836763214 -0.00016651884952726236 0.013990905772547496 -0.007519450110667728 -0.0049335423425910709 -0.010261476262874047 -0.01010599843701661 -0.010167499005581058 -0.010063036112843758 -0.010068986437994532 -0.010107083130164309 -0.010076046680969727
leaf_weight=0.300776627380407 0.3311840151436608 88.630798182450235 0.53456977289170016 1.1755884643644092 0.419380398467183 1.0099090081639586 3.4822340728715062 0.6855529407039288 3.2406722255982485 0.21762244589626689 10.162689545657484 8.9569491608999652 5.4286591694690278 6.0799923357553771 5.4382534469477815 4.0204003229737282 1.6604913603514431 3.8883906397968531 3.8507003355771303 0.41527765989303578 0.59005483891814925 0.31834840727969993 0.4276756183244288 0.74817043077200651 1.0848292782902715 1.4848827943205831
leaf_count=30 30 10488 78 138 36 108 462 120 504 18 1242 1068 618 666 648 468 210 516 558 48 72 36 72 120 132 234
internal_value=-3.10393e-05 0.000424324 0.00605474 0.0209877 0.0086445 0.00134837 0.00547418 -0.0030991 6.67649e-05 -0.0026979 0.000434293 0.000509524 -0.00248842 0.000964881 -0.00169735 -0.000779884 0.00256438 -0.00378162 -0.00728279 -0.0101027 -0.0100982 -0.0100801 -0.0101076 -0.0100853 -0.0100964 -0.0100706
internal_weight=154.584 134.606 8.0377 1.92615 1.59497 6.11154 4.49214 19.9783 126.568 17.4717 10.3803 109.096 14.3856 94.7108 16.6465 15.0075 7.09874 7.90879 7.09137 3.33174 1.639 2.91646 0.746024 1.33823 1.6194 2.17044
internal_count=18720 16146 984 204 174 780 570 2574 15162 2322 1260 12840 1686 11154 2064 1842 858 984 1062 510 222 462 108 192 210 354
is_linear=0
shrinkage=0.01


Tree=48
num_leaves=29
num_cat=0
split_feature=7 7 7 7 7 1 7 7 7 1 1 1 7 7 1 1 7 1 7 1 7 7 7 7 7 7 1 1
split_gain=102.074 11.8098 6.40459 4.44767 2.02163 2.81795 4.52099 2.13221 7.55334 2.80927 1.83811 2.80669 2.26217 1.83643 5.52101 1.65617 1.63331 1.62211 1.1695 1.03884 1.29877 0.987479 0.1165 1.80882 0.212266 8.35498e-08 1.10833e-08 8.36939e-11
threshold=64.050000000000011 154.05000000000004 17.750000000000004 1.0000000180025095e-35 46.350000000000001 0.12500000000000003 50.850000000000001 22.350000000000005 23.350000000000005 0.14166666666666669 0.17166666666666672 0.16500000000000004 138.05000000000004 9.4500000000000011 0.13833333333333339 0.12833333333333338 126.25000000000001 0.18500000000000003 304.55000000000007 0.12500000000000003 189.15000000000001 257.05000000000007 449.45000000000005 429.95000000000005 1137.5000000000002 140.25000000000003 0.17166666666666672 0.15833333333333341
decision_type=2 2 2 2 2 2 2 2 2 2 2 2 2 2 2 2 2 2 2 2 2 2 2 2 2 2 2 2
left_child=2 10 3 26 7 -6 -7 9 -9 -4 11 16 -13 14 -5 -15 -2 25 19 20 -3 -21 23 -20 -24 -12 27 -1
right_child=1 18 4 13 5 6 -8 8 -10 -11 17 12 -14 15 -16 -17 -18 -19 22 21 -22 -23 24 -25 -26 -27 -28 -29
leaf_value=-0.010058448496947118 -0.002988395652671037 0.019619167774903051 -0.010107079664954378 0.033843962361468125 0.026237548874930364 -0.010101278321807529 0.0066577435773024843 0.033575722538008383 0.0092938530467658338 0.0079744375178863944 -0.010067391346512782 0.011451615369295487 -0.010096262317999498 0.0009093752496496301 0.012563460012398091 0.014936565148551685 0.003242825797442853 0.008983941031923336 -0.010057893374893883 -0.0081422043872205647 -0.010059567189762871 -0.0033573335343757235 -0.010057934114995462 0.00069851090354101724 -0.0084493907680090637 -0.010061863082784171 -0.010055561560090336 -0.010058717234484912
leaf_weight=0.34662534669041889 14.107697647530594 0.33455186709761875 1.160993459168824 2.0285076089203384 0.54748030379414458 2.0769541938789171 7.1545234341174364 1.3709924509748841 19.533116138074547 3.306210532784462 2.7747542480938137 3.2478600679896767 0.57319521438330401 0.89299287647008796 3.055541018024087 14.656978690065442 5.9936355315148822 0.52286915946751822 9.9639054383151215 15.617180428933354 0.26364606339484453 5.9587321025319389 24.1787901353091 1.8543130927719165 12.416808323469011 0.30325910821557034 0.16461619734764099 0.17409208696335554
leaf_count=60 1876 13 112 43 20 217 656 77 1393 203 419 337 62 36 111 579 644 41 1744 2509 45 870 4231 217 2095 50 30 30
internal_value=-3.09095e-05 -0.00619584 0.0106801 0.0150044 0.00805736 0.00419448 0.0028872 0.00954625 0.0108864 0.00327518 -0.000639656 0.000362967 0.00821923 0.0158369 0.0210543 0.014131 -0.00113043 -0.00730056 -0.00836228 -0.00646034 0.00653875 -0.00682074 -0.00923339 -0.00837018 -0.00951216 -0.0100668 -0.0100578 -0.0100585
internal_weight=154.581 98.1112 56.4696 21.3194 35.1503 9.77896 9.23148 25.3713 20.9041 4.4672 27.5233 23.9224 3.82106 20.634 5.08405 15.55 20.1013 3.60088 70.5879 22.1741 0.598198 21.5759 48.4138 11.8182 36.5956 3.07801 0.685334 0.520717
internal_count=18720 15153 3567 889 2678 893 873 1785 1470 315 3429 2919 399 769 154 615 2520 510 11724 3437 58 3379 8287 1961 6326 469 120 90
is_linear=0
shrinkage=0.01


Tree=49
num_leaves=30
num_cat=0
split_feature=7 7 7 1 7 7 1 7 7 1 7 7 1 1 7 1 7 1 1 7 1 7 7 7 7 7 7 1 1
split_gain=99.6257 11.7505 6.11611 4.08262 3.64543 3.56132 3.05625 2.78683 7.0337 2.04523 1.8807 1.82094 1.81521 2.73043 2.22587 1.78155 1.60523 1.60318 1.31816 1.17388 1.02485 1.29432 0.98559 0.11729 1.80433 0.213915 8.10633e-08 1.07549e-08 8.11509e-11
threshold=64.050000000000011 154.05000000000004 32.050000000000004 0.14166666666666669 1.0000000180025095e-35 13.550000000000002 0.15833333333333341 56.95000000000001 58.350000000000001 0.15833333333333341 55.45000000000001 34.550000000000004 0.17166666666666672 0.16500000000000004 78.450000000000017 0.17833333333333334 122.65000000000002 0.18500000000000003 0.12500000000000003 304.55000000000007 0.12500000000000003 187.05000000000004 257.05000000000007 449.45000000000005 429.95000000000005 1137.5000000000002 140.25000000000003 0.17166666666666672 0.15833333333333341
decision_type=2 2 2 2 2 2 2 2 2 2 2 2 2 2 2 2 2 2 2 2 2 2 2 2 2 2 2 2 2
left_child=2 12 4 7 27 15 10 18 -9 -7 -5 -8 13 16 -15 -6 -2 26 -4 20 21 -3 -22 24 -21 -25 -14 28 -1
right_child=1 19 3 6 5 9 11 8 -10 -11 -12 -13 17 14 -16 -17 -18 -19 -20 23 22 -23 -24 25 -26 -27 -28 -29 -30
leaf_value=-0.010057863610119204 -0.0031905220828340759 -0.010276609736707147 0.010021519141856719 0.016633297852192825 0.016051269136160645 0.0086175147103112592 -0.010152673783102946 0.052007505891006445 -0.0011099119495565095 0.014939332372202867 0.0037339761086798849 0.0062151771046500661 -0.010066716329845307 -0.010073916047374589 0.011255518688596757 0.027355052951295051 0.0027415110998215727 0.0088163797411671598 -0.0073705451028566417 -0.010057314326194082 -0.008126184586511518 0.01930297204365005 -0.0033348380469603316 -0.010057354333192877 0.0006910488114719982 -0.0084353810851418697 -0.01006124382297644 -0.01005500554354706 -0.010058129552124954
leaf_weight=0.34319622628390689 13.07197664817796 0.26187343709171074 0.49423087947070854 5.2260986045002928 12.125675056129692 14.34292852599174 0.74902343936264326 0.32190628442913283 1.1051569078117607 7.9562594452872863 1.4421892911195753 7.3431591419503093 2.7473282655701041 0.57513094739988391 3.2769254203885794 1.5754296518862236 7.0069630588404825 0.52745522186160076 3.6846948135644197 9.8653280758298916 15.492115625645967 0.33998784981667995 5.9390375805087379 23.939579803030938 1.8555864007212211 12.31357379676774 0.30026001716032613 0.16298720519989729 0.17236986290663481
leaf_count=60 1763 10 30 357 429 796 51 27 90 457 113 611 419 79 320 25 757 41 461 1744 2509 48 870 4231 217 2095 50 30 30
internal_value=-3.11412e-05 -0.00617184 0.0104658 0.00607157 0.0129057 0.0133385 0.0088308 -0.00119343 0.0108719 0.0108731 0.0138435 0.00470015 -0.000633839 0.00035907 0.00807093 0.017351 -0.00112042 -0.00728028 -0.00531363 -0.00834774 -0.00643697 0.00643272 -0.0067984 -0.00922529 -0.0083557 -0.00950644 -0.0100662 -0.0100572 -0.010058
internal_weight=154.558 97.5131 57.0453 20.3665 36.6788 36.0003 14.7605 5.60599 1.42706 22.2992 6.66829 8.09218 27.506 23.931 3.85206 13.7011 20.0789 3.57504 4.17893 70.0071 22.033 0.601861 21.4312 47.9741 11.7209 36.2532 3.04759 0.678553 0.515566
internal_count=18720 15153 3567 1740 1827 1707 1132 608 117 1253 470 662 3429 2919 399 454 2520 510 491 11724 3437 58 3379 8287 1961 6326 469 120 90
is_linear=0
shrinkage=0.01


Tree=50
num_leaves=30
num_cat=0
split_feature=7 7 7 1 7 7 1 7 7 7 7 1 1 1 7 1 1 7 1 7 1 7 7 7 7 7 7 1 1
split_gain=97.2543 11.6908 5.83291 3.94871 3.51894 3.36331 2.9341 5.18763 4.75515 2.71861 6.48626 2.00979 1.79256 2.65665 2.18729 1.66159 1.5847 1.57574 1.29544 1.17832 1.01111 1.27382 0.983648 0.118082 1.79984 0.215574 7.86513e-08 1.04333e-08 7.87522e-11
threshold=64.050000000000011 154.05000000000004 32.050000000000004 0.14166666666666669 1.0000000180025095e-35 13.550000000000002 0.1483333333333334 50.850000000000001 46.350000000000001 56.95000000000001 58.350000000000001 0.12500000000000003 0.17166666666666672 0.16500000000000004 138.05000000000004 0.17833333333333334 0.18500000000000003 122.65000000000002 0.12500000000000003 304.55000000000007 0.12500000000000003 189.15000000000001 257.05000000000007 449.45000000000005 429.95000000000005 1137.5000000000002 140.25000000000003 0.17166666666666672 0.15833333333333341
decision_type=2 2 2 2 2 2 2 2 2 2 2 2 2 2 2 2 2 2 2 2 2 2 2 2 2 2 2 2 2
left_child=2 12 4 9 27 15 7 -5 -8 18 -11 -7 13 17 -15 -6 26 -2 -4 20 21 -3 -22 24 -21 -25 -14 28 -1
right_child=1 19 3 6 5 11 8 -9 -10 10 -12 -13 16 14 -16 -17 -18 -19 -20 23 22 -23 -24 25 -26 -27 -28 -29 -30
leaf_value=-0.010057284256513766 -0.0031686094720488962 0.019157988612035371 0.0098259892256553055 0.0080283061703521705 0.015653063890806094 -0.010213928856539562 0.012185905674393878 0.034467763961946354 -0.00068074422737202686 0.048928493637796874 -0.001100001524324373 0.01107939024700268 -0.01006604805781634 0.011052303159326832 -0.010096373667297676 0.026447012419892633 0.0086533796642612321 0.0027067797014262811 -0.0073501844501005255 -0.010056740727351668 -0.0081100741501554264 -0.010060120297405556 -0.0033124198219395828 -0.010056780231174303 0.00068367159007854869 -0.0084212847057423493 -0.010060630727510291 -0.01005445522869604 -0.01005754754430801
leaf_weight=0.33980082906782527 13.030958528630444 0.33974243327975528 0.49900074675679462 2.1975268488749857 12.308866879902778 0.45234611444175499 6.2679366953670961 1.1204910362139342 5.3019875455647707 0.33865355234593142 1.1039689378812907 22.080954968929291 2.720171551220119 3.308833390474319 0.57384740095585574 1.6130319498479355 0.53199371322989453 7.0258068721741429 3.6580862742848694 9.7677207076922041 15.368282644078137 0.26606508856639266 5.9195385314524165 23.702722967136651 1.8568469993770111 12.211356457322834 0.29729040479287494 0.16137423925101757 0.17066457867622375
leaf_count=60 1763 13 30 134 429 25 433 75 490 27 90 1228 419 337 62 25 41 757 461 1744 2509 45 870 4231 217 2095 50 30 30
internal_value=-3.13554e-05 -0.00614777 0.0102579 0.0059746 0.0126215 0.0130394 0.00866704 0.0169569 0.00628969 -0.00118381 0.0106441 0.0106519 -0.000628072 0.000355219 0.0079266 0.0169037 -0.00725992 -0.00111048 -0.00528842 -0.00833307 -0.00641345 0.00632566 -0.00677598 -0.00921714 -0.00834112 -0.00950069 -0.0100655 -0.0100567 -0.0100574
internal_weight=154.536 96.9212 57.6147 20.4877 37.127 36.4552 14.8879 3.31802 11.5699 5.59971 1.44262 22.5333 27.4889 23.9394 3.88268 13.9219 3.54946 20.0568 4.15709 69.4323 21.8936 0.605808 21.2878 47.5386 11.6246 35.9141 3.01746 0.67184 0.510465
internal_count=18720 15153 3567 1740 1827 1707 1132 209 923 608 117 1253 3429 2919 399 454 510 2520 491 11724 3437 58 3379 8287 1961 6326 469 120 90
is_linear=0
shrinkage=0.01


Tree=51
num_leaves=29
num_cat=0
split_feature=7 7 7 1 7 7 1 1 1 1 1 1 1 7 7 1 1 7 7 1 7 7 7 7 7 7 1 1
split_gain=94.9563 11.6311 5.56639 3.81993 3.39878 3.17945 2.82324 2.65772 1.94833 1.87077 1.79486 1.77016 2.5852 2.15305 1.71771 1.56665 1.55258 1.55086 1.18262 0.99762 1.26936 0.981653 0.118876 1.79536 0.217242 7.63081e-08 1.01252e-08 7.63977e-11
threshold=64.050000000000011 154.05000000000004 32.050000000000004 0.14166666666666669 1.0000000180025095e-35 13.550000000000002 0.15833333333333341 0.12500000000000003 0.12500000000000003 0.15500000000000005 0.16833333333333336 0.17166666666666672 0.16500000000000004 78.450000000000017 56.95000000000001 0.18500000000000003 0.17833333333333334 130.75000000000003 304.55000000000007 0.12500000000000003 187.05000000000004 257.05000000000007 449.45000000000005 429.95000000000005 1137.5000000000002 140.25000000000003 0.17166666666666672 0.15833333333333341
decision_type=2 2 2 2 2 2 2 2 2 2 2 2 2 2 2 2 2 2 2 2 2 2 2 2 2 2 2 2
left_child=2 11 4 7 26 16 9 -4 -7 -5 -8 12 17 -14 -9 25 -6 -2 19 20 -3 -21 23 -20 -24 -13 27 -1
right_child=1 18 3 6 5 8 10 14 -10 -11 -12 15 13 -15 -16 -17 -18 -19 22 21 -22 -23 24 -25 -26 -27 -28 -29
leaf_value=-0.010056711497808608 -0.0027220282617686671 -0.010279077739269565 0.01630084634262035 0.010909970593402736 0.015270687329519108 -0.010211762346246931 -0.0002086206202185196 -0.0073297391981504137 0.010852022289321105 0.02494317031557702 0.0091619032390651278 -0.01006538657974744 -0.010073988288151241 0.010866654197474335 0.0064334090193974569 0.0084947626704102025 0.025591615421642643 0.0036735296522467644 -0.010056172836646782 -0.0080938728787749957 0.01884599317772406 -0.0032900796609145271 -0.01005621233827265 0.00067637825647186983 -0.0084071009618091417 -0.010060023973386867 -0.01005391065309829 -0.01005697211231788
leaf_weight=0.33643882535397907 14.955589284654716 0.26408274658024566 0.75312306731939571 5.6959600346162906 12.489982819184659 0.44793973304331558 4.0312343863770348 3.63173932954669 22.316949523985386 1.1401057634502647 4.1468153214082122 2.6932814987376332 0.57568565383553449 3.3373533133417368 1.2085719062015412 0.53648513089865435 1.6500870436429966 5.0792190679348996 9.6710736136883479 15.245669545140119 0.34530493803322315 5.9002330801449707 23.468195973429829 1.8580948878079642 12.11014647502452 0.2943499800749122 0.15977715421468019 0.1689760610461235
leaf_count=60 1983 10 38 385 429 25 324 461 1228 85 338 419 79 320 109 41 25 537 1744 2509 48 870 4231 217 2095 50 30 30
internal_value=-3.15737e-05 -0.00612367 0.0100562 0.00587961 0.012347 0.0127508 0.00850748 -0.00117422 0.0104376 0.0132504 0.00454286 -0.000622352 0.000351411 0.00778587 -0.00389323 -0.00723948 0.0164751 -0.00110063 -0.00831836 -0.00638997 0.00622442 -0.0067535 -0.00920893 -0.00832646 -0.00949489 -0.0100649 -0.0100561 -0.0100568
internal_weight=154.512 96.3348 58.1777 20.6075 37.5702 36.905 15.0141 5.59343 22.7649 6.83607 8.17805 27.472 23.9478 3.91304 4.84031 3.52412 14.1401 20.0348 68.8628 21.7553 0.609388 21.1459 47.1075 11.5292 35.5783 2.98763 0.665192 0.505415
internal_count=18720 15153 3567 1740 1827 1707 1132 608 1253 470 662 3429 2919 399 570 510 454 2520 11724 3437 58 3379 8287 1961 6326 469 120 90
is_linear=0
shrinkage=0.01


Tree=52
num_leaves=30
num_cat=0
split_feature=7 7 7 7 1 1 7 1 7 7 7 7 1 1 7 1 7 1 7 7 1 7 7 7 7 1 7 1 1
split_gain=92.7306 11.5711 5.31836 3.47565 2.5566 5.6441 3.74831 3.67737 3.55521 2.835 2.41043 2.30265 1.748 2.51604 2.11666 1.54902 1.52459 1.45022 1.4114 1.18699 0.984365 1.24983 0.979605 0.119673 1.79087 0.219196 7.40424e-08 9.82282e-09 7.44764e-11
threshold=64.050000000000011 154.05000000000004 25.750000000000004 1.0000000180025095e-35 0.14166666666666669 0.1483333333333334 34.550000000000004 0.12833333333333338 46.350000000000001 32.050000000000004 10.65 22.350000000000005 0.17166666666666672 0.16500000000000004 138.05000000000004 0.18500000000000003 122.65000000000002 0.17833333333333334 56.95000000000001 304.55000000000007 0.12500000000000003 189.15000000000001 257.05000000000007 449.45000000000005 429.95000000000005 0.13166666666666668 140.25000000000003 0.17166666666666672 0.15833333333333341
decision_type=2 2 2 2 2 2 2 2 2 2 2 2 2 2 2 2 2 2 2 2 2 2 2 2 2 2 2 2 2
left_child=2 12 3 27 7 6 -6 9 -7 -4 17 -12 13 16 -15 26 -2 -5 -9 20 21 -3 -22 24 -21 -25 -14 28 -1
right_child=1 19 4 10 5 8 -8 18 -10 -11 11 -13 15 14 -16 -17 -18 -19 -20 23 22 -23 -24 25 -26 -27 -28 -29 -30
leaf_value=-0.01005614357698412 -0.003127972515470354 0.018716024057538805 0.028656411577980656 0.016524066068764619 0.034692201944929647 0.0094138618173587648 0.013207411823159295 -0.0041685317234190604 -0.00074581091532659194 0.0046087586317120613 0.0099409361869946741 0.018121275555976587 -0.010064731874492061 0.010673917130630218 -0.010096447921801891 0.0083403624174581571 0.0026487237217512932 0.031495564950902152 0.0084380642106777828 -0.01005561077783637 -0.00807758016684826 -0.010060651193189409 -0.0032678180122651546 -0.0070420922199616156 0.0006691672748508911 -0.0097432034298180377 -0.010059423159722431 -0.010053371325240756 -0.010056402176127721
leaf_weight=0.3331099078059222 12.955560027156034 0.34486740641296165 0.76933257374912711 7.42530187033117 1.1141705662012125 9.7080012271180731 2.9944743616506457 5.0417400687001646 5.3383578723296514 1.3513579755090175 18.308492062613372 4.237412770278751 2.6666554785333574 3.3687472301535304 0.57428112998604763 0.5409299861639737 7.0575071624480179 0.70875488221645344 1.0779690751805899 9.5753772696480137 15.124265128280969 0.26838468760251999 5.8811192843131712 3.3163742339238516 1.8593303100205947 31.929535928182304 0.29143846966326226 0.1581957908347249 0.16730415914207697
leaf_count=60 1763 13 27 219 63 643 187 520 490 102 855 234 419 337 62 41 757 10 97 1744 2509 45 870 585 217 5741 50 30 30
internal_value=-3.17394e-05 -0.00609951 0.00986059 0.0126741 0.00664215 0.00864582 0.0190336 0.00198458 0.00580927 0.0133326 0.013162 0.0114784 -0.000616681 0.000347648 0.00764882 -0.00721896 -0.00109085 0.0178286 -0.00194792 -0.00830351 -0.00636633 0.00612215 -0.00673094 -0.00920065 -0.00831172 -0.00948905 -0.0100642 -0.0100555 -0.0100562
internal_weight=154.488 95.7544 58.734 31.3386 27.3954 19.155 4.10864 8.2404 15.0464 2.12069 30.68 22.5459 27.4551 23.9561 3.94303 3.49902 20.0131 8.13406 6.11971 68.2993 21.6186 0.613252 21.0054 46.6806 11.4347 35.2459 2.95809 0.65861 0.500414
internal_count=18720 15153 3567 1438 2129 1383 250 746 1133 129 1318 1089 3429 2919 399 510 2520 229 617 11724 3437 58 3379 8287 1961 6326 469 120 90
is_linear=0
shrinkage=0.01


Tree=53
num_leaves=30
num_cat=0
split_feature=7 7 7 7 1 7 1 1 7 7 1 1 7 7 1 7 1 1 7 7 1 7 7 7 7 7 7 1 1
split_gain=90.5711 11.5111 5.13468 3.69417 1.89777 3.15896 3.08472 5.06146 3.57201 2.27733 1.72609 2.44903 2.09848 1.575 1.53179 1.50804 16.4457 2.31464 1.49685 1.19122 0.971334 1.24537 0.977503 0.120471 1.78638 0.221006 7.18395e-08 9.52895e-09 7.22159e-11
threshold=64.050000000000011 154.05000000000004 17.750000000000004 1.0000000180025095e-35 0.12833333333333338 32.050000000000004 0.14166666666666669 0.1483333333333334 27.050000000000004 47.95000000000001 0.17166666666666672 0.16500000000000004 118.25000000000001 27.050000000000004 0.18500000000000003 7.8500000000000005 0.13833333333333339 0.12833333333333338 126.25000000000001 304.55000000000007 0.12500000000000003 187.05000000000004 257.05000000000007 449.45000000000005 429.95000000000005 1137.5000000000002 140.25000000000003 0.17166666666666672 0.15833333333333341
decision_type=2 2 2 2 2 2 2 2 2 2 2 2 2 2 2 2 2 2 2 2 2 2 2 2 2 2 2 2 2
left_child=2 10 3 27 5 13 8 -8 -6 -7 11 18 -13 -4 26 16 -5 -17 -2 20 21 -3 -22 24 -21 -25 -12 28 -1
right_child=1 19 4 15 6 9 7 -9 -10 -11 14 12 -14 -15 -16 17 -18 -19 -20 23 22 -23 -24 25 -26 -27 -28 -29 -30
leaf_value=-0.010055581542832958 -0.0028893228848654285 -0.010281442402660643 0.016308123905325253 0.050044374234079772 0.010570087665103209 -0.010129498235650078 0.016910257820450598 0.0060891107133174962 -0.003079103721442641 0.015977573375009858 -0.010064083697719037 0.001922470414219663 0.01695996174008484 0.037804300654365616 0.0081900199859841257 -0.0011129718407597476 0.0012461499242815781 0.013933421620172276 0.0030597116106627288 -0.010055054643621867 -0.0080611965787362929 0.018408244827105066 -0.0032456363360733715 -0.010055125717281194 0.00066203777976003061 -0.0083765295161272804 -0.010058828496869355 -0.010052837442759538 -0.010055837456428714
leaf_weight=0.32981375791132705 13.915223928168425 0.26619774103164928 0.75245892070233755 1.1544619947671919 2.8923915112391096 0.59454235341399886 5.5370670398697284 19.704541745595634 5.6875835447572172 0.76282416470348835 2.6402910258620977 2.495233590714633 1.4775239033624528 0.62308976054191589 0.54532880336046208 1.0835281638428593 1.7189385071396825 18.121329582296312 6.076314507983624 9.4806225476786476 15.004056895617397 0.35055303387343884 5.8621952277608207 23.019345846027136 1.8605533316731442 11.897409621626137 0.2885555806569754 0.15662998706102371 0.16564870253205299
leaf_count=60 1876 10 38 22 189 57 324 1408 595 45 419 260 139 22 41 39 57 651 644 1744 2509 48 870 4231 217 2095 50 30 30
internal_value=-3.1921e-05 -0.00607532 0.00967051 0.0134026 0.00734982 0.0153654 0.00670213 0.00846287 0.00152217 0.00454237 -0.000611056 0.000343927 0.00751512 0.0260454 -0.00719837 0.0140954 0.0208521 0.0130845 -0.00108115 -0.00828862 -0.00634274 0.0060254 -0.00670831 -0.00919232 -0.00829688 -0.00948317 -0.0100636 -0.010055 -0.0100557
internal_weight=154.464 95.1794 59.2848 22.7304 36.5545 2.73292 33.8216 25.2416 8.57998 1.35737 27.4385 23.9643 3.97276 1.37555 3.47418 22.0783 2.8734 19.2049 19.9915 67.7409 21.483 0.616751 20.8663 46.2579 11.3412 34.9168 2.92885 0.652092 0.495462
internal_count=18720 15153 3567 889 2678 162 2516 1732 784 102 3429 2919 399 60 510 769 79 690 2520 11724 3437 58 3379 8287 1961 6326 469 120 90
is_linear=0
shrinkage=0.01


Tree=54
num_leaves=27
num_cat=0
split_feature=0 0 1 0 0 1 1 1 1 0 1 0 0 0 0 0 1 1 0 1 0 0 1 0 0 0
split_gain=2.04108 2.65999 5.18241 12.1174 4.18778 2.84491 2.34432 1.92534 1.40993 2.49406 2.66174 1.48615 2.35843 1.75365 1.27814 1.4741 2.82512 1.03267 0.00018009 1.57011e-05 1.03933e-05 2.60995e-05 5.90144e-06 5.38076e-06 1.92818e-06 5.02149e-07
threshold=33.466666666666676 36.800000000000004 0.14500000000000005 34.20333333333334 36.431666666666679 0.16500000000000004 0.16833333333333336 0.17500000000000002 0.17166666666666672 65.610000000000014 0.17833333333333334 71.163333333333341 76.315000000000012 68.860000000000014 15.820000000000002 26.83666666666667 0.16833333333333336 0.16166666666666671 32.705000000000005 0.15833333333333341 30.411666666666669 30.915000000000003 0.14500000000000005 34.831666666666678 21.883333333333336 13.535000000000002
decision_type=2 2 2 2 2 2 2 2 2 2 2 2 2 2 2 2 2 2 2 2 2 2 2 2 2 2
left_child=7 2 3 -2 -5 23 -7 14 11 10 -10 13 -13 -3 19 16 -16 -17 20 22 24 -22 -1 -4 -9 -21
right_child=1 8 5 4 -6 6 -8 18 9 -11 -12 12 -14 -15 15 17 -18 -19 -20 25 21 -23 -24 -25 -26 -27
leaf_value=-0.010166665645931281 0.072073436827799764 0.00056860672421334049 -0.010073872564334053 -0.0016444349632816144 0.034252744546167092 0.018586986059345771 0.0014866885495649904 -0.01005590685376016 -0.0074611612551391962 0.028004087520236105 0.00050301045888961231 -0.0056773513695394439 0.0026598425866237209 0.006087648860220043 -0.00092887915416379877 -0.00020526329067797034 0.013971170720818299 -0.0074669236209889333 -0.010304413046567542 -0.010062180002068257 -0.010181686225071405 -0.010060998765133057 -0.010112510064979581 -0.010113192096261886 -0.010076724904076578 -0.010079820826357389
leaf_weight=0.30459078308195475 0.36474476801231315 88.801657570526004 0.51441475190222252 1.1743964902125297 0.44932470377534617 1.0444932854734359 3.4488068376667798 0.64638423547148738 7.6276243161410155 0.26212379848584433 9.3289390644058567 8.9569793567061406 5.4620741838589302 6.1563753411173812 5.4356839051470143 4.0329676121473312 1.6614631572738288 3.8069535763934255 0.41690573887899507 0.47464925330132246 0.32033625710755576 0.40666679944843054 0.59291432518512011 1.0760877612046895 1.4273420283570883 0.24446801142767072
leaf_count=30 30 10488 78 138 36 108 462 120 1152 24 1146 1068 618 666 648 468 210 516 48 84 36 72 72 132 234 36
internal_value=-3.21252e-05 0.000408366 0.00597406 0.0199892 0.00828922 0.00139328 0.00546175 -0.00303243 5.34739e-05 -0.00260635 -0.00307954 0.000472196 -0.00251914 0.000926421 -0.00165663 -0.000742486 0.00255927 -0.00373142 -0.0101105 -0.010103 -0.0100816 -0.0101142 -0.0101309 -0.0101005 -0.0100702 -0.0100682
internal_weight=154.439 134.668 8.07227 1.98847 1.62372 6.0838 4.4933 19.7713 126.596 17.2187 16.9566 109.377 14.4191 94.958 16.5537 14.9371 7.09715 7.83992 3.21764 1.61662 2.80073 0.727003 0.897505 1.5905 2.07373 0.719117
internal_count=18720 16146 984 204 174 780 570 2574 15162 2322 2298 12840 1686 11154 2064 1842 858 984 510 222 462 108 102 210 354 120
is_linear=0
shrinkage=0.01


Tree=55
num_leaves=30
num_cat=0
split_feature=7 7 7 7 1 1 1 7 7 1 1 1 7 1 7 7 7 1 1 7 1 7 7 7 7 7 7 1 1
split_gain=88.4 11.4462 4.88641 3.55708 1.80203 2.98033 4.78232 3.4705 2.9579 2.2103 1.6931 2.37908 2.0628 1.51791 1.47107 1.43866 1.41097 15.0723 2.22757 1.19499 0.95832 1.2265 0.976906 0.121208 1.78157 0.223028 6.7625e-08 1.08847e-08 7.02771e-11
threshold=64.050000000000011 154.05000000000004 17.750000000000004 1.0000000180025095e-35 0.12833333333333338 0.14166666666666669 0.1483333333333334 27.050000000000004 32.050000000000004 0.12500000000000003 0.17166666666666672 0.16500000000000004 138.05000000000004 0.18500000000000003 122.65000000000002 27.050000000000004 7.8500000000000005 0.13833333333333339 0.12833333333333338 304.55000000000007 0.12500000000000003 189.15000000000001 300.95000000000005 449.45000000000005 429.95000000000005 1137.5000000000002 140.25000000000003 0.17166666666666672 0.15833333333333341
decision_type=2 2 2 2 2 2 2 2 2 2 2 2 2 2 2 2 2 2 2 2 2 2 2 2 2 2 2 2 2
left_child=2 10 3 27 8 7 -7 -6 15 -10 11 14 -13 26 -2 -4 17 -5 -18 20 21 -3 -22 24 -21 -25 -12 28 -1
right_child=1 19 4 16 5 6 -8 -9 9 -11 13 12 -14 -15 -16 -17 18 -19 -20 23 22 -23 -24 25 -26 -27 -28 -29 -30
leaf_value=-0.010055056948903433 -0.0030890965329675919 0.01828751473588823 0.01584678595079193 0.047298911664723969 0.010349960546386037 0.016436977069972519 0.0059964639342221879 -0.0030622971759059502 0.015588765031659749 -0.010102832961279933 -0.010063257636567156 0.010316564861534814 -0.010097168388100304 0.0080825962458509985 0.0025811960101593183 0.036113948019288994 -0.0011325183048090939 0.0012272170229346104 0.013608737019147055 -0.010054510208719869 -0.0070742666940819231 -0.01006116952755373 0.0054372846710490684 -0.010054569577165537 0.00065361218451934417 -0.0083600878299035369 -0.0100581275672194 -0.0100520978026837 -0.010055310590889377
leaf_weight=0.32673371024430053 12.884194696787754 0.34998332150280731 0.76561434613540702 1.2085534408688574 2.9231337103992683 5.6348011512309339 19.816393706947565 5.6741365417838097 0.77359685860574223 0.59044993156567216 2.6050697998143733 3.4273539641872039 0.57856918685138214 0.54851010907441367 7.0947465342469505 0.64557720627635717 1.0857006777077938 1.7216316126286981 18.363137774169445 9.3849526490084809 20.083542227279398 0.27062925091013312 0.64407970476895471 22.782664740458131 1.8619921896606673 11.785851242952047 0.28507650503888715 0.15443624183535576 0.1641017971560359
leaf_count=60 1763 13 38 22 189 324 1408 595 38 64 419 337 62 41 757 22 39 57 651 1744 3305 45 74 4231 217 2095 50 30 30
internal_value=-3.19699e-05 -0.0060501 0.00947943 0.013093 0.00721999 0.00658843 0.00830796 0.00149797 0.0149685 0.00446774 -0.000606064 0.000334754 0.00736824 -0.00716833 -0.00107551 0.0251184 0.0137605 0.0202295 0.0127858 -0.00827294 -0.00631887 0.00592556 -0.00668549 -0.00918347 -0.00828172 -0.00947685 -0.0100628 -0.0100544 -0.0100551
internal_weight=154.435 94.5872 59.848 23.0243 36.8237 34.0485 25.4512 8.59727 2.77524 1.36405 27.4235 23.9849 4.00592 3.43866 19.9789 1.41119 22.379 2.93019 19.4488 67.1637 21.3482 0.620613 20.7276 45.8155 11.2469 34.5685 2.89015 0.645272 0.490836
internal_count=18720 15153 3567 889 2678 2516 1732 784 162 102 3429 2919 399 510 2520 60 769 79 690 11724 3437 58 3379 8287 1961 6326 469 120 90
is_linear=0
shrinkage=0.01


Tree=56
num_leaves=30
num_cat=0
split_feature=7 7 7 7 1 1 1 1 7 7 7 7 1 7 7 1 1 7 1 7 7 7 7 7 7 7 1 1 1
split_gain=86.4341 8.11805 7.35599 8.19865 5.24556 3.41736 3.33506 2.98596 2.89078 3.04225 2.48408 2.55664 2.97997 2.32289 2.06048 1.98781 1.42981 1.19915 0.94573 1.22214 0.979405 0.942643 2.21169 0.12201 1.77708 0.224736 1.18653e-06 1.05572e-08 6.83022e-11
threshold=81.750000000000014 154.05000000000004 35.750000000000007 80.15000000000002 0.16500000000000004 0.13833333333333339 0.12500000000000003 0.1483333333333334 1.0000000180025095e-35 13.550000000000002 122.65000000000002 140.25000000000003 0.14500000000000005 46.350000000000001 149.35000000000005 0.12500000000000003 0.17833333333333334 304.55000000000007 0.12500000000000003 187.05000000000004 257.05000000000007 88.40000000000002 94.550000000000011 449.45000000000005 429.95000000000005 1137.5000000000002 0.16500000000000004 0.17166666666666672 0.15833333333333341
decision_type=2 2 2 2 2 2 2 2 2 2 2 2 2 2 2 2 2 2 2 2 2 2 2 2 2 2 2 2 2
left_child=2 10 8 5 7 6 -4 -5 27 16 21 12 -12 -7 -13 -11 -10 18 19 -3 -20 26 -23 24 -19 -25 -2 28 -1
right_child=1 17 3 4 -6 13 -8 -9 9 15 11 14 -14 -15 -16 -17 -18 23 20 -21 -22 22 -24 25 -26 -27 -28 -29 -30
leaf_value=-0.010054505897935133 -0.010074093855793321 -0.010283736370265929 0.014475841625217228 0.047375618023220489 0.079044072256140893 0.010033681136285885 -0.0077017536969729754 -0.010076503333353149 0.013874190079122647 -0.010217797227810545 0.013853111231451649 -0.010077508528050495 -0.00027724430738420284 0.0025698940616184487 0.0060883605173846144 0.0097533652971021328 0.023498540413747229 -0.010053965281379142 -0.0080301140976059456 0.01798478351139781 -0.0031842598682548431 0.0074730640111425883 -0.0050634752352708354 -0.01005402349032504 0.00064665812147741172 -0.0083455285993725807 -0.010090664242229406 -0.010051577161705089 -0.010054757197236213
leaf_weight=0.32350030168890853 1.6297251661308139 0.26825039461255329 0.80855980329216137 0.17406601272523303 0.22434725053608418 6.438613434322181 4.2015890963375568 0.18834953149780631 13.196209640242158 0.50792411947623151 2.9188104430213553 2.1766485297121112 3.0541340978816152 11.832937461324034 1.2362411082722244 26.547599605750293 1.7480852007865895 9.2920720926485938 14.780837586615236 0.35578017914667726 5.8103851499035946 1.708861414808778 7.9729828806594014 22.557192675303668 1.863188434857874 11.68883484136313 0.58805435616523016 0.15290745813399553 0.16247784532606602
leaf_count=60 224 10 44 24 25 446 546 25 429 28 258 291 332 1228 145 1460 25 1744 2509 48 870 221 1052 4231 217 2095 73 30 30
internal_value=-3.21567e-05 -0.00654006 0.00856928 0.00412424 0.041042 0.00319381 -0.00412264 0.0175174 0.0110575 0.0113787 -0.00116385 0.0026827 0.00662786 0.00520002 -0.00422179 0.00937844 0.015 -0.00825787 -0.00629517 0.00583307 -0.00666272 -0.00419782 -0.00285076 -0.00917501 -0.00826671 -0.00947088 -0.0100785 -0.0100539 -0.0100546
internal_weight=154.409 87.902 66.5072 23.8685 0.586763 23.2817 5.01015 0.362416 42.6387 41.9998 21.2855 9.38583 5.97294 18.2716 3.41289 27.0555 14.9443 66.6165 21.2153 0.624031 20.5912 11.8996 9.68184 45.4013 11.1553 34.246 2.21778 0.638886 0.485978
internal_count=18720 14320 4400 2338 74 2264 590 49 2062 1942 2596 1026 590 1674 436 1488 454 11724 3437 58 3379 1570 1273 8287 1961 6326 297 120 90
is_linear=0
shrinkage=0.01


Tree=57
num_leaves=30
num_cat=0
split_feature=7 7 7 7 1 1 1 7 7 1 7 7 1 7 7 1 1 7 7 7 1 7 7 7 7 1 1 1 1
split_gain=84.5635 8.08318 7.05278 7.64984 4.48381 3.33569 3.26097 2.80072 2.88966 2.77187 2.44091 2.49333 2.86329 2.23744 2.03601 1.93185 1.34453 1.20336 0.939667 2.16863 0.933364 1.20428 0.977117 0.122815 1.7726 0.226681 1.15136e-06 1.02439e-08 6.58127e-11
threshold=81.750000000000014 154.05000000000004 35.750000000000007 80.15000000000002 0.16500000000000004 0.13833333333333339 0.12500000000000003 1.0000000180025095e-35 13.550000000000002 0.1483333333333334 122.65000000000002 140.25000000000003 0.14500000000000005 46.350000000000001 149.35000000000005 0.12500000000000003 0.17833333333333334 304.55000000000007 88.40000000000002 94.550000000000011 0.12500000000000003 189.15000000000001 257.05000000000007 449.45000000000005 429.95000000000005 0.13166666666666668 0.16500000000000004 0.17166666666666672 0.15833333333333341
decision_type=2 2 2 2 2 2 2 2 2 2 2 2 2 2 2 2 2 2 2 2 2 2 2 2 2 2 2 2 2
left_child=2 10 7 5 9 6 -4 27 16 -5 18 12 -12 -7 -13 -10 -9 20 26 -20 21 -3 -22 24 -19 -25 -2 28 -1
right_child=1 17 3 4 -6 13 -8 8 15 -11 11 14 -14 -15 -16 -17 -18 23 19 -21 22 -23 -24 25 -26 -27 -28 -29 -30
leaf_value=-0.010053961044167654 -0.010073351282809907 0.017880728489702007 0.014134515708270701 0.044752775212937072 0.07239890346784493 0.0098367544772168039 -0.0076830237055161444 0.013558932491295819 -0.010215592524944646 -0.010075736201580093 0.013529781400389072 -0.010076731759349429 -0.00027454702440510081 0.0025377705303198184 0.0059913599649813213 0.0095655179778827027 0.022803322300046888 -0.010053425684735938 0.0073438787280981641 -0.0050380079030134649 -0.0080134664325785167 -0.010061656147763429 -0.0031623847101518261 -0.0069331802607693407 0.00063978296471144016 -0.0097287828608807539 -0.010089755392182169 -0.010051061412106781 -0.010054208951067971
leaf_weight=0.3202986940741529 1.6136274891905515 0.35497931391001003 0.81974722631276264 0.18238121038302679 0.24239241844043136 6.5015157437883344 4.1698726983740926 13.367130541242657 0.5029781735502209 0.18648954480886459 2.9584748474881035 2.1551557970233266 3.0533042061142623 11.862742685712872 1.2436557463370261 26.796981452964246 1.7831858694553364 9.2001058473251742 1.7214685091748814 7.933352894615382 14.664014686364682 0.27275574766099453 5.7921633082441977 3.2027922882698467 1.8643726771697391 30.723921872209758 0.58225528663024295 0.15139373391866684 0.16086988896131516
leaf_count=60 224 13 44 24 25 446 546 429 28 25 258 291 332 1228 145 1460 25 1744 221 1052 2509 45 870 585 217 5741 73 30 30
internal_value=-3.23294e-05 -0.00651696 0.00841452 0.00406591 0.0389881 0.00315186 -0.00409861 0.0108335 0.0111447 0.0170332 -0.00115383 0.00264845 0.00651874 0.00512184 -0.00419727 0.00920107 0.014647 -0.00824267 -0.00417321 -0.0028303 -0.00627131 0.00573955 -0.00663988 -0.0091665 -0.00825161 -0.00946487 -0.0100777 -0.0100533 -0.010054
internal_weight=154.384 87.3364 67.048 23.9651 0.611263 23.3539 4.98962 43.0828 42.4503 0.368871 21.2613 9.41059 6.01178 18.3643 3.39881 27.3 15.1503 66.0751 11.8507 9.65482 21.0839 0.627735 20.4562 44.9912 11.0645 33.9267 2.19588 0.632562 0.481169
internal_count=18720 14320 4400 2338 74 2264 590 2062 1942 49 2596 1026 590 1674 436 1488 454 11724 1570 1273 3437 58 3379 8287 1961 6326 297 120 90
is_linear=0
shrinkage=0.01


Tree=58
num_leaves=30
num_cat=0
split_feature=7 7 7 7 1 1 1 7 7 7 7 1 7 7 1 1 7 1 7 7 1 7 7 7 7 7 1 1 1
split_gain=82.7445 8.04818 6.76492 7.15474 5.00091 3.25628 3.18945 2.71468 2.74686 2.3985 2.43188 2.75236 2.1558 2.01199 1.89175 1.26613 1.20744 0.980201 0.93666 2.12658 0.921184 1.19996 0.974776 0.123621 1.76812 0.228609 1.11727e-06 9.93986e-09 6.42076e-11
threshold=81.750000000000014 154.05000000000004 35.750000000000007 80.15000000000002 0.14500000000000005 0.13833333333333339 0.12500000000000003 1.0000000180025095e-35 13.550000000000002 122.65000000000002 140.25000000000003 0.14500000000000005 46.350000000000001 149.35000000000005 0.13500000000000004 0.17833333333333334 304.55000000000007 0.16500000000000004 88.40000000000002 94.550000000000011 0.12500000000000003 187.05000000000004 257.05000000000007 449.45000000000005 429.95000000000005 1137.5000000000002 0.16500000000000004 0.17166666666666672 0.15833333333333341
decision_type=2 2 2 2 2 2 2 2 2 2 2 2 2 2 2 2 2 2 2 2 2 2 2 2 2 2 2 2 2
left_child=2 9 7 5 -5 6 -4 27 15 18 11 -11 -7 -12 -10 -9 20 -6 26 -20 21 -3 -22 24 -18 -25 -2 28 -1
right_child=1 16 3 4 17 12 -8 8 14 10 13 -13 -14 -15 -16 -17 23 -19 19 -21 22 -23 -24 25 -26 -27 -28 -29 -30
leaf_value=-0.010053421200434343 -0.010072616168587329 -0.010285900251189363 0.013805870734747606 -0.010080559511872601 0.037687425097844229 0.0096455712037026662 -0.0076642047438729346 0.013254905055581512 0.014416121120643381 0.013218245907873195 -0.010075962269983894 -0.00027187533122683912 0.002506128118866469 0.0058964737169175394 0.0077537038240657373 0.022143443382153901 -0.010052891124446142 0.066755383141728047 0.0072178549245016932 -0.0050125447172610291 -0.0079967274562916853 0.017582186168977752 -0.003140592251036362 -0.010052980895927282 0.00063298476838778998 -0.0083140671418853937 -0.010088855888695165 -0.010050550909347051 -0.010053667286190806
leaf_weight=0.31712860800325771 1.5976876318454771 0.27018233761191623 0.83081194944680348 0.165877231862395 0.20936514344066381 6.5637603541836169 4.1384680699557066 13.536131979897617 5.2704288740642395 2.9977195905521494 2.1338737094774847 3.052482589147985 11.892247383948414 1.250994822476059 22.271385107189417 1.8177842199802388 9.1090451497584564 0.26016026549041271 1.7339467578567545 7.8941144589334726 14.548343538772317 0.36089252075180411 5.774122303351759 22.126171960495412 1.8655450944788743 11.484378388617186 0.57651288434863079 0.14989491552114487 0.15927774924784899
leaf_count=60 224 10 44 21 28 446 546 429 265 258 291 332 1228 145 1223 25 1744 25 221 1052 2509 48 870 4231 217 2095 73 30 30
internal_value=-3.24856e-05 -0.00649382 0.00826384 0.0040087 0.0371188 0.0031106 -0.00407463 0.0106163 0.010918 -0.00114389 0.00261475 0.00641213 0.00504523 -0.0041728 0.00902863 0.0143072 -0.00822742 0.0537937 -0.00414865 -0.00280993 -0.00624749 0.00565101 -0.00661698 -0.00915792 -0.00823642 -0.00945881 -0.0100769 -0.0100528 -0.0100535
internal_weight=154.359 86.776 67.5827 24.0607 0.635403 23.4253 4.96928 43.522 42.8957 21.2373 9.43507 6.0502 18.456 3.38487 27.5418 15.3539 65.5387 0.469525 11.8023 9.62806 20.9535 0.631075 20.3225 44.5851 10.9746 33.6106 2.1742 0.626301 0.476406
internal_count=18720 14320 4400 2338 74 2264 590 2062 1942 2596 1026 590 1674 436 1488 454 11724 53 1570 1273 3437 58 3379 8287 1961 6326 297 120 90
is_linear=0
shrinkage=0.01


Tree=59
num_leaves=28
num_cat=0
split_feature=0 0 1 0 0 1 1 1 0 1 0 0 1 0 0 1 1 0 0 1 0 0 1 0 0 1 0
split_gain=1.95183 2.61093 4.83056 10.5122 3.79442 2.80025 2.18324 1.905 1.37364 4.86025 1.88653 2.0252 1.67247 1.27156 1.44654 2.79482 1.00498 0.185169 0.000235248 1.85021e-05 1.2147e-05 2.98249e-05 6.92873e-06 6.51749e-06 2.25233e-06 2.04131e-06 5.47853e-07
threshold=33.466666666666676 36.800000000000004 0.14500000000000005 34.20333333333334 36.431666666666679 0.16500000000000004 0.16833333333333336 0.17500000000000002 82.076666666666668 0.13833333333333339 72.968333333333348 76.315000000000012 0.17166666666666672 15.820000000000002 26.83666666666667 0.16833333333333336 0.16166666666666671 84.558333333333351 32.705000000000005 0.15833333333333341 30.411666666666669 30.915000000000003 0.14500000000000005 34.831666666666678 21.883333333333336 0.13500000000000004 13.535000000000002
decision_type=2 2 2 2 2 2 2 2 2 2 2 2 2 2 2 2 2 2 2 2 2 2 2 2 2 2 2
left_child=7 2 3 -2 -5 23 -7 13 10 25 12 -12 -3 19 15 -15 -16 -11 20 22 24 -22 -1 -4 -9 -10 -21
right_child=1 8 5 4 -6 6 -8 18 9 17 11 -13 -14 14 16 -17 -18 -19 -20 26 21 -23 -24 -25 -26 -27 -28
leaf_value=-0.010174517467412745 0.06540319006927714 0.00081893711502842184 -0.010073090473858057 -0.0016171304462883767 0.031931540118742142 0.017900858438250389 0.0015390785522529714 -0.010054002525999374 -0.010061309261522655 0.03105057484640978 -0.0083152110960282924 0.00069079440875218249 -0.0025686628309304405 -0.0009224392133355486 -0.00022903979840972248 0.013879054746642912 -0.0074219188386349215 0.044362666787369484 -0.010337323764084352 -0.010060889101489754 -0.010189355811346374 -0.010059362900196805 -0.010115936734290246 -0.010116864189474946 -0.010076907598711042 -0.010104574123929724 -0.010079565790927177
leaf_weight=0.30679503316060308 0.3968221214599893 98.563551019411534 0.49979995796456922 1.1694185570813713 0.47368537262082089 1.0697524505667386 3.431697198189795 0.62121811509132419 0.1776097291149189 0.24280072189867496 5.4599073110148293 4.6010546586476266 17.10262863850221 5.4283319246023876 4.0404584519565105 1.6675699227489529 3.7409130027517676 0.18343066098168492 0.41750247217714775 0.45811690110713243 0.32094058301299799 0.39216570230200887 0.59054330457001925 1.0647454145364461 1.3896795380860565 0.28252604976296425 0.23899648757651448
leaf_count=30 30 11550 78 138 36 108 462 120 30 30 672 504 2322 648 468 210 516 18 48 84 36 72 72 132 234 36 36
internal_value=-3.26249e-05 0.000396468 0.00589847 0.0192104 0.00805451 0.00142182 0.00542739 -0.00297998 4.42239e-05 0.0124494 -4.3232e-05 -0.00419661 0.00031804 -0.00161893 -0.00070935 0.00255598 -0.00368703 0.0367795 -0.0101163 -0.0101059 -0.0100824 -0.0101179 -0.010136 -0.0101029 -0.0100698 -0.0100879 -0.0100673
internal_weight=154.333 134.719 8.10592 2.03993 1.6431 6.066 4.50145 19.6132 126.614 0.886367 125.727 10.061 115.666 16.4717 14.8773 7.0959 7.78137 0.426231 3.14151 1.59445 2.724 0.713106 0.897338 1.56455 2.0109 0.460136 0.697113
internal_count=18720 16146 984 204 174 780 570 2574 15162 114 15048 1176 13872 2064 1842 858 984 48 510 222 462 108 102 210 354 66 120
is_linear=0
shrinkage=0.01


Tree=60
num_leaves=28
num_cat=0
split_feature=0 0 1 0 0 1 1 1 0 1 0 0 1 0 0 1 1 0 0 1 0 0 1 0 0 1 0
split_gain=1.91798 2.54177 4.61138 9.412 3.58539 2.75343 2.08821 1.89425 1.32909 4.58494 1.85618 2.00796 1.64148 1.2616 1.42026 2.69757 0.99607 0.162546 0.000228544 1.79558e-05 1.1799e-05 2.89665e-05 6.72471e-06 6.32584e-06 2.18676e-06 1.98111e-06 5.31639e-07
threshold=33.466666666666676 36.800000000000004 0.14500000000000005 34.20333333333334 36.431666666666679 0.16500000000000004 0.16833333333333336 0.17500000000000002 82.076666666666668 0.13833333333333339 72.968333333333348 76.315000000000012 0.17166666666666672 15.820000000000002 26.83666666666667 0.16833333333333336 0.16166666666666671 84.558333333333351 32.705000000000005 0.15833333333333341 30.411666666666669 30.915000000000003 0.14500000000000005 34.831666666666678 21.883333333333336 0.13500000000000004 13.535000000000002
decision_type=2 2 2 2 2 2 2 2 2 2 2 2 2 2 2 2 2 2 2 2 2 2 2 2 2 2 2
left_child=7 2 3 -2 -5 23 -7 13 10 25 12 -12 -3 19 15 -15 -16 -11 20 22 24 -22 -1 -4 -9 -10 -21
right_child=1 8 5 4 -6 6 -8 18 9 17 11 -13 -14 14 16 -17 -18 -19 -20 26 21 -23 -24 -25 -26 -27 -28
leaf_value=-0.010172774500703615 0.060787804318626452 0.00081009874389057033 -0.01007235962733608 -0.001603478238166511 0.030669164654286339 0.017414724963065054 0.0015213863590443925 -0.010053462694944757 -0.010060695907819455 0.029820552938581161 -0.0082991703011966959 0.00068342800092846903 -0.0025493374588243566 -0.0009140397711914493 -0.00022680031348550303 0.013553974082910186 -0.0074016807894435599 0.042061400673504903 -0.01033407504085767 -0.010060280728457273 -0.010187512047152762 -0.010058769416106669 -0.010114777766074569 -0.010115699244386862 -0.010076144353430029 -0.010103529956241671 -0.010078770522018936
leaf_weight=0.30379415117204789 0.42254480626433943 98.642116033937782 0.49486258765682567 1.1675905464217065 0.48817588854581107 1.0885223094373939 3.4368620472960174 0.61506975116208185 0.1758531522937109 0.25024889083579183 5.4159761229529959 4.6041258936747909 17.060167259071022 5.4234572239220125 4.0395564995706081 1.6903730039484797 3.7137664533220232 0.19148966716602445 0.41347753861919034 0.45358584681525826 0.31780438637360919 0.38828637450933456 0.58473395835608244 1.0542718074284492 1.3759556910954414 0.27974362904205918 0.23663701070472598
leaf_count=30 30 11550 78 138 36 108 462 120 30 30 672 504 2322 648 468 210 516 18 48 84 36 72 72 132 234 36 36
internal_value=-3.24548e-05 0.000392207 0.00580428 0.0186619 0.00791159 0.00140521 0.00534432 -0.00295899 4.37332e-05 0.0121708 -4.28228e-05 -0.00417177 0.000314754 -0.00160547 -0.00070291 0.00252382 -0.0036635 0.0351268 -0.0101152 -0.0101049 -0.0100816 -0.0101167 -0.0101346 -0.0101019 -0.0100691 -0.010087 -0.0100666
internal_weight=154.329 134.773 8.15283 2.07831 1.65577 6.07452 4.52538 19.5565 126.62 0.897335 125.722 10.0201 115.702 16.4459 14.8672 7.11383 7.75332 0.441739 3.11059 1.57875 2.69712 0.706091 0.888528 1.54913 1.99103 0.455597 0.690223
internal_count=18720 16146 984 204 174 780 570 2574 15162 114 15048 1176 13872 2064 1842 858 984 48 510 222 462 108 102 210 354 66 120
is_linear=0
shrinkage=0.01


Tree=61
num_leaves=27
num_cat=0
split_feature=0 0 1 0 0 1 0 1 1 0 1 0 0 0 0 0 1 1 0 1 0 0 1 0 0 0
split_gain=1.88471 2.47481 4.40557 8.47291 3.3926 2.70767 2.04397 1.8835 1.30195 2.41029 2.59466 1.44236 2.26642 1.66755 1.2517 1.39447 2.60462 0.987195 0.000222028 1.74256e-05 1.1461e-05 2.81326e-05 6.52667e-06 6.1398e-06 2.12312e-06 5.15894e-07
threshold=33.466666666666676 36.800000000000004 0.14500000000000005 34.20333333333334 36.431666666666679 0.16500000000000004 36.20333333333334 0.17500000000000002 0.17166666666666672 65.610000000000014 0.17833333333333334 71.163333333333341 76.315000000000012 68.860000000000014 15.820000000000002 26.83666666666667 0.16833333333333336 0.16166666666666671 32.705000000000005 0.15833333333333341 30.411666666666669 30.915000000000003 0.14500000000000005 34.831666666666678 21.883333333333336 13.535000000000002
decision_type=2 2 2 2 2 2 2 2 2 2 2 2 2 2 2 2 2 2 2 2 2 2 2 2 2 2
left_child=7 2 3 -2 -5 23 -7 14 11 10 -10 13 -13 -3 19 16 -16 -17 20 22 24 -22 -1 -4 -9 -21
right_child=1 8 5 4 -6 6 -8 18 9 -11 -12 12 -14 -15 15 17 -18 -19 -20 25 21 -23 -24 -25 -26 -27
leaf_value=-0.01017104896066773 0.056758985080072745 0.00053856258095369902 -0.010071636340105968 -0.001589920446846925 0.029493483207041957 0.001476096608317209 0.017128078067731402 -0.010052928158613582 -0.0074008904444959559 0.027264527174614851 0.00051857859612527513 -0.0056393475463130636 0.0025246374362358132 0.00589101611025338 -0.00090570955973423627 -0.00022458233959007288 0.013240792849379582 -0.0073813578569972664 -0.010330856799408769 -0.010059678745225953 -0.010185686184936435 -0.01005818222536619 -0.010113630523487301 -0.010114546105862933 -0.010075388694747299 -0.010077983325722408
leaf_weight=0.30082212295383814 0.44787776749580954 88.996444908902049 0.4899736358784138 1.165780698880553 0.50248532136902202 3.4484524792060256 1.1006115251220761 0.60898192645981897 7.4538892544806066 0.26725055323913594 9.2969866492785496 8.8679300169460458 5.5153256505727759 6.2279900428839019 5.4186311420053226 4.038663609419018 1.7129362183623014 3.6868864605203271 0.40949026402086008 0.44909933628514409 0.31469830218702544 0.38444519462063909 0.57898110337555408 1.043900041375309 1.3623663629405198 0.2343006394803524
leaf_count=30 30 10488 78 138 36 438 132 120 1152 24 1146 1068 618 666 648 468 210 516 48 84 36 72 72 132 234 36
internal_value=-3.22787e-05 0.000388002 0.00571233 0.0181404 0.00777247 0.00138884 0.00526297 -0.00293809 4.32492e-05 -0.00253011 -0.00300547 0.000442799 -0.00250883 0.000888631 -0.00159209 -0.000696522 0.00249215 -0.00364003 -0.010114 -0.0101038 -0.0100808 -0.0101156 -0.0101333 -0.0101008 -0.0100685 -0.010066
internal_weight=154.325 134.825 8.19908 2.11614 1.66827 6.08294 4.54906 19.5003 126.626 17.0181 16.7509 109.608 14.3833 95.2244 16.4203 14.8571 7.13157 7.72555 3.07998 1.5632 2.67049 0.699143 0.879803 1.53387 1.97135 0.6834
internal_count=18720 16146 984 204 174 780 570 2574 15162 2322 2298 12840 1686 11154 2064 1842 858 984 510 222 462 108 102 210 354 120
is_linear=0
shrinkage=0.01


Tree=62
num_leaves=30
num_cat=0
split_feature=7 7 7 7 1 1 1 7 7 7 7 1 7 7 1 1 7 7 7 1 7 7 1 7 7 7 1 1 1
split_gain=80.7664 8.01001 6.45269 6.71433 4.53615 3.18085 3.11622 2.62432 2.61846 2.3535 2.37775 2.62629 2.07624 1.98718 1.86776 1.2502 1.2099 0.934574 2.08595 0.907957 1.18183 0.972811 0.836953 0.124262 1.76241 0.231308 1.06369e-06 1.36601e-08 6.23491e-11
threshold=81.750000000000014 154.05000000000004 35.750000000000007 80.15000000000002 0.14500000000000005 0.13833333333333339 0.12500000000000003 1.0000000180025095e-35 13.550000000000002 122.65000000000002 140.25000000000003 0.14500000000000005 46.350000000000001 149.35000000000005 0.12500000000000003 0.17833333333333334 304.55000000000007 88.40000000000002 94.550000000000011 0.12500000000000003 189.15000000000001 257.05000000000007 0.16500000000000004 449.45000000000005 429.95000000000005 1137.5000000000002 0.16500000000000004 0.17166666666666672 0.15833333333333341
decision_type=2 2 2 2 2 2 2 2 2 2 2 2 2 2 2 2 2 2 2 2 2 2 2 2 2 2 2 2 2
left_child=2 9 7 5 -5 6 -4 27 15 17 11 -11 -7 -12 -10 -9 19 26 -19 20 -3 -21 -6 24 -18 -25 -2 28 -1
right_child=1 16 3 4 22 12 -8 8 14 10 13 -13 -14 -15 -16 -17 23 18 -20 21 -22 -23 -24 25 -26 -27 -28 -29 -30
leaf_value=-0.010053001799141686 -0.010072046526977208 0.017466620387040402 0.013463507373935759 -0.010079832531280943 0.035882868772361402 0.0094537759308510917 -0.0076466762916460205 0.012917481341769633 -0.010216827083395453 0.012887895007343702 -0.010075342395756567 -0.00025007986642112576 0.0024722873849419361 0.0057928286611679388 0.0091864775241475936 0.021690683819860369 -0.010052382138198337 0.0071023341295970979 -0.0049838016543124067 -0.0079799250370481394 -0.010062186612341246 -0.0031174451252846242 0.062091730900762185 -0.010052442756969994 0.00062115716162254218 -0.0082933562223510421 -0.010087987166582003 -0.01004959337260918 -0.010053245245376137
leaf_weight=0.31466388702392478 1.5833842251449852 0.36021089926362293 0.84265492809937015 0.16435869829729099 0.21757141826674342 6.62728223204613 4.1095055569894612 13.728224690072237 0.50527877965942281 3.040469888597725 2.1146165523678069 3.0457329950295389 11.923780958168207 1.2590963556431232 27.314098433591425 1.8422629870474327 9.0127937211655063 1.7455285834148506 7.8501571756787598 14.433417138177903 0.27501054620370269 5.7550090542063108 0.27693033777177334 21.883301710244268 1.8675606986507762 11.353227746672927 0.5690472088754176 0.14705614373087883 0.15803987625986338
leaf_count=60 224 13 44 21 28 446 546 429 28 258 291 332 1228 145 1460 25 1744 221 1052 2509 45 870 25 4231 217 2095 73 30 30
internal_value=-3.20994e-05 -0.00646759 0.00810043 0.00394827 0.0354331 0.00306566 -0.00405459 0.01038 0.0106719 -0.00113179 0.00258055 0.00631323 0.00496639 -0.00415322 0.00883406 0.0139555 -0.00821014 -0.00412107 -0.00278524 -0.00622341 0.0055484 -0.0065938 0.0505603 -0.0091479 -0.00822032 -0.00945156 -0.0100763 -0.0100523 -0.0100531
internal_weight=154.32 86.1486 68.1717 24.1621 0.65886 23.5032 4.95216 44.0096 43.3899 21.208 9.45992 6.0862 18.5511 3.37371 27.8194 15.5705 64.9405 11.7481 9.59569 20.8236 0.635221 20.1884 0.494502 44.1169 10.8804 33.2365 2.15243 0.61976 0.472704
internal_count=18720 14320 4400 2338 74 2264 590 2062 1942 2596 1026 590 1674 436 1488 454 11724 1570 1273 3437 58 3379 53 8287 1961 6326 297 120 90
is_linear=0
shrinkage=0.01


Tree=63
num_leaves=30
num_cat=0
split_feature=7 7 7 7 1 1 1 1 7 7 7 7 1 1 1 7 7 1 7 7 7 1 1 7 7 7 1 1 1
split_gain=79.0502 7.97453 6.19461 6.30578 3.10574 3.04963 2.9748 2.70439 2.54599 2.50454 2.31262 2.31969 2.52663 2.26572 2.0331 1.96403 1.21388 1.18628 0.931498 2.0458 0.906056 2.94229 0.955601 0.125071 1.75794 0.233061 1.03221e-06 1.32536e-08 6.0845e-11
threshold=81.750000000000014 154.05000000000004 35.750000000000007 80.15000000000002 0.13833333333333339 0.12500000000000003 0.16500000000000004 0.1483333333333334 1.0000000180025095e-35 10.65 122.65000000000002 140.25000000000003 0.14500000000000005 0.12500000000000003 0.14500000000000005 149.35000000000005 304.55000000000007 0.17833333333333334 88.40000000000002 94.550000000000011 300.95000000000005 0.16166666666666671 0.12500000000000003 449.45000000000005 429.95000000000005 1137.5000000000002 0.16500000000000004 0.17166666666666672 0.15833333333333341
decision_type=2 2 2 2 2 2 2 2 2 2 2 2 2 2 2 2 2 2 2 2 2 2 2 2 2 2 2 2 2
left_child=2 10 8 4 5 -4 7 -5 27 17 18 12 -12 -11 -6 -13 20 -10 26 -20 22 -22 -3 24 -18 -25 -2 28 -1
right_child=1 16 3 6 14 -7 -8 -9 9 13 11 15 -14 -15 -16 -17 23 -19 19 -21 21 -23 -24 25 -26 -27 -28 -29 -30
leaf_value=-0.010052471472182715 -0.010071324563256259 0.0054638547338547519 0.013159137851422037 0.042727875042731872 0.01153993270634948 -0.0076276849598941989 0.057845882755646623 -0.010080809337961851 0.014041940352269893 -0.010228804296279443 0.012599172962853568 -0.010074587353319222 -0.00024763980455164792 0.0095818031617365546 0.0032520433441173397 0.005702212621745654 -0.010051858528279042 0.026848674923708599 0.0069821351831105896 -0.0049583500620280661 -0.010089124636037021 0.034920636800907234 -0.0069695727112004729 -0.010051918594526501 0.00061456888843650634 -0.0082783921982385374 -0.010087105567456902 -0.010049097630345909 -0.010052713163124158
leaf_weight=0.31154927797615428 1.5677410913631349 0.63847905257717386 0.85346878552809968 0.18936345400288601 3.690490810666236 4.0786946164444089 0.29419254325330257 0.19876379845663905 8.1620561666786635 0.5872009233571579 3.0788476979359967 2.0937318895012145 3.0449864761903882 34.28203328512609 14.950382622424511 1.2662777868099508 8.9235775396227819 0.79361348599195558 1.7577603776007871 7.8117412365972996 0.41936056734993954 0.22218306362628937 19.415813878178596 21.6666837669909 1.8687008908018459 11.260477399453519 0.56343408441171039 0.14560005906969309 0.15647559519857168
leaf_count=60 224 58 44 24 338 546 25 25 219 31 258 291 332 1682 1336 145 1744 10 221 1052 48 26 3305 4231 217 2095 73 30 30
internal_value=-3.22294e-05 -0.00644433 0.00795792 0.00389326 0.0030258 -0.0040307 0.0338628 0.015684 0.0101765 0.0104597 -0.001122 0.00254791 0.00621128 0.00924819 0.00489287 -0.00412883 -0.0081947 0.0151768 -0.00409661 -0.00276508 -0.00619949 0.00549891 -0.00657372 -0.00913919 -0.00820495 -0.00944541 -0.0100755 -0.0100517 -0.0100526
internal_weight=154.294 85.5998 68.6939 24.2554 23.573 4.93216 0.68232 0.388127 44.4385 43.8249 21.1845 9.48384 6.12383 34.8692 18.6409 3.36001 64.4153 8.95567 11.7007 9.5695 20.6958 0.641544 20.0543 43.7194 10.7923 32.9272 2.13118 0.613625 0.468025
internal_count=18720 14320 4400 2338 2264 590 74 49 2062 1942 2596 1026 590 1713 1674 436 11724 229 1570 1273 3437 74 3363 8287 1961 6326 297 120 90
is_linear=0
shrinkage=0.01


Tree=64
num_leaves=29
num_cat=0
split_feature=7 7 7 7 1 1 1 1 7 7 1 7 1 7 1 7 1 1 7 1 1 7 7 7 1 7 1 1
split_gain=77.3791 7.9388 5.94908 5.93202 3.03263 2.98522 2.62384 2.5269 2.47095 2.40576 2.3059 2.29048 3.05015 1.99673 1.79742 1.21787 1.13986 1.03655 0.894149 2.79873 0.944127 0.125882 1.75346 0.234824 2.34145e-05 5.82772e-08 1.28595e-08 5.90281e-11
threshold=81.750000000000014 154.05000000000004 35.750000000000007 80.15000000000002 0.13833333333333339 0.12500000000000003 0.16500000000000004 0.1483333333333334 1.0000000180025095e-35 13.550000000000002 0.17166666666666672 118.25000000000001 0.16500000000000004 46.350000000000001 0.13500000000000004 304.55000000000007 0.17833333333333334 0.12833333333333338 300.95000000000005 0.16166666666666671 0.12500000000000003 449.45000000000005 429.95000000000005 1137.5000000000002 0.18500000000000003 140.25000000000003 0.17166666666666672 0.15833333333333341
decision_type=2 2 2 2 2 2 2 2 2 2 2 2 2 2 2 2 2 2 2 2 2 2 2 2 2 2 2 2
left_child=2 10 8 4 5 -4 7 -5 26 16 11 17 -13 -6 -11 18 -10 -2 20 -20 -3 22 -17 -23 25 -12 27 -1
right_child=1 15 3 6 13 -7 -8 -9 9 14 24 12 -14 -15 -16 21 -18 -19 19 -21 -22 23 -24 -25 -26 -27 -28 -29
leaf_value=-0.010051946102555949 0.010847866424170679 0.005380737650801287 0.012865492136404267 0.040550826003666045 0.0091866719110918968 -0.0076086048930451297 0.054119814466296649 -0.010079998882612387 0.012375799475371209 0.013674502519201359 -0.010061125904549861 0.0010899211148397041 0.016646401757493531 0.0023789665321448869 0.0072754136709578853 -0.010051339560612715 0.020623637378500922 -0.004279967596431628 -0.010088229734931222 0.03339969061636415 -0.006947801114739016 -0.010051399438616689 0.00060805378490195886 -0.008263338345098235 -0.010142494251383746 -0.010056182848959509 -0.010048606222057627 -0.010052185344482541
leaf_weight=0.30846534669399162 0.47804976627231255 0.64184130495414748 0.86416451912373915 0.19749196665361424 6.7179696462117162 4.0481866537593305 0.31121264770627022 0.19680180260911584 14.048563786782323 5.4319024193100658 1.8371695061214266 8.0391189842484874 1.4947136361151923 12.012055611237882 22.872792478650808 8.8352401871234161 1.9025309085845936 8.6211802880279702 0.41522449813783069 0.22993746399879456 19.282557578757405 21.452199167106301 1.869829568080603 11.168642121832816 0.41687810886651266 0.2740952381864189 0.14415832702070475 0.154926722869277
leaf_count=60 69 58 44 24 446 546 25 25 429 265 306 867 139 1228 1223 1744 25 1132 48 26 3305 4231 217 2095 33 50 30 30
internal_value=-3.23565e-05 -0.00642099 0.00781892 0.0038392 0.00298654 -0.00400687 0.0324128 0.0152797 0.00997876 0.0102537 -0.00111229 0.000103636 0.00352887 0.00482071 0.00850345 -0.00817915 0.0133595 -0.00348519 -0.00617548 0.00541098 -0.00655065 -0.00913042 -0.00818949 -0.00943921 -0.010074 -0.0100605 -0.0100512 -0.010052
internal_weight=154.268 85.0567 69.2112 24.3479 23.6424 4.91235 0.705506 0.394294 44.8633 44.2558 21.1612 18.6331 9.53383 18.73 28.3047 63.8955 15.9511 9.09923 20.5696 0.645162 19.9244 43.3259 10.7051 32.6208 2.52814 2.11126 0.60755 0.463392
internal_count=18720 14320 4400 2338 2264 590 74 49 2062 1942 2596 2207 1006 1674 1488 11724 454 1201 3437 74 3363 8287 1961 6326 389 356 120 90
is_linear=0
shrinkage=0.01


Tree=65
num_leaves=28
num_cat=0
split_feature=0 0 1 0 0 1 0 1 0 1 0 0 1 0 0 1 1 0 0 1 0 0 1 0 0 1 0
split_gain=1.81354 2.41961 4.1433 7.50427 3.14699 2.6607 1.95504 1.86549 1.29346 4.27939 1.82401 1.96685 1.56619 1.2434 1.36788 2.55306 0.965795 0.133595 0.000259932 1.91678e-05 1.25604e-05 3.04528e-05 7.18197e-06 6.9566e-06 2.2887e-06 2.18216e-06 5.51688e-07
threshold=33.466666666666676 36.800000000000004 0.14500000000000005 34.20333333333334 36.431666666666679 0.16500000000000004 36.20333333333334 0.17500000000000002 82.076666666666668 0.13833333333333339 72.968333333333348 76.315000000000012 0.17166666666666672 15.820000000000002 26.83666666666667 0.16833333333333336 0.16166666666666671 84.558333333333351 32.705000000000005 0.15833333333333341 30.411666666666669 30.915000000000003 0.14500000000000005 34.831666666666678 21.883333333333336 0.13500000000000004 13.535000000000002
decision_type=2 2 2 2 2 2 2 2 2 2 2 2 2 2 2 2 2 2 2 2 2 2 2 2 2 2 2
left_child=7 2 3 -2 -5 23 -7 13 10 25 12 -12 -3 19 15 -15 -16 -11 20 22 24 -22 -1 -4 -9 -10 -21
right_child=1 8 5 4 -6 6 -8 18 9 17 11 -13 -14 14 16 -17 -18 -19 -20 26 21 -23 -24 -25 -26 -27 -28
leaf_value=-0.01017597579025367 0.05247055124795319 0.00078625116473470338 -0.010070816085516561 -0.001571068360109757 0.027987901901039138 0.0014788695840831903 0.016696992789678379 -0.010051647393772184 -0.010059271747109027 0.028607438240854981 -0.0082804188348165123 0.00062328223337924189 -0.0025049943132132773 -0.00089622943157175144 -0.00023797839579435876 0.013075121310911824 -0.0073423649768377995 0.039475006709007804 -0.010352549388460117 -0.010058610164079478 -0.010190353809736015 -0.010056717926893999 -0.010115685406252137 -0.010116952065278241 -0.010075297406170875 -0.010104724962629969 -0.010077754455677946
leaf_weight=0.3009229046292663 0.47835264401510214 98.811501946765929 0.47806777944788326 1.1622613640502093 0.52191573753952969 3.4462744598276913 1.1180462809279559 0.59067052463069547 0.17113675270229478 0.2580195851624012 5.3503322950564307 4.62630554754287 16.936811116058379 5.410575570072977 4.042477126698941 1.7249001236632464 3.6333829420618713 0.20141960959881544 0.4080642177723347 0.43613367667421699 0.31427806569263328 0.37279469706118107 0.5753471446223557 1.0330875357612965 1.3318216982297597 0.27591026946902275 0.22986173443496227
leaf_count=30 30 11550 78 138 36 438 132 120 30 30 672 504 2322 648 468 210 516 18 48 84 36 72 72 132 234 36 36
internal_value=-3.24591e-05 0.000378488 0.0056299 0.0175169 0.00758907 0.0013988 0.0052066 -0.00289362 3.68578e-05 0.0119393 -4.89597e-05 -0.00415165 0.000304661 -0.00156058 -0.000670803 0.00248115 -0.00360085 0.0333718 -0.0101178 -0.0101057 -0.0100811 -0.0101178 -0.0101364 -0.0101024 -0.010068 -0.0100873 -0.0100652
internal_weight=154.241 134.869 8.23801 2.16253 1.68418 6.07548 4.56432 19.3712 126.631 0.906486 125.725 9.97664 115.748 16.3536 14.8113 7.13548 7.67586 0.459439 3.01763 1.54227 2.60956 0.687073 0.87627 1.51116 1.92249 0.447047 0.665995
internal_count=18720 16146 984 204 174 780 570 2574 15162 114 15048 1176 13872 2064 1842 858 984 48 510 222 462 108 102 210 354 66 120
is_linear=0
shrinkage=0.01


Tree=66
num_leaves=28
num_cat=0
split_feature=0 0 1 0 0 1 1 1 0 1 0 0 1 0 0 1 1 0 0 1 0 0 1 0 0 1 0
split_gain=1.782 2.35657 3.96469 6.82401 2.98682 2.61685 1.93728 1.85469 1.25233 4.05301 1.79462 1.95008 1.53715 1.23355 1.34298 2.46635 0.957085 0.118603 0.000252521 1.8602e-05 1.22004e-05 2.95757e-05 6.97054e-06 6.75207e-06 2.22221e-06 2.11784e-06 5.35388e-07
threshold=33.466666666666676 36.800000000000004 0.14500000000000005 34.20333333333334 36.431666666666679 0.16500000000000004 0.16833333333333336 0.17500000000000002 82.076666666666668 0.13833333333333339 72.968333333333348 76.315000000000012 0.17166666666666672 15.820000000000002 26.83666666666667 0.16833333333333336 0.16166666666666671 84.558333333333351 32.705000000000005 0.15833333333333341 30.411666666666669 30.915000000000003 0.14500000000000005 34.831666666666678 21.883333333333336 0.13500000000000004 13.535000000000002
decision_type=2 2 2 2 2 2 2 2 2 2 2 2 2 2 2 2 2 2 2 2 2 2 2 2 2 2 2
left_child=7 2 3 -2 -5 23 -7 13 10 25 12 -12 -3 19 15 -15 -16 -11 20 22 24 -22 -1 -4 -9 -10 -21
right_child=1 8 5 4 -6 6 -8 18 9 17 11 -13 -14 14 16 -17 -18 -19 -20 26 21 -23 -24 -25 -26 -27 -28
leaf_value=-0.01017421876907236 0.049403557620706827 0.00077779091560340927 -0.010070108353198347 -0.0015577327155949653 0.026987928054884765 0.016535453687825542 0.0014261788759638106 -0.010051130714292934 -0.010058678941318835 0.027542020144112764 -0.0082641298026528559 0.00061667673002846664 -0.0024859821383717427 -0.00088804537001755703 -0.00023565364885122994 0.012779187888486357 -0.0073217743163007422 0.037611260627493218 -0.010349153708755721 -0.010058024536120471 -0.010188500391266026 -0.010056151109850579 -0.010114529238348689 -0.010115786962442159 -0.010074550793212136 -0.010103679967603838 -0.010076977756268722
leaf_weight=0.29797986429185275 0.50283948238938903 98.887043872848153 0.47334402753040183 1.1604984775185583 0.53577000973746169 1.1239878702908752 3.4636219069361687 0.58482315391302098 0.1694438518024971 0.2652830951847136 5.3074842412024719 4.6290873559191823 16.895882195793092 5.4058583760634047 4.0415402562357485 1.7470826869830487 3.6072959443554282 0.20924570318311453 0.40413580974563945 0.43181908875703812 0.31120726466178883 0.3691060277633369 0.56968713132664561 1.0229253470897672 1.3186670900322495 0.27319302596151829 0.22759202448651195
leaf_count=30 30 11550 78 138 36 108 462 120 30 30 672 504 2322 648 468 210 516 18 48 84 36 72 72 132 234 36 36
internal_value=-3.22698e-05 0.000374445 0.00554205 0.0170495 0.00745847 0.00138252 0.00512803 -0.002873 3.64451e-05 0.0116792 -4.84929e-05 -0.00412688 0.000301518 -0.00154751 -0.000664688 0.00245013 -0.00357757 0.0319821 -0.0101167 -0.0101046 -0.0100803 -0.0101167 -0.010135 -0.0101013 -0.0100674 -0.0100865 -0.0100646
internal_weight=154.236 134.92 8.28299 2.19911 1.69627 6.08388 4.58761 19.3168 126.637 0.917166 125.719 9.93657 115.783 16.3289 14.8018 7.15294 7.64884 0.474529 2.98794 1.52708 2.5838 0.680313 0.867667 1.49627 1.90349 0.442637 0.659411
internal_count=18720 16146 984 204 174 780 570 2574 15162 114 15048 1176 13872 2064 1842 858 984 48 510 222 462 108 102 210 354 66 120
is_linear=0
shrinkage=0.01


Tree=67
num_leaves=29
num_cat=0
split_feature=7 7 7 7 1 1 7 1 1 7 1 7 7 1 7 1 7 1 7 1 1 7 7 7 1 7 1 1
split_gain=75.6297 7.90152 5.69363 5.59615 2.95988 2.92059 2.39549 2.34423 2.36567 2.32066 2.2726 2.24302 2.53918 2.18721 1.92586 1.8309 1.22069 1.09777 0.87945 2.66046 0.931772 0.126591 1.74813 0.237227 2.20921e-05 5.49782e-08 1.49033e-08 5.76152e-11
threshold=81.750000000000014 154.05000000000004 35.750000000000007 80.15000000000002 0.13833333333333339 0.12500000000000003 1.0000000180025095e-35 0.16500000000000004 0.1483333333333334 10.65 0.17166666666666672 122.65000000000002 140.25000000000003 0.12500000000000003 46.350000000000001 0.16833333333333336 304.55000000000007 0.13833333333333339 300.95000000000005 0.16166666666666671 0.12500000000000003 449.45000000000005 429.95000000000005 1137.5000000000002 0.18500000000000003 140.25000000000003 0.17166666666666672 0.15833333333333341
decision_type=2 2 2 2 2 2 2 2 2 2 2 2 2 2 2 2 2 2 2 2 2 2 2 2 2 2 2 2
left_child=2 10 6 4 5 -4 26 8 -5 17 11 15 -13 -11 -6 -2 18 -8 20 -20 -3 22 -18 -23 25 -12 27 -1
right_child=1 16 3 7 14 -7 9 -9 -10 13 24 12 -14 -15 -16 -17 21 -19 19 -21 -22 23 -24 -25 -26 -27 -28 -29
leaf_value=-0.010051507815932691 -0.0045407131798187207 0.0052887642792192723 0.012569828959188354 0.038534569517175862 0.0090101172373867888 -0.007589397615065812 0.018332069920880493 0.050946037291413629 -0.010079266555738216 -0.010229656610875888 -0.010060304203028106 0.0078653202192118937 -0.0035027278327177092 0.0092024234599447675 0.002346751877216567 0.0096379098730483958 -0.010050846102238052 0.011384685831803331 -0.010087590013058345 0.031902165353727731 -0.0069256545238551015 -0.010050888629792585 0.00059803071421597168 -0.0082443322595977305 -0.010140063994890518 -0.010055470911729796 -0.01004788088878663 -0.010051745172217323
leaf_weight=0.30588490515947242 9.0332405320368743 0.64560260251165047 0.87520604627207532 0.20566706964746018 6.7791759157553342 4.0178094743750989 4.1441210061311704 0.32733825873583555 0.19501581275835633 0.58899475261568923 1.8110212581232188 5.5585212018340808 3.0390451457351446 34.940101479180157 12.042690949980168 1.0128652993589646 8.7436329578049463 5.041108587756753 0.41193101601675053 0.23811817262321711 19.148440830409527 21.225160685367882 1.8715460202656675 11.054530839901416 0.40904653910547484 0.27049598796293128 0.14202697388827801 0.15363072697073221
leaf_count=60 1233 58 44 24 446 546 76 25 25 31 306 498 380 1682 1228 96 1744 153 48 26 3305 4231 217 2095 33 50 30 30
internal_value=-3.20768e-05 -0.00639562 0.00767375 0.0037838 0.00294544 -0.00398355 0.00977195 0.0310929 0.0148738 0.0100386 -0.00110096 9.75747e-05 0.00384697 0.00888028 0.00474673 -0.0031112 -0.00816228 0.0145192 -0.00615141 0.00529359 -0.00652727 -0.00912069 -0.00817336 -0.00943221 -0.0100729 -0.0100597 -0.0100507 -0.0100516
internal_weight=154.232 84.4732 69.7588 24.4429 23.7149 4.89302 45.3159 0.728021 0.400683 44.7143 21.1342 18.6437 8.59757 35.5291 18.8219 10.0461 63.339 9.18523 20.4441 0.650049 19.794 42.8949 10.6152 32.2797 2.49056 2.08152 0.601543 0.459516
internal_count=18720 14320 4400 2338 2264 590 2062 74 49 1942 2596 2207 878 1713 1674 1329 11724 229 3437 74 3363 8287 1961 6326 389 356 120 90
is_linear=0
shrinkage=0.01


Tree=68
num_leaves=28
num_cat=0
split_feature=0 0 1 0 0 1 0 1 0 0 1 0 1 0 0 1 1 0 0 1 0 0 1 0 0 1 0
split_gain=1.73925 2.29628 3.77745 6.20133 2.81687 2.5728 1.8594 1.83934 1.22394 1.31811 2.39127 1.21754 3.8323 1.77093 1.93044 1.4915 0.944604 0.102261 0.000254068 1.87226e-05 1.23296e-05 2.98096e-05 6.9474e-06 6.87234e-06 2.22894e-06 2.14504e-06 5.2945e-07
threshold=33.466666666666676 36.800000000000004 0.14500000000000005 34.20333333333334 36.431666666666679 0.16500000000000004 36.20333333333334 0.17500000000000002 15.820000000000002 26.83666666666667 0.16833333333333336 82.076666666666668 0.13833333333333339 72.968333333333348 76.315000000000012 0.17166666666666672 0.16166666666666671 84.558333333333351 32.705000000000005 0.15833333333333341 30.411666666666669 30.915000000000003 0.14500000000000005 34.831666666666678 21.883333333333336 0.13500000000000004 13.535000000000002
decision_type=2 2 2 2 2 2 2 2 2 2 2 2 2 2 2 2 2 2 2 2 2 2 2 2 2 2 2
left_child=7 2 3 -2 -5 23 -7 8 19 10 -10 13 25 15 -15 -3 -11 -14 20 22 24 -22 -1 -4 -9 -13 -21
right_child=1 11 5 4 -6 6 -8 18 9 16 -12 12 17 14 -16 -17 -18 -19 -20 26 21 -23 -24 -25 -26 -27 -28
leaf_value=-0.01017435315036975 0.046509425130508902 0.00076511272956438501 -0.010069409990367569 -0.0015442080538560032 0.025915892545886516 0.0014088495245795419 0.016119320665193747 -0.010050385814832379 -0.00087984448397437735 -0.0002393937079087651 0.012523001711285621 -0.0100577264405254 0.026573226924913929 -0.0082507464546918412 0.00059749636904606702 -0.0024554187360861638 -0.0072960080650885072 0.035768836760764658 -0.010351009662578471 -0.010057405449503185 -0.010188915724010168 -0.010055228543489956 -0.010114527215333837 -0.010115796808455275 -0.010074034389364888 -0.010103355719622606 -0.010076387255574523
leaf_weight=0.29565824614838365 0.5283323265612111 98.984849653206766 0.46642837487161148 1.1583351227454839 0.55138256307691325 3.4665355798788369 1.1424229308031497 0.57491044374182809 5.4002131372690183 4.0424999790266156 1.7666635019704697 0.16657875711098213 0.2722377167083323 5.2671732553280872 4.6359153925441206 16.824532881379128 3.5741211511194706 0.21759560750797391 0.40016222838312376 0.42517961747944355 0.30885804723948229 0.36261603608727455 0.56513378163799644 1.0131119731813667 1.2992796753533182 0.27004400081932545 0.22454757476225495
leaf_count=30 30 11550 78 138 36 438 132 120 648 468 210 30 30 672 504 2322 516 18 48 84 36 72 72 132 234 36 36
internal_value=-3.2174e-05 0.000368804 0.00545569 0.016565 0.00731165 0.00137206 0.00505514 -0.002845 -0.00153032 -0.000654242 0.00242401 3.43397e-05 0.0114562 -4.98349e-05 -0.00410863 0.000297241 -0.00355073 0.0306581 -0.0101168 -0.0101045 -0.01008 -0.0101167 -0.0101351 -0.0101012 -0.0100668 -0.0100859 -0.010064
internal_weight=154.205 134.965 8.32655 2.23805 1.70972 6.0885 4.60896 19.2398 16.294 14.7835 7.16688 126.639 0.926456 125.712 9.90309 115.809 7.61662 0.489833 2.94583 1.51052 2.54566 0.671474 0.860792 1.47954 1.87419 0.436623 0.649727
internal_count=18720 16146 984 204 174 780 570 2574 2064 1842 858 15162 114 15048 1176 13872 984 48 510 222 462 108 102 210 354 66 120
is_linear=0
shrinkage=0.01


Tree=69
num_leaves=29
num_cat=0
split_feature=7 7 7 7 1 1 7 1 7 7 1 1 1 1 1 7 1 1 7 1 1 7 7 7 1 7 1 1
split_gain=73.9899 7.86504 5.46143 5.28627 2.88997 2.85921 2.32504 2.24643 2.22504 2.19997 2.90503 2.09996 2.22086 1.88798 1.71042 1.22409 1.15387 1.01594 0.866549 2.53601 0.920141 0.127374 1.74316 0.239306 2.11346e-05 5.29158e-08 1.56785e-08 5.59587e-11
threshold=81.750000000000014 154.05000000000004 35.750000000000007 80.15000000000002 0.13833333333333339 0.12500000000000003 1.0000000180025095e-35 0.17166666666666672 13.550000000000002 118.25000000000001 0.16500000000000004 0.16500000000000004 0.1483333333333334 0.14500000000000005 0.13500000000000004 304.55000000000007 0.17833333333333334 0.12833333333333338 300.95000000000005 0.16166666666666671 0.12500000000000003 449.45000000000005 429.95000000000005 1137.5000000000002 0.18500000000000003 140.25000000000003 0.17166666666666672 0.15833333333333341
decision_type=2 2 2 2 2 2 2 2 2 2 2 2 2 2 2 2 2 2 2 2 2 2 2 2 2 2 2 2
left_child=2 7 6 4 5 -4 26 9 16 17 -11 12 -5 -6 -10 18 -8 -2 20 -20 -3 22 -17 -23 25 -9 27 -1
right_child=1 15 3 11 13 -7 8 24 14 10 -12 -13 -14 -15 -16 21 -18 -19 19 -21 -22 23 -24 -25 -26 -27 -28 -29
leaf_value=-0.010051030993323653 0.010683996999141576 0.0052040975740357109 0.01229061405435059 0.03670914519452164 0.010992005859889877 -0.007570108808338972 0.011811009127151068 -0.010059617059141331 0.013153836867285714 0.0010361983513158316 0.016076080126279479 0.048074594412584964 -0.010078506755054475 0.0030952536475974354 0.0069761772842379397 -0.010050346515082855 0.02003070675005823 -0.0042399059719366921 -0.010086836453668238 0.03056150675539071 -0.0069035138865303578 -0.010050385659620839 0.00058967956823741759 -0.0082272812669453212 -0.010138174479436142 -0.010054847704809756 -0.010047285926031548 -0.010051265989958837
leaf_weight=0.30308621563017268 0.48181103682146087 0.64910376397893443 0.88589104497805848 0.21367369685321946 3.7853106283582774 3.9877917724661529 14.397478491067888 1.7895889077335594 5.5511862765997675 8.0772198666818422 1.5270971287973214 0.34343459270894527 0.19316625501960516 15.1253868592903 23.265412964858115 8.6545029408298415 1.9376811124384392 8.5625233529135567 0.40825560595840116 0.24595095682889223 19.016347050201148 21.008568825200204 1.8729843623004843 10.954142562113701 0.40321000292897213 0.26738829677924503 0.1402788357809186 0.15222510974854231
leaf_count=60 69 58 44 24 338 546 429 306 265 867 139 25 25 1336 1223 1744 25 1132 48 26 3305 4231 217 2095 33 50 30 30
internal_value=-3.19766e-05 -0.0063712 0.00753723 0.00373075 0.00290633 -0.00396002 0.00957868 -0.00109036 0.0098376 9.45222e-05 0.00342756 0.0298656 0.0144945 0.00467593 0.00816623 -0.00814596 0.012786 -0.00344488 -0.00612722 0.00519503 -0.00650387 -0.00911136 -0.00815734 -0.00942558 -0.010072 -0.010059 -0.0100502 -0.0100511
internal_weight=154.201 83.9187 70.282 24.5347 23.7844 4.87368 45.7473 21.1088 45.1518 18.6487 9.60432 0.750275 0.40684 18.9107 28.8166 62.8099 16.3352 9.04433 20.3197 0.654207 19.6655 42.4902 10.5275 31.9627 2.46019 2.05698 0.59559 0.455311
internal_count=18720 14320 4400 2338 2264 590 2062 2596 1942 2207 1006 74 49 1674 1488 11724 454 1201 3437 74 3363 8287 1961 6326 389 356 120 90
is_linear=0
shrinkage=0.01


Tree=70
num_leaves=29
num_cat=0
split_feature=7 7 7 7 1 1 7 1 7 1 7 1 1 1 7 7 1 7 7 1 1 7 7 7 1 7 1 1
split_gain=72.4512 7.82886 5.25129 4.99583 2.82268 2.80084 2.25922 2.22603 2.15599 2.79012 2.14778 2.1156 1.88087 2.09019 1.85368 1.22794 1.06223 1.00523 0.855341 2.42356 0.909203 0.128189 1.73869 0.241101 2.05062e-05 5.13452e-08 1.52139e-08 5.4036e-11
threshold=81.750000000000014 154.05000000000004 35.750000000000007 80.15000000000002 0.13833333333333339 0.12500000000000003 1.0000000180025095e-35 0.17166666666666672 118.25000000000001 0.16500000000000004 10.65 0.12500000000000003 0.16500000000000004 0.1483333333333334 46.350000000000001 304.55000000000007 0.17833333333333334 88.40000000000002 300.95000000000005 0.16166666666666671 0.12500000000000003 449.45000000000005 429.95000000000005 1137.5000000000002 0.18500000000000003 140.25000000000003 0.17166666666666672 0.15833333333333341
decision_type=2 2 2 2 2 2 2 2 2 2 2 2 2 2 2 2 2 2 2 2 2 2 2 2 2 2 2 2
left_child=2 7 6 4 5 -4 26 8 17 -10 16 -12 13 -5 -6 18 -8 -2 20 -20 -3 22 -17 -23 25 -9 27 -1
right_child=1 15 3 12 14 -7 10 24 9 -11 11 -13 -14 -15 -16 21 -18 -19 19 -21 -22 23 -24 -25 -26 -27 -28 -29
leaf_value=-0.010050521195407782 -0.010075406291371445 0.0051262351493376957 0.012026583033208069 0.035049376928151008 0.0087590514313685055 -0.0075507616089745934 0.012852746628238751 -0.010059020379337806 0.001024790962224122 0.015666148445177771 -0.010230320187763785 0.0088540758306728338 0.045419604333564789 -0.010077718985292054 0.0022573287342534916 -0.010049843077113027 0.024626724558115858 -0.0017459265398959639 -0.010085965469501808 0.029358227030859704 -0.0068815080758022461 -0.010049882002203978 0.00058344302000486387 -0.0082119222762460503 -0.010136784137856007 -0.010054298919202318 -0.010046813447991259 -0.010050753271316363
leaf_weight=0.30008560605347057 1.8138825278729251 0.65235688351095333 0.89623372023925796 0.22151352092623611 6.8682217961177257 3.9581781500019133 8.5685065966099465 1.7718867748044429 8.0854177684523147 1.5512620178051282 0.59051148733124037 35.566591390408576 0.35978896729648113 0.19125909032300115 12.12883607810363 8.5688161631114763 0.84150543063879091 7.1998933670111001 0.40422813687473436 0.25343248527497053 18.887035589199513 20.800567410886291 1.874069730285554 10.865329535212366 0.39925247337669123 0.26474211551249016 0.13888953812420368 0.15071809943765402
leaf_count=60 251 58 44 24 446 546 219 306 867 139 31 1682 25 25 1228 1744 10 950 48 26 3305 4231 217 2095 33 50 30 30
internal_value=-3.20615e-05 -0.00634765 0.00740881 0.00367962 0.00286897 -0.00393634 0.00939827 -0.00108081 9.34066e-05 0.00338168 0.00964995 0.00854239 0.028707 0.0141396 0.00460797 -0.00813012 0.0139057 -0.00342211 -0.00610306 0.00511403 -0.00648061 -0.00910238 -0.0081416 -0.00941923 -0.0100713 -0.0100584 -0.0100497 -0.0100506
internal_weight=154.173 83.3922 70.7808 24.624 23.8515 4.85441 46.1568 21.0863 18.6505 9.63668 45.5671 36.1571 0.772562 0.412773 18.9971 62.3058 9.41001 9.01378 20.1971 0.657661 19.5394 42.1088 10.4429 31.6659 2.43588 2.03663 0.589693 0.450804
internal_count=18720 14320 4400 2338 2264 590 2062 2596 2207 1006 1942 1713 74 49 1674 11724 229 1201 3437 74 3363 8287 1961 6326 389 356 120 90
is_linear=0
shrinkage=0.01


Tree=71
num_leaves=29
num_cat=0
split_feature=7 7 7 7 7 1 7 1 7 7 7 1 1 1 1 7 1 1 7 1 1 7 7 7 1 7 1 1
split_gain=70.9516 7.79247 5.05484 4.56294 2.72937 2.82747 2.2492 2.20579 2.11591 2.45277 1.8531 1.96644 1.78979 1.69184 2.12454 1.23175 1.03259 0.852043 0.844318 2.31906 0.898424 0.129005 1.73421 0.242903 1.98965e-05 4.98176e-08 1.47602e-08 5.27737e-11
threshold=81.750000000000014 154.05000000000004 32.050000000000004 80.15000000000002 64.050000000000011 0.14166666666666669 1.0000000180025095e-35 0.17166666666666672 122.65000000000002 140.25000000000003 10.65 0.12500000000000003 0.16833333333333336 0.16500000000000004 0.14500000000000005 304.55000000000007 0.13833333333333339 0.13833333333333339 300.95000000000005 0.16166666666666671 0.12500000000000003 449.45000000000005 429.95000000000005 1137.5000000000002 0.18500000000000003 140.25000000000003 0.17166666666666672 0.15833333333333341
decision_type=2 2 2 2 2 2 2 2 2 2 2 2 2 2 2 2 2 2 2 2 2 2 2 2 2 2 2 2
left_child=2 7 6 4 5 -4 26 8 12 -10 16 -12 -2 14 -5 18 -8 -6 20 -20 -3 22 -17 -23 25 -9 27 -1
right_child=1 15 3 13 17 -7 10 24 9 -11 11 -13 -14 -15 -16 21 -18 -19 19 -21 -22 23 -24 -25 -26 -27 -28 -29
leaf_value=-0.010050015304474406 -0.0044843834156275599 0.0050499222696491616 -0.0012129890349568857 -0.010096010560676152 -0.010067085515209183 0.007017029656817309 0.017221988288077389 -0.010058429763560899 0.0076062422919925491 -0.003525918298746203 -0.010234361575251828 0.0089050505423010889 0.0094962513544986117 0.043025169334745483 0.035037482331776205 -0.010049344715242768 0.010606998045133979 -0.00078623869699873496 -0.010085102972570422 0.028236270510636739 -0.0068594262240338948 -0.010049382816811598 0.00057727587326865599 -0.0081964730549156321 -0.010135407908534424 -0.010053755884692006 -0.010046345295829378 -0.010050245797423895
leaf_weight=0.29711457900702853 8.9433629433624482 0.65557660441846266 5.6111199655570188 0.19699738826602597 1.2844043988734473 16.30352193582803 4.305000886321066 1.7543587032705543 5.6391003290191275 3.0496012987568974 0.54588049137964745 32.319991535507143 1.0201378837227828 0.37592920940369368 0.22163502033799887 8.483973710332064 5.222461273893714 4.3039967878721654 0.40024006273597379 0.26082919910550117 18.759001447819173 20.59461571555585 1.8751442423090328 10.777392475400118 0.39533324679359783 0.26212197309359897 0.13751393929123878 0.14922592509537935
leaf_count=60 1233 58 608 21 196 1132 76 306 498 380 28 1450 96 25 28 1744 153 563 48 26 3305 4231 217 2095 33 50 30 30
internal_value=-3.21372e-05 -0.00632405 0.00728344 0.0040015 0.00331897 0.00490978 0.00944437 -0.00107133 9.23074e-05 0.00369902 0.00971284 0.00858716 -0.00305294 0.0276266 0.0137988 -0.0081142 0.013596 -0.00291929 -0.00607886 0.00503485 -0.00645728 -0.00909335 -0.00812578 -0.00941284 -0.0100705 -0.0100578 -0.0100492 -0.0100501
internal_weight=154.146 82.8708 71.2748 28.2976 27.503 21.9146 42.9772 21.064 18.6522 8.6887 42.3933 32.8659 9.9635 0.794562 0.418632 61.8068 9.52746 5.5884 20.0756 0.661069 19.4146 41.7311 10.3591 31.372 2.41181 2.01648 0.583854 0.446341
internal_count=18720 14320 4400 2573 2499 1740 1827 2596 2207 878 1707 1478 1329 74 49 11724 229 759 3437 74 3363 8287 1961 6326 389 356 120 90
is_linear=0
shrinkage=0.01


Tree=72
num_leaves=29
num_cat=0
split_feature=7 7 7 7 1 1 1 7 7 1 7 1 1 1 1 7 1 7 7 1 1 7 7 1 1 7 1 1
split_gain=69.49 7.75579 4.87086 4.48036 2.69324 2.74682 2.18571 2.13589 2.07472 2.66776 1.98022 1.82393 1.64426 1.528 2.01983 1.23551 1.06454 1.00349 0.833474 2.22173 0.887799 0.129822 1.72973 0.245177 1.93052e-05 4.83323e-08 1.4325e-08 5.12111e-11
threshold=81.750000000000014 154.05000000000004 35.750000000000007 80.15000000000002 0.13833333333333339 0.12500000000000003 0.17166666666666672 1.0000000180025095e-35 118.25000000000001 0.16500000000000004 13.550000000000002 0.14500000000000005 0.13500000000000004 0.16500000000000004 0.1483333333333334 304.55000000000007 0.17833333333333334 88.40000000000002 300.95000000000005 0.16166666666666671 0.12500000000000003 449.45000000000005 429.95000000000005 0.13166666666666668 0.18500000000000003 140.25000000000003 0.17166666666666672 0.15833333333333341
decision_type=2 2 2 2 2 2 2 2 2 2 2 2 2 2 2 2 2 2 2 2 2 2 2 2 2 2 2 2
left_child=2 6 7 4 5 -4 8 26 17 -10 16 -6 -12 14 -5 18 -9 -2 20 -20 -3 22 -17 -23 25 -8 27 -1
right_child=1 15 3 13 11 -7 24 10 9 -11 12 -13 -14 -15 -16 21 -18 -19 19 -21 -22 23 -24 -25 -26 -27 -28 -29
leaf_value=-0.010049515739328977 -0.010074532812878569 0.0049751165067211094 0.011811830221823647 0.03367645657844983 0.010623648774209189 -0.007521174287436201 -0.010057844988155826 0.011101141127221414 0.00098149422842529134 0.015180878326002446 0.012557480697096706 0.0029257326953034115 0.0065758010795449028 0.040854492913555591 -0.010079683587204636 -0.01004885122871029 0.018852953398862435 -0.0017056227953686782 -0.010084249291204035 0.027187670106196112 -0.0068372689410142505 -0.0066656896592664572 0.00057117722951254132 -0.0096942245300119939 -0.010134046007131308 -0.010053218361149696 -0.010045882200410009 -0.010049743927093608
leaf_weight=0.29417278803884883 1.7908589108847133 0.65876329550520196 0.90481121325865999 0.22844479978084464 3.8518660408444729 3.9136221669614315 1.7370030134916299 14.861562326550485 8.1165016386657935 1.5808575325645495 5.6943237856030491 15.319421288557349 23.812504805624485 0.39186068344861269 0.19601651886478066 8.399967164732514 2.0113061219453803 7.1654980881139636 0.39629098307341237 0.26814242079854012 18.632231891620904 2.9538128599524525 1.8762080683372904 28.127203179523349 0.3914519571699201 0.25952762458473433 0.13615189678966999 0.14774844702333212
leaf_count=60 251 58 44 24 338 546 306 429 867 139 265 1336 1223 25 25 1744 25 950 48 26 3305 585 217 5741 33 50 30 30
internal_value=-3.22013e-05 -0.00630042 0.00716104 0.00357657 0.00279261 -0.0038908 -0.00106195 0.00905459 9.12098e-05 0.00329627 0.00929269 0.00447239 0.00773017 0.0266154 0.0134698 -0.00809819 0.0120252 -0.00337902 -0.00605461 0.00495741 -0.00643389 -0.00908425 -0.00810986 -0.0094064 -0.0100698 -0.0100572 -0.0100487 -0.0100496
internal_weight=154.118 82.3543 71.7638 24.806 23.9897 4.81843 21.0417 46.9578 18.6537 9.69736 46.3797 19.1713 29.5068 0.816322 0.424461 61.3126 16.8729 8.95636 19.9554 0.664433 19.291 41.3572 10.2762 31.081 2.38798 1.99653 0.578073 0.441921
internal_count=18720 14320 4400 2338 2264 590 2596 2062 2207 1006 1942 1674 1488 74 49 11724 454 1201 3437 74 3363 8287 1961 6326 389 356 120 90
is_linear=0
shrinkage=0.01


Tree=73
num_leaves=28
num_cat=0
split_feature=0 0 1 0 0 1 1 0 0 0 1 0 1 0 0 1 1 0 0 1 0 0 0 1 0 1 0
split_gain=1.66004 2.24272 3.53675 5.54668 2.60704 2.52799 1.81362 1.78425 1.2164 1.29028 2.35365 1.19543 3.59036 1.75502 1.90651 1.41583 0.923087 0.0807108 0.000302667 2.07208e-05 1.3827e-05 3.29735e-05 7.94755e-06 7.73479e-06 2.41536e-06 2.36141e-06 5.97234e-07
threshold=33.466666666666676 36.800000000000004 0.14500000000000005 34.20333333333334 36.431666666666679 0.16500000000000004 0.17500000000000002 36.20333333333334 15.820000000000002 26.83666666666667 0.16833333333333336 82.076666666666668 0.13833333333333339 72.968333333333348 76.315000000000012 0.17166666666666672 0.16166666666666671 84.558333333333351 32.705000000000005 0.15833333333333341 30.411666666666669 30.915000000000003 34.831666666666678 0.14500000000000005 21.883333333333336 0.13500000000000004 13.535000000000002
decision_type=2 2 2 2 2 2 2 2 2 2 2 2 2 2 2 2 2 2 2 2 2 2 2 2 2 2 2
left_child=6 2 3 -2 -5 22 8 -7 19 10 -10 13 25 15 -15 -3 -11 -14 20 23 24 -22 -4 -1 -8 -13 -21
right_child=1 11 5 4 -6 7 18 -9 9 16 -12 12 17 14 -16 -17 -18 -19 -20 26 21 -23 -24 -25 -26 -27 -28
leaf_value=-0.010180488608579698 0.043347214583659074 0.00074180858175002169 -0.010068748398225231 -0.0015320064136230317 0.024570309845588445 0.0014117254303063376 -0.010049078755140058 0.015748032071123227 -0.00087388220103843989 -0.00024840720391119351 0.012398794889694349 -0.010055931005589158 0.0256964782627685 -0.0082442627251482492 0.00055703041447640949 -0.0024065415442036096 -0.0072530603489943894 0.033721406686819555 -0.010377804135694991 -0.010056542581490953 -0.010195374073785997 -0.010053364444566053 -0.010119201460096618 -0.01011733854749333 -0.010074142099297204 -0.010104502123159838 -0.010076945122131181
leaf_weight=0.29612764483318332 0.55922717042267178 99.13430542126298 0.45329866930842388 1.1553507600910959 0.57211847603321064 3.4638066114857793 0.55324089433997858 1.1584681374952195 5.3932772306725365 4.0440731244161725 1.7760210577398536 0.16073068138211866 0.27880471711978316 5.2303932774811965 4.6486470098607242 16.688348629977554 3.5179318524897099 0.22767123579978943 0.39823860256001342 0.41120708687230945 0.30828837258741248 0.34814976807683706 1.0031744414009152 0.56214196234941483 1.260716611985117 0.26533237658441067 0.2203618036583066
leaf_count=30 30 11550 78 138 36 438 120 132 648 468 210 30 30 672 504 2322 516 18 48 84 36 72 132 72 234 36 36
internal_value=-3.22573e-05 0.00035805 0.00537283 0.0159742 0.00711279 0.00138483 -0.00279245 0.00500479 -0.00149625 -0.000625397 0.0024141 2.67741e-05 0.0113071 -5.69111e-05 -0.00410276 0.000288177 -0.00350705 0.0293038 -0.010122 -0.0101071 -0.0100807 -0.0101201 -0.0101035 -0.0101391 -0.0100665 -0.0100862 -0.0100637
internal_weight=154.089 135 8.36544 2.2867 1.72747 6.07875 19.0898 4.62227 16.2211 14.7313 7.1693 126.634 0.932539 125.702 9.87904 115.823 7.562 0.506476 2.86863 1.48984 2.4704 0.656438 1.45647 0.85827 1.81396 0.426063 0.631569
internal_count=18720 16146 984 204 174 780 2574 570 2064 1842 858 15162 114 15048 1176 13872 984 48 510 222 462 108 210 102 354 66 120
is_linear=0
shrinkage=0.01


Tree=74
num_leaves=29
num_cat=0
split_feature=7 7 7 7 1 7 7 1 1 7 7 1 1 1 1 1 7 1 7 1 1 7 7 7 1 7 1 1
split_gain=68.0127 7.71856 4.68713 4.77731 2.16064 2.03353 2.37862 1.9814 3.66422 1.97624 2.44238 2.4222 1.74722 1.39216 2.05036 1.32691 1.23873 1.0314 0.821389 2.12846 0.876837 0.130611 1.72478 0.247334 1.84704e-05 4.65515e-08 1.50003e-08 4.94381e-11
threshold=81.750000000000014 154.05000000000004 46.350000000000001 80.15000000000002 0.17166666666666672 122.65000000000002 140.25000000000003 0.1483333333333334 0.13833333333333339 1.0000000180025095e-35 13.550000000000002 0.16500000000000004 0.16833333333333336 0.16500000000000004 0.14500000000000005 0.15500000000000005 304.55000000000007 0.17833333333333334 300.95000000000005 0.16166666666666671 0.12500000000000003 449.45000000000005 429.95000000000005 1137.5000000000002 0.18500000000000003 140.25000000000003 0.17166666666666672 0.15833333333333341
decision_type=2 2 2 2 2 2 2 2 2 2 2 2 2 2 2 2 2 2 2 2 2 2 2 2 2 2 2 2
left_child=2 4 9 7 5 12 -7 8 -4 26 17 -12 -2 14 -5 -9 18 -11 20 -20 -3 22 -18 -23 25 -6 27 -1
right_child=1 16 3 13 24 6 -8 15 -10 10 11 -13 -14 -15 -16 -17 21 -19 19 -21 -22 23 -24 -25 -26 -27 -28 -29
leaf_value=-0.010049057242792739 -0.0044435832075570966 0.0048970208060408991 -0.0019701618856184512 -0.010098334084390584 -0.010057192596515068 0.0074154647017353184 -0.0035263829152827587 -0.01010708459074303 0.012249309662155641 0.010866125817589625 0.0057349850795518796 0.011538429916341571 0.0093191629378561579 0.038943819367602647 0.033643433648184999 -0.00014662956913979238 -0.010048373055563171 0.018447442692156601 -0.010083524717473936 0.02616649714124944 -0.0068147906591069498 -0.010048441028617976 0.00056326032151667949 -0.0081610418119891903 -0.010132247282262396 -0.010052625690776274 -0.010045314184523275 -0.010049282481002716
leaf_weight=0.29147402755916019 8.8793312734924292 0.66212278557941928 3.6758334599435338 0.20165748428553421 1.7165242256596678 5.699929185677318 3.0497718383558095 1.6516429968178252 3.574527648743242 15.02175876311958 28.207772666122764 9.6528808362781984 1.0293781273067004 0.40703891776502132 0.22868523513898253 7.0311188786290586 8.3142817164771241 2.0379196852445594 0.39273941703140636 0.27566769067198038 18.50511293951422 20.195796733256433 1.8775764475576568 10.580734950955955 0.38587990729138244 0.25655746366828669 0.13448219373822212 0.14639302343130112
leaf_count=60 1233 58 424 21 306 498 380 165 323 429 1584 516 96 25 28 740 1744 25 48 26 3305 4231 217 2095 33 50 30 30
internal_value=-3.20529e-05 -0.00627573 0.00703747 0.00240471 -0.00105163 8.84242e-05 0.0036016 0.00118114 0.00504023 0.00843754 0.00863019 0.00721462 -0.00301382 0.025686 0.0131462 -0.00204132 -0.00808148 0.0117718 -0.0060302 0.00486688 -0.00641021 -0.00907464 -0.00809346 -0.00939957 -0.010069 -0.0100566 -0.0100482 -0.0100491
internal_weight=154.085 81.8214 72.2632 16.7705 21.0174 18.6584 8.7497 15.9331 7.25036 55.4927 54.9203 37.8607 9.90871 0.837382 0.430343 8.68276 60.804 17.0597 19.8356 0.668407 19.1672 40.9684 10.1919 30.7765 2.35896 1.97308 0.572349 0.437867
internal_count=18720 14320 4400 1726 2596 2207 878 1652 747 2674 2554 2100 1329 74 49 905 11724 454 3437 74 3363 8287 1961 6326 389 356 120 90
is_linear=0
shrinkage=0.01


Tree=75
num_leaves=29
num_cat=0
split_feature=7 7 7 7 1 1 1 7 7 7 1 1 7 1 1 7 1 7 1 1 7 7 7 1 1 7 1 1
split_gain=66.6246 7.68147 4.52589 4.04242 2.59414 2.69246 2.14094 2.02117 2.01732 1.8379 1.97831 1.79574 1.32721 1.26601 1.95378 1.24239 0.971905 0.810915 2.04369 0.86652 0.131431 1.7203 0.249168 1.79214e-05 3.09784e-06 4.51663e-08 1.45515e-08 4.8654e-11
threshold=81.750000000000014 154.05000000000004 35.750000000000007 80.15000000000002 0.13833333333333339 0.12500000000000003 0.17166666666666672 1.0000000180025095e-35 88.40000000000002 10.65 0.12500000000000003 0.18166666666666673 94.550000000000011 0.16500000000000004 0.1483333333333334 304.55000000000007 0.13833333333333339 300.95000000000005 0.16166666666666671 0.12500000000000003 449.45000000000005 429.95000000000005 1137.5000000000002 0.18500000000000003 0.16500000000000004 140.25000000000003 0.17166666666666672 0.15833333333333341
decision_type=2 2 2 2 2 2 2 2 2 2 2 2 2 2 2 2 2 2 2 2 2 2 2 2 2 2 2 2
left_child=2 6 7 4 5 -4 8 26 24 16 -11 -6 -10 14 -5 17 -9 19 -19 -3 21 -17 -22 25 -2 -8 27 -1
right_child=1 15 3 13 11 -7 23 9 12 10 -12 -13 -14 -15 -16 20 -18 18 -20 -21 22 -23 -24 -25 -26 -27 -28 -29
leaf_value=-0.010048565967145545 -0.010068065539969482 0.0048252017268679073 0.011568310600675707 0.03238804075108774 0.0049896223487171203 -0.0075012746771598747 -0.010056620227305505 0.016249656751337861 0.010200470037518821 -0.010230134260795503 0.0082291221371250823 -0.010125509407028107 0.00028302188566701672 0.037129908025423645 -0.01008161871646617 -0.010047889888626958 0.0099373950037806476 -0.010082686818913484 0.025246928895787585 -0.0067924830990693363 -0.010047956685030019 0.00055731756347111329 -0.0081452939431577304 -0.010130917267984246 -0.010104562350520339 -0.010052099352010315 -0.010044861475377649 -0.01004879052650475
leaf_weight=0.28858784772455592 1.4931813394650877 0.66524232178927079 0.91477161180228606 0.23535445053130288 18.513152342755351 3.8842571759596467 1.6995407482609146 4.4561890028417093 1.4788832245394612 0.58990493603050609 36.747605769895017 0.8208444444462647 15.412294924259184 0.42257380671799183 0.20068982057273388 8.2319472935050708 5.389161292463541 0.38886375911533733 0.28281435742974281 18.380851515568793 19.995803629048172 1.8786156633868802 10.495606588199733 0.38209024444222439 0.2754730749875306 0.25401790579780925 0.13315004389733076 0.14494345709681511
leaf_count=60 224 58 44 24 1601 546 306 76 183 31 1682 73 1773 25 25 1744 153 48 26 3305 4231 217 2095 33 27 50 30 30
internal_value=-3.21091e-05 -0.00625198 0.0069209 0.00347305 0.00271444 -0.00386631 -0.0010424 0.00872548 8.73715e-05 0.00895095 0.00793748 0.00434789 0.00115133 0.0247951 0.0128413 -0.00806528 0.0127944 -0.00600587 0.00479307 -0.0063867 -0.00906541 -0.00807737 -0.00939303 -0.0100683 -0.0100738 -0.010056 -0.0100478 -0.0100486
internal_weight=154.056 81.3152 72.7412 24.9916 24.133 4.79903 20.9955 47.7495 18.6598 47.1829 37.3375 19.334 16.8912 0.858618 0.436044 60.3197 9.84535 19.7178 0.671678 19.0461 40.602 10.1106 30.4914 2.33565 1.76865 1.95356 0.566681 0.433531
internal_count=18720 14320 4400 2338 2264 590 2596 2062 2207 1942 1713 1674 1956 74 49 11724 229 3437 74 3363 8287 1961 6326 389 251 356 120 90
is_linear=0
shrinkage=0.01


Tree=76
num_leaves=29
num_cat=0
split_feature=7 7 7 7 7 7 7 1 1 7 7 1 1 7 1 1 1 7 7 7 1 1 7 7 1 1 1 1
split_gain=65.2841 11.2245 2.93175 1.9271 4.34047 1.87606 2.25156 2.29882 1.72122 1.64023 1.29071 1.23699 0.988463 0.755893 1.96424 0.816815 5.26802 0.146907 0.132252 1.71581 1.65136 0.251132 1.08478 0.067764 1.11602e-07 1.41234e-08 3.95618e-10 4.68285e-11
threshold=140.25000000000003 46.350000000000001 133.35000000000005 81.750000000000014 80.15000000000002 1.0000000180025095e-35 13.550000000000002 0.16500000000000004 0.13833333333333339 304.55000000000007 88.40000000000002 0.16500000000000004 0.16500000000000004 300.95000000000005 0.16166666666666671 0.16166666666666671 0.15500000000000005 200.65000000000001 449.45000000000005 429.95000000000005 0.17166666666666672 0.13166666666666668 1248.5000000000002 1137.5000000000002 0.17166666666666672 0.17166666666666672 0.14166666666666669 0.15833333333333341
decision_type=2 2 2 2 2 2 2 2 2 2 2 2 2 2 2 2 2 2 2 2 2 2 2 2 2 2 2 2
left_child=1 5 3 4 -3 25 12 -8 -4 13 -5 -10 -7 15 26 16 -2 -17 19 24 -21 22 -20 -23 -11 27 -15 -1
right_child=9 2 8 10 -6 6 7 -9 11 18 -12 -13 -14 14 -16 17 -18 -19 21 20 -22 23 -24 -25 -26 -27 -28 -29
leaf_value=-0.010048081109901835 -0.0069629981462137848 0.0011406145941063146 0.021636129019186445 -0.010071550545435529 0.023957848653285669 0.012503940242468344 0.0055412516924217229 0.011148844494159812 -0.0014523232036441156 -0.010047924579243797 -0.0014442112400821442 0.01469481282986663 0.0065445841397693671 -0.010081573910946155 0.024382060175053715 -0.0072475211681193473 0.010805198735345006 -0.010056601522186974 -0.010049071770892466 -0.0036832508324083709 0.02129792761736032 -0.010047326720303245 0.0042723602925149543 -0.009002892569002675 -0.010044744696691766 -0.010044412992273646 -0.010082219916591835 -0.010048302515062257
leaf_weight=0.28573006577789684 12.878634645603601 15.989320043474439 0.94175707362592165 2.0075213802047065 0.87956433091312725 13.929796097800137 28.549188747536391 9.8269742093980295 1.1539778755977748 6.8341582990251464 12.732118002604691 0.80566172115504731 3.4783134069293729 0.21620358526706596 0.28988130949437618 3.5552283744327715 1.9170121317729361 3.9083455689251423 2.1821201224811406 1.5610160096548487 0.31862848391756404 17.78120467718691 0.69809401500970114 9.547682252712546 1.3162662452086804 0.13183103688061237 0.16882243705913424 0.14350817911326885
leaf_count=60 2140 1652 45 297 74 365 1584 516 102 1445 1641 75 89 27 26 626 327 706 450 179 38 3813 135 1928 299 30 21 30
internal_value=-3.2145e-05 0.00539654 0.000905319 2.22535e-05 0.00233033 0.00814729 0.00833029 0.00697719 0.0105256 -0.00783964 -0.00261924 0.00518621 0.0113132 -0.00570527 0.00472084 -0.00602139 -0.00466084 -0.00871851 -0.00905611 -0.00806118 0.000551441 -0.00938645 -0.0065779 -0.00968244 -0.0100474 -0.0100473 -0.0100819 -0.0100482
internal_weight=154.029 90.8553 34.5099 31.6085 16.8689 56.3453 55.7843 38.3762 2.9014 63.1733 14.7396 1.95964 17.4081 22.9341 0.674907 22.2592 14.7956 7.46357 40.2392 10.0301 1.87964 30.2091 2.88021 27.3289 8.15042 0.561069 0.385026 0.429238
internal_count=18720 6560 3886 3664 1726 2674 2554 2100 222 12160 1938 177 454 3873 74 3799 2467 1332 8287 1961 217 6326 585 5741 1744 120 48 90
is_linear=0
shrinkage=0.01


Tree=77
num_leaves=29
num_cat=0
split_feature=7 7 7 7 7 7 7 1 7 1 7 1 1 1 1 7 1 7 7 1 7 7 7 1 7 1 1 1
split_gain=64.1512 10.8531 2.84125 1.88921 4.1412 1.82797 2.1564 2.20214 1.64419 1.62737 1.2829 1.19063 1.01208 0.749078 1.74413 4.08219 0.77047 0.133072 1.71124 1.58964 0.252859 2.54584 1.61914e-06 2.71303e-07 1.91485e-07 1.08304e-07 1.36998e-08 4.50666e-11
threshold=140.25000000000003 46.350000000000001 133.35000000000005 81.750000000000014 80.15000000000002 1.0000000180025095e-35 13.550000000000002 0.16500000000000004 304.55000000000007 0.13833333333333339 88.40000000000002 0.16500000000000004 0.17833333333333334 0.17166666666666672 0.15500000000000005 272.95000000000005 0.12500000000000003 449.45000000000005 429.95000000000005 0.17166666666666672 1137.5000000000002 1161.5000000000002 296.25000000000006 0.17500000000000002 257.05000000000007 0.17166666666666672 0.17166666666666672 0.15833333333333341
decision_type=2 2 2 2 2 2 2 2 2 2 2 2 2 2 2 2 2 2 2 2 2 2 2 2 2 2 2 2
left_child=1 5 3 4 -3 26 12 -8 13 -4 -5 -11 -7 14 16 -16 -2 18 25 -20 23 -22 24 -19 -15 -10 27 -1
right_child=8 2 9 10 -6 6 7 -9 17 11 -12 -13 -14 22 15 -17 -18 20 19 -21 21 -23 -24 -25 -26 -27 -28 -29
leaf_value=-0.010047600477634342 0.0026228122149239176 0.0011279445343276451 0.020978768532603068 -0.010070833893370632 0.023170570474563355 0.010203057867591118 0.0054566853833633491 0.010919665291219278 -0.010047445557137512 -0.0014398512974619377 -0.0014318113789226798 0.014340027483397811 0.01760830673992669 -0.010052263527038243 -0.0043384208694743215 0.016684927110476672 -0.0076258352936008772 -0.010047470886055768 -0.0036597027363086771 0.020646060680185638 0.018279198338013662 -0.0090475104595761548 -0.010085690849099285 -0.010044046164852131 -0.0100581280399055 -0.010044297372050277 -0.010043969474916916 -0.010047818761345313
leaf_weight=0.28290048055350681 0.77997108222917333 16.007147392258055 0.96145273000001852 1.9876869469881047 0.90024869563057919 15.492289656773211 28.700950760859996 9.9323511729016882 6.7664782258216274 1.1523421416059134 12.714048043359069 0.81727921916171897 2.0951875150203696 2.4552000612020493 5.2422684277407816 1.1211412157863376 12.3217262676917 16.922300988808281 1.5553782377392043 0.32536715129390348 0.35298783052712579 9.9749276167713088 0.16534441942349065 2.6794107384048393 0.72004597540944804 1.3032269007526336 0.13052503019571304 0.14208704698830843
leaf_count=60 66 1652 45 297 74 429 1584 516 1445 102 1641 75 25 481 898 166 2113 3613 179 38 71 2024 22 618 127 299 30 30
internal_value=-3.21825e-05 0.00531529 0.000895286 2.19135e-05 0.00230162 0.00800423 0.00818259 0.00686118 -0.00782203 0.0103139 -0.00259981 0.00510789 0.0110852 -0.00568038 -0.00492958 -0.000634409 -0.00701571 -0.00904674 -0.00804491 0.000545171 -0.00937982 -0.00811354 -0.0100552 -0.010047 -0.0100536 -0.0100469 -0.0100468 -0.0100477
internal_weight=154.002 91.3165 34.5402 31.6091 16.9074 56.7763 56.2208 38.6333 62.6858 2.93107 14.7017 1.96962 17.5875 22.8057 19.4651 6.36341 13.1017 39.8801 9.95045 1.88075 29.9296 10.3279 3.34059 19.6017 3.17525 8.06971 0.555513 0.424988
internal_count=18720 6560 3886 3664 1726 2674 2554 2100 12160 222 1938 177 454 3873 3243 1064 2179 8287 1961 217 6326 2095 630 4231 608 1744 120 90
is_linear=0
shrinkage=0.01


Tree=78
num_leaves=29
num_cat=0
split_feature=7 7 7 7 7 7 7 1 7 1 7 1 1 1 1 7 1 7 7 1 1 7 7 7 7 1 1 1
split_gain=63.0426 10.4971 2.75419 1.85208 3.95437 1.78167 2.06739 2.11044 1.64805 1.54011 1.2751 1.14649 0.963671 0.749382 1.7308 3.95473 0.764186 0.133894 1.70666 1.53119 0.254853 1.08593 0.0688464 1.57111e-06 1.85806e-07 1.05091e-07 1.32919e-08 4.40901e-11
threshold=140.25000000000003 46.350000000000001 133.35000000000005 81.750000000000014 80.15000000000002 1.0000000180025095e-35 13.550000000000002 0.16500000000000004 304.55000000000007 0.13833333333333339 88.40000000000002 0.16500000000000004 0.17833333333333334 0.17166666666666672 0.15500000000000005 272.95000000000005 0.12500000000000003 449.45000000000005 429.95000000000005 0.17166666666666672 0.13166666666666668 1248.5000000000002 1137.5000000000002 296.25000000000006 257.05000000000007 0.17166666666666672 0.17166666666666672 0.15833333333333341
decision_type=2 2 2 2 2 2 2 2 2 2 2 2 2 2 2 2 2 2 2 2 2 2 2 2 2 2 2 2
left_child=1 5 3 4 -3 26 12 -8 13 -4 -5 -11 -7 14 16 -16 -2 18 25 -20 21 -19 -22 24 -15 -10 27 -1
right_child=8 2 9 10 -6 6 7 -9 17 11 -12 -13 -14 23 15 -17 -18 20 19 -21 22 -23 -24 -25 -26 -27 -28 -29
leaf_value=-0.01004712359724955 0.0025900121877405987 0.00111542895830411 0.020354633569974138 -0.010070124642878623 0.022426735034128582 0.01000683561242054 0.0053738533363227705 0.010697608790687185 -0.010046971246976497 -0.0014274685402777402 -0.0014195008358168259 0.013998744711389167 0.017183471057321726 -0.010051740890933327 -0.004313577298203781 0.016247391069070215 -0.0076069618705974038 -0.010048125597713375 -0.0036362207535229792 0.020027188417547911 -0.010046385618996425 0.0043404618386722951 -0.0089841333462428348 -0.010084832385241193 -0.010057546590768988 -0.01004385464522666 -0.010043529514827471 -0.010047340580348342
leaf_weight=0.28009878471493621 0.78194018919021502 16.024795779958374 0.98092441074550096 1.9680470209568728 0.92070123553275962 15.637375729158522 28.851148990914226 10.036606345325707 6.6994652699213457 1.1507226992398498 12.696158189326523 0.8287733239121734 2.1253637149929991 2.4308961816132069 5.2198489909060291 1.139724572189152 12.229238409548996 2.1402600021101565 1.5497963055968282 0.33203308191150416 17.430736503796656 0.69480291940271843 9.38718074839562 0.16371307848021377 0.71292241010814894 1.2903161889407782 0.12923191487789154 0.14067992102354765
leaf_count=60 66 1652 45 297 74 429 1584 516 1445 102 1641 75 25 481 898 166 2113 450 179 38 3813 135 1928 22 127 299 30 30
internal_value=-3.22108e-05 0.00523581 0.00088538 2.15807e-05 0.00227334 0.00786507 0.00803896 0.00674787 -0.00780435 0.0101085 -0.00258048 0.00503116 0.0108655 -0.00565549 -0.00490434 -0.000628764 -0.00699415 -0.00903732 -0.00802856 0.00053899 -0.00937314 -0.00652184 -0.00967456 -0.0100546 -0.0100531 -0.0100465 -0.0100463 -0.0100472
internal_weight=153.974 91.7706 34.5701 31.6097 16.9455 57.2005 56.6505 38.8878 62.2029 2.96042 14.6642 1.9795 17.7627 22.6783 19.3708 6.35957 13.0112 39.5246 9.87161 1.88183 29.653 2.83506 26.8179 3.30753 3.14382 7.98978 0.550011 0.420779
internal_count=18720 6560 3886 3664 1726 2674 2554 2100 12160 222 1938 177 454 3873 3243 1064 2179 8287 1961 217 6326 585 5741 630 608 1744 120 90
is_linear=0
shrinkage=0.01


Tree=79
num_leaves=30
num_cat=0
split_feature=7 7 7 1 7 1 1 1 7 7 1 7 1 1 1 1 7 1 7 7 1 7 7 7 1 7 1 1 1
split_gain=61.9569 10.1551 2.67795 3.07103 3.84401 2.17949 5.71968 2.6794 1.73701 1.98299 2.0234 1.65183 1.33844 0.970254 0.749651 1.71749 3.83281 0.757948 0.134716 1.70208 1.47579 0.256579 2.51541 1.52455e-06 2.55376e-07 1.80288e-07 1.0195e-07 1.2902e-08 4.27551e-11
threshold=140.25000000000003 46.350000000000001 130.75000000000003 0.13833333333333339 135.55000000000004 0.13833333333333339 0.1483333333333334 0.12833333333333338 1.0000000180025095e-35 13.550000000000002 0.16500000000000004 304.55000000000007 0.16500000000000004 0.16500000000000004 0.17166666666666672 0.15500000000000005 272.95000000000005 0.12500000000000003 449.45000000000005 429.95000000000005 0.17166666666666672 1137.5000000000002 1161.5000000000002 296.25000000000006 0.17500000000000002 257.05000000000007 0.17166666666666672 0.17166666666666672 0.15833333333333341
decision_type=2 2 2 2 2 2 2 2 2 2 2 2 2 2 2 2 2 2 2 2 2 2 2 2 2 2 2 2 2
left_child=1 8 5 4 -4 7 -7 -3 27 13 -11 14 -5 -10 15 17 -17 -2 19 26 -21 24 -23 25 -20 -16 -13 28 -1
right_child=11 2 3 12 -6 6 -8 -9 9 10 -12 18 -14 -15 23 16 -18 -19 21 20 -22 22 -24 -25 -26 -27 -28 -29 -30
leaf_value=-0.010046653396517662 0.0025577043848820651 0.005399004487640374 0.039986857227185521 -0.0034491208214803793 0.0049613556498913601 0.0092022613071309975 -0.0017162357702401297 -0.0082833339349123562 0.011815006710990721 0.0052927066423655265 0.010482356609159789 -0.010046501622652582 0.011943006735946249 0.0059993287960313562 -0.010051223408790458 -0.0042887709912002546 0.015828248963882737 -0.0075879982707148918 -0.010046526305634183 -0.0036128068299181681 0.019438879525699254 0.018022272388639723 -0.0090295455260752198 -0.010083982905592455 -0.010043170380364548 -0.010056970747231076 -0.010043416617613463 -0.010043094710996774 -0.010046868135392736
leaf_weight=0.27732467651367088 0.78388935700059548 1.9252860173583055 0.59800403751432829 1.5006723748520019 0.65824369341135025 6.7315392154268947 16.702158838510513 5.5777578223496675 14.350550260394813 28.99979953141883 10.139752689749001 6.6331128692254406 0.9060166599228977 3.5854319576174012 2.4068316505290568 5.1976519534364334 1.1581120477057991 12.137662783730773 16.588775078998886 1.5442696888931093 0.33862721268087614 0.35621254239231248 9.8074272423982602 0.16209769528359164 2.6265754301566622 0.7058689254336058 1.2775327814742921 0.12795154843479395 0.13928665034472942
leaf_count=60 66 183 41 139 30 723 1908 778 365 1584 516 1445 84 89 481 898 166 2113 3613 179 38 71 2024 22 618 127 299 30 30
internal_value=-3.2227e-05 0.00515793 0.000875597 0.00896075 0.0216343 -8.16913e-05 0.0014202 -0.00477244 0.00772938 0.00789897 0.00663717 -0.00778658 0.00234536 0.0106524 -0.00563057 -0.00487912 -0.000623159 -0.00697251 -0.00902782 -0.00801211 0.000532895 -0.00936641 -0.00808144 -0.0100541 -0.0100461 -0.0100525 -0.010046 -0.0100459 -0.0100467
internal_weight=153.944 92.2198 34.5997 3.66294 1.25625 30.9367 23.4337 7.50304 57.6201 57.0755 39.1396 61.7246 2.40669 17.936 22.5521 19.2773 6.35576 12.9216 39.1725 9.79354 1.8829 29.379 10.1636 3.2748 19.2154 3.1127 7.91065 0.544563 0.416611
internal_count=18720 6560 3886 294 71 3592 2631 961 2674 2554 2100 12160 223 454 3873 3243 1064 2179 8287 1961 217 6326 2095 630 4231 608 1744 120 90
is_linear=0
shrinkage=0.01


Tree=80
num_leaves=29
num_cat=0
split_feature=7 7 7 7 7 7 7 1 7 1 7 1 1 1 1 7 1 7 7 1 1 7 7 7 7 1 1 1
split_gain=60.8925 9.82611 2.60851 1.81528 3.78383 1.69388 1.90185 1.95808 1.65553 1.38925 1.26596 1.06561 0.942554 0.749884 1.70419 3.71609 0.751756 0.135539 1.6975 1.4232 0.258607 1.08693 0.0699415 1.4793e-06 1.74932e-07 9.89265e-08 1.25187e-08 4.1235e-11
threshold=140.25000000000003 46.350000000000001 133.35000000000005 81.750000000000014 80.15000000000002 1.0000000180025095e-35 13.550000000000002 0.12500000000000003 304.55000000000007 0.13833333333333339 88.40000000000002 0.16500000000000004 0.17833333333333334 0.17166666666666672 0.15500000000000005 272.95000000000005 0.12500000000000003 449.45000000000005 429.95000000000005 0.17166666666666672 0.13166666666666668 1248.5000000000002 1137.5000000000002 296.25000000000006 257.05000000000007 0.17166666666666672 0.17166666666666672 0.15833333333333341
decision_type=2 2 2 2 2 2 2 2 2 2 2 2 2 2 2 2 2 2 2 2 2 2 2 2 2 2 2 2
left_child=1 5 3 4 -3 26 12 -8 13 -4 -5 -11 -7 14 16 -16 -2 18 25 -20 21 -19 -22 24 -15 -10 27 -1
right_child=8 2 9 10 -6 6 7 -9 17 11 -12 -13 -14 23 15 -17 -18 20 19 -21 22 -23 -24 -25 -26 -27 -28 -29
leaf_value=-0.010046187205513394 0.0025258784669434692 0.0010998293148408867 0.01927320830880944 -0.010069404316946987 0.021737103519654785 0.009603603263636783 -0.010193408741696594 0.006826275308023582 -0.010046036537136285 -0.0013854022702289631 -0.0014104061641010384 0.013393512744033895 0.016634679346596425 -0.010050711193002286 -0.0042640031742690607 0.015426378581980425 -0.0075689446739267939 -0.010047199917064945 -0.003589461624850718 0.01887894328980649 -0.010045462868102036 0.0044076509142090253 -0.0089651389646562569 -0.010083141270948844 -0.010056400735789322 -0.010042982462847903 -0.010042664067275615 -0.010046399144680751
leaf_weight=0.27457792684435745 0.78581879893318429 16.046424736734487 1.0165738407522433 1.9477331642992783 0.94050957541912694 15.943804567679765 0.68798653688281675 38.700735591817647 6.5674147040117514 1.1452542794868348 12.682904879096894 0.84996743360534299 2.1655816137790671 2.3830040972679853 5.1756749004125586 1.1763059338554738 12.046990383416412 2.0992193729616733 1.5387977724894879 0.34515047492459405 17.087144412333149 0.69158610980957735 9.2298203804530186 0.1604981212876736 0.69888481777161349 1.2648754965048281 0.12668381351977587 0.13790712878108025
leaf_count=60 66 1652 45 297 74 429 43 2057 1445 102 1641 75 25 481 898 166 2113 450 179 38 3813 135 1928 22 127 299 30 30
internal_value=-3.22716e-05 0.0050814 0.00086579 1.8715e-05 0.00224245 0.00759675 0.00776218 0.006529 -0.00776872 0.00975832 -0.00256315 0.00491044 0.0104444 -0.00560563 -0.0048539 -0.000617595 -0.00695079 -0.00901826 -0.00799558 0.000526883 -0.00935963 -0.00646516 -0.00966657 -0.0100535 -0.010052 -0.0100455 -0.0100454 -0.0100463
internal_weight=153.918 92.6666 34.6294 31.6176 16.9869 58.0373 57.4981 39.3887 61.2512 3.0118 14.6306 1.99522 18.1094 22.4272 19.1848 6.35198 12.8328 38.824 9.71624 1.88395 29.1078 2.79081 26.317 3.24239 3.08189 7.83229 0.539169 0.412485
internal_count=18720 6560 3886 3664 1726 2674 2554 2100 12160 222 1938 177 454 3873 3243 1064 2179 8287 1961 217 6326 585 5741 630 608 1744 120 90
is_linear=0
shrinkage=0.01


Tree=81
num_leaves=30
num_cat=0
split_feature=7 7 7 1 7 1 1 1 7 7 7 1 1 1 1 1 7 1 7 7 1 7 7 7 1 7 1 1 1
split_gain=59.8509 9.51006 2.53358 2.82024 3.53718 2.13942 5.56219 2.64521 1.65916 1.6523 1.82584 1.92341 1.26046 0.939548 0.750081 1.69092 3.60426 0.745608 0.136362 1.69291 1.39181 0.260332 2.48582 1.43543e-06 2.40435e-07 1.69722e-07 9.59803e-08 1.2144e-08 4.03229e-11
threshold=140.25000000000003 46.350000000000001 130.75000000000003 0.13833333333333339 135.55000000000004 0.13833333333333339 0.1483333333333334 0.12833333333333338 304.55000000000007 1.0000000180025095e-35 13.550000000000002 0.16500000000000004 0.16500000000000004 0.16500000000000004 0.17166666666666672 0.15500000000000005 272.95000000000005 0.12500000000000003 449.45000000000005 429.95000000000005 0.14166666666666669 1137.5000000000002 1161.5000000000002 296.25000000000006 0.17500000000000002 257.05000000000007 0.17166666666666672 0.17166666666666672 0.15833333333333341
decision_type=2 2 2 2 2 2 2 2 2 2 2 2 2 2 2 2 2 2 2 2 2 2 2 2 2 2 2 2 2
left_child=1 9 5 4 -4 7 -7 -3 14 27 13 -12 -5 -11 15 17 -17 -2 19 26 -21 24 -23 25 -20 -16 -10 28 -1
right_child=8 2 3 12 -6 6 -8 -9 18 10 11 -13 -14 -15 23 16 -18 -19 21 20 -22 22 -24 -25 -26 -27 -28 -29 -30
leaf_value=-0.010045724712176652 0.0024945264771382303 0.0053170156411679482 0.037602085560783392 -0.0034169645807252368 0.004608355696367656 0.0090302343537794778 -0.0017049762894780383 -0.0082669046280264905 -0.01004557645475505 0.011375494635484975 0.0051172003754496806 0.010138814823880047 0.011424386357702307 0.0057021634462084414 -0.010050204316266489 -0.0042392752996672656 0.015040748329432941 -0.0075498010551547645 -0.010045600950367139 -0.010086592393227862 0.0074817463356615915 0.01777429919359742 -0.009011356477715381 -0.010082308697497985 -0.010042312090135444 -0.010055836438766752 -0.010042553188032108 -0.010042237659496838 -0.010045935339593446
leaf_weight=0.27185828424990077 0.78772868961096421 1.9353184080682719 0.62770910747349196 1.4935869416221979 0.67364577203989029 6.7916423082351711 16.67963700927794 5.5290265437215567 6.5023643642198277 14.632162695750596 29.326469117309898 10.308784784749148 0.927671703044325 3.6465245652943841 2.3594112223945558 5.1539157885126761 1.1943085244856773 11.957212649751453 16.261791832279421 0.74685381399467576 1.1381299970671532 0.35938114766031404 9.6432063975371403 0.15891419537365425 2.5747777645010492 0.69196943705901492 1.2523430217988787 0.12542858440428972 0.13654119987040758
leaf_count=60 66 183 41 139 30 723 1908 778 1445 365 1584 516 84 89 481 898 166 2113 3613 88 129 71 2024 22 618 127 299 30 30
internal_value=-3.22741e-05 0.00500659 0.000856248 0.00865041 0.0205229 -8.1656e-05 0.00140136 -0.00474493 -0.00775077 0.00746764 0.00762907 0.00642328 0.00226929 0.0102437 -0.00558067 -0.0048287 -0.000612073 -0.00692899 -0.00900863 -0.00797896 0.000520954 -0.0093528 -0.00804898 -0.010053 -0.0100452 -0.0100515 -0.0100451 -0.010045 -0.0100458
internal_weight=153.888 93.106 34.6582 3.72261 1.30135 30.9356 23.4713 7.46434 60.7823 58.4478 57.9139 39.6353 2.42126 18.2787 22.3035 19.0932 6.34822 12.7449 38.4788 9.63969 1.88498 28.8392 10.0026 3.21029 18.8366 3.05138 7.75471 0.533828 0.408399
internal_count=18720 6560 3886 294 71 3592 2631 961 12160 2674 2554 2100 223 454 3873 3243 1064 2179 8287 1961 217 6326 2095 630 4231 608 1744 120 90
is_linear=0
shrinkage=0.01


Tree=82
num_leaves=29
num_cat=0
split_feature=7 7 7 7 7 7 7 7 1 7 1 1 1 1 1 7 1 7 7 1 1 7 7 7 7 1 1 1
split_gain=58.8294 9.20587 2.47215 1.77921 3.62337 1.66271 1.61209 1.76234 2.2523 1.2569 1.2563 0.991561 0.888579 0.750243 1.67766 3.49705 0.739504 0.137187 1.68833 1.36701 0.262393 1.08778 0.0710493 1.39287e-06 1.64692e-07 9.311e-08 1.17864e-08 3.90633e-11
threshold=140.25000000000003 46.350000000000001 133.35000000000005 81.750000000000014 80.15000000000002 304.55000000000007 1.0000000180025095e-35 10.65 0.12500000000000003 88.40000000000002 0.13833333333333339 0.16500000000000004 0.17833333333333334 0.17166666666666672 0.15500000000000005 272.95000000000005 0.12500000000000003 449.45000000000005 429.95000000000005 0.14166666666666669 0.13166666666666668 1248.5000000000002 1137.5000000000002 296.25000000000006 257.05000000000007 0.17166666666666672 0.17166666666666672 0.15833333333333341
decision_type=2 2 2 2 2 2 2 2 2 2 2 2 2 2 2 2 2 2 2 2 2 2 2 2 2 2 2 2
left_child=1 6 3 4 -3 13 26 12 -9 -5 -4 -12 -8 14 16 -16 -2 18 25 -20 21 -19 -22 24 -15 -7 27 -1
right_child=5 2 10 9 -6 17 7 8 -10 -11 11 -13 -14 23 15 -17 -18 20 19 -21 22 -23 -24 -25 -26 -27 -28 -29
leaf_value=-0.010045268092185708 0.0024636377424385805 0.0010844745060940547 0.018282997723949295 -0.010068696440117254 0.021083195787782612 -0.010045120530438783 0.010286399577428508 -0.010208716642983694 0.006961434912598409 -0.0014012365161131452 -0.0013437809600140404 0.012828847053938601 0.020431207743420273 -0.010049702351479872 -0.0042145883518764308 0.014670407465721416 -0.0075305677547034648 -0.010046293709560146 -0.010085723183581282 0.0073524407497924243 -0.010044558692330771 0.0044739209665665709 -0.0089459078938184007 -0.01008148447987065 -0.010055278044790701 -0.010042127949943894 -0.010041815558516751 -0.010045476438555882
leaf_weight=0.26916541904210944 0.7896192497573854 16.067756419535733 1.0515396073460572 1.9276330713182677 0.96009113267063995 6.4379552486352605 9.5955493357032502 0.77659587748348613 47.006594345439225 12.669554661493747 1.1398938689380886 0.87073595775291313 0.94876083731651384 2.3360507818870246 5.1323724961839607 1.2121220645494757 11.868320173118262 2.0589823704212935 0.73948590178042639 1.1465219571255145 16.750295249279592 0.68844219064339984 9.0755394701845926 0.15734577318653453 0.68512208340689529 1.2399342460557816 0.12418574653565884 0.13518874067813158
leaf_count=60 66 1652 45 297 74 1445 219 46 2279 1641 102 75 10 481 898 166 2113 450 88 129 3813 135 1928 22 127 299 30 30
internal_value=-3.23041e-05 0.00493305 0.000846685 1.59705e-05 0.00221207 -0.00773273 0.00734138 0.00749892 0.00668238 -0.00254582 0.00942602 0.00479391 0.0111992 -0.00555568 -0.00480351 -0.000606591 -0.00690712 -0.00899893 -0.00796225 0.000515101 -0.00934592 -0.00640786 -0.00965848 -0.0100525 -0.010051 -0.0100446 -0.0100445 -0.0100453
internal_weight=153.861 93.5432 34.6872 31.625 17.0278 60.3181 58.856 58.3275 47.7832 14.5972 3.06217 2.01063 10.5443 22.181 19.0024 6.34449 12.6579 38.1372 9.5639 1.88601 28.5733 2.74742 25.8258 3.17852 3.02117 7.67789 0.52854 0.404354
internal_count=18720 6560 3886 3664 1726 12160 2674 2554 2325 1938 222 177 229 3873 3243 1064 2179 8287 1961 217 6326 585 5741 630 608 1744 120 90
is_linear=0
shrinkage=0.01


Tree=83
num_leaves=23
num_cat=0
split_feature=0 1 0 0 0 0 0 0 1 1 0 1 0 0 0 0 1 1 1 0 1 1
split_gain=1.60628 1.40824 2.87529 2.3996 7.31273 1.46425 1.39658 2.14283 1.96006 1.58761 1.54384 1.99415 0.885818 0.4266 4.25381 0.000111736 2.93886e-05 9.43407e-06 2.61247e-06 8.00977e-07 1.6942e-07 7.26183e-09
threshold=15.820000000000002 0.17500000000000002 44.245000000000005 51.840000000000011 51.051666666666677 60.521666666666675 71.163333333333341 76.315000000000012 0.14166666666666669 0.14500000000000005 70.396666666666675 0.12833333333333338 42.176666666666677 34.831666666666678 35.033333333333339 32.705000000000005 0.15833333333333341 0.14500000000000005 0.15500000000000005 13.535000000000002 0.16833333333333336 0.17166666666666672
decision_type=2 2 2 2 2 2 2 2 2 2 2 2 2 2 2 2 2 2 2 2 2 2
left_child=16 6 13 4 -4 -5 10 8 -8 -9 12 -12 -2 15 -15 -3 17 -1 -19 20 -18 -22
right_child=1 2 3 5 -6 -7 7 9 -10 -11 11 -13 -14 14 -16 -17 19 18 -20 -21 21 -23
leaf_value=-0.010193934385073614 0.0019989089401368475 -0.010087084359003316 0.0011073560756534814 -0.0072268516367568246 0.037816764942480166 0.011939669682955036 -0.0086016839958908218 0.0045713940782338815 0.0018760788646347427 -0.010124556884225736 0.039174449050863078 0.00609430321192441 7.2699955387064806e-05 0.03994390039518924 -0.0075763863172668639 -0.010216054770960197 -0.010059166162035667 -0.010094165572207332 -0.010139795895896165 -0.010076228974043942 -0.010048836780444381 -0.010045064339011115
leaf_weight=0.29925646376795956 32.913270073477179 2.2481879626866426 4.3807516247034055 3.3086734623648231 0.61938013928011049 0.45318781258538354 6.2909472833853197 4.7301389458589247 2.4928745622746646 0.87036455003544677 0.20228579454123918 1.8381069106981156 86.937773457262665 0.19813263695687044 3.8244668943807483 0.9580113561823963 0.25837263744324446 0.18924779561348259 0.37231997004710138 0.24235574109479785 0.10354152135550976 0.10060900985263288
leaf_count=30 4038 438 558 432 54 54 780 516 288 102 12 186 10224 18 612 162 54 30 42 42 24 24
internal_value=-3.22955e-05 7.13236e-05 -0.00273611 0.00111546 0.00565465 -0.00491788 0.000400752 -0.00254615 -0.00562806 0.00228752 0.000748514 0.00937389 0.000601672 -0.00740458 -0.00523578 -0.0101256 -0.0101094 -0.0101486 -0.0101244 -0.0100615 -0.0100538 -0.010047
internal_weight=153.832 152.267 15.9908 8.76199 5.00013 3.76186 136.276 14.3843 8.78382 5.6005 121.891 2.04039 119.851 7.2288 4.0226 3.2062 1.5657 0.860824 0.561568 0.704879 0.462523 0.204151
internal_count=18720 18474 2328 1098 612 486 16146 1686 1068 618 14460 198 14262 1230 630 600 246 102 72 144 102 48
is_linear=0
shrinkage=0.01


Tree=84
num_leaves=22
num_cat=0
split_feature=0 1 0 0 0 0 0 1 1 0 1 0 0 0 0 1 1 1 0 1 1
split_gain=1.59004 1.38383 2.84294 5.00742 1.66777 1.3708 2.11216 1.9442 1.56118 1.49734 1.85447 0.865924 0.427445 4.06849 0.000108677 2.85206e-05 9.15677e-06 2.53488e-06 7.77329e-07 1.64425e-07 7.04684e-09
threshold=15.820000000000002 0.17500000000000002 44.245000000000005 44.360000000000007 51.840000000000011 71.163333333333341 76.315000000000012 0.14166666666666669 0.14500000000000005 70.396666666666675 0.12833333333333338 42.176666666666677 34.831666666666678 35.033333333333339 32.705000000000005 0.15833333333333341 0.14500000000000005 0.15500000000000005 13.535000000000002 0.16833333333333336 0.17166666666666672
decision_type=2 2 2 2 2 2 2 2 2 2 2 2 2 2 2 2 2 2 2 2 2
left_child=15 5 12 -4 -5 9 7 -7 -8 11 -11 -2 14 -14 -3 16 -1 -18 19 -17 -21
right_child=1 2 3 4 -6 6 8 -9 -10 10 -12 -13 13 -15 -16 18 17 -19 -20 20 -22
leaf_value=-0.01019199890820198 0.0019750672480066613 -0.010086235534214087 0.05974810515047474 0.0039794807163409151 -0.004891660299237913 -0.0085868792074020733 0.0045058337395963493 0.0018539273050155681 -0.010123313918480526 0.037360759012585683 0.0059981154597207962 7.1967856383584934e-05 0.038137460736156155 -0.0075558965822009093 -0.010214055555636892 -0.010058576116252717 -0.010093226218157135 -0.010138396679602254 -0.010075468734145126 -0.010048349277980101 -0.010044614557787981
leaf_weight=0.29633478890173026 32.977149036247283 2.2260044899303462 0.14321708492934604 4.8826258699409646 3.7444370458833873 6.2390360566787404 4.7508681169711044 2.4974109246395528 0.86180954426527012 0.20994484890252296 1.8488529948517678 86.94389216369018 0.20540445158258069 3.7966293036006391 0.94866370270028699 0.25581671646796167 0.1873821010813117 0.36866593803279102 0.23996227257885039 0.10251621319912374 0.099612371297553182
leaf_count=30 4038 438 24 588 486 780 516 288 102 12 186 10224 18 612 162 54 30 42 42 24 24
internal_value=-3.20756e-05 7.05083e-05 -0.00271677 0.00110267 0.000129106 0.000396548 -0.00252709 -0.00560226 0.00225957 0.000740471 0.0091963 0.000595302 -0.00738432 -0.00521068 -0.0101244 -0.0101083 -0.0101471 -0.0101232 -0.0100609 -0.0100532 -0.0100465
internal_weight=153.826 152.276 15.947 8.77028 8.62706 136.329 14.3491 8.73645 5.61268 121.98 2.0588 119.921 7.1767 4.00203 3.17467 1.55029 0.852383 0.556048 0.697908 0.457945 0.202129
internal_count=18720 18474 2328 1098 1074 16146 1686 1068 618 14460 198 14262 1230 630 600 246 102 72 144 102 48
is_linear=0
shrinkage=0.01


Tree=85
num_leaves=30
num_cat=0
split_feature=7 7 7 1 7 1 1 1 7 7 7 1 1 1 1 1 7 1 7 7 1 7 7 7 1 7 1 1 1
split_gain=57.774 8.90229 2.40308 2.61304 3.25268 2.10378 5.40028 2.59174 1.66583 1.57364 1.69893 1.8707 1.19042 0.913468 0.746533 1.65941 3.3895 0.732302 0.138001 1.68393 1.34581 0.264421 2.4589 1.3566e-06 2.74995e-07 1.58279e-07 1.02976e-07 1.06486e-08 3.75233e-11
threshold=140.25000000000003 46.350000000000001 130.75000000000003 0.13833333333333339 135.55000000000004 0.13833333333333339 0.1483333333333334 0.12833333333333338 304.55000000000007 1.0000000180025095e-35 13.550000000000002 0.12500000000000003 0.16500000000000004 0.16500000000000004 0.17166666666666672 0.15500000000000005 272.95000000000005 0.12500000000000003 449.45000000000005 429.95000000000005 0.17166666666666672 1137.5000000000002 1161.5000000000002 296.25000000000006 0.17500000000000002 257.05000000000007 0.17166666666666672 0.17166666666666672 0.15833333333333341
decision_type=2 2 2 2 2 2 2 2 2 2 2 2 2 2 2 2 2 2 2 2 2 2 2 2 2 2 2 2 2
left_child=1 9 5 4 -4 7 -7 -3 14 27 13 -12 -5 -11 15 17 -17 -2 19 26 -21 24 -23 25 -20 -16 -10 28 -1
right_child=8 2 3 12 -6 6 -8 -9 18 10 11 -13 -14 -15 23 16 -18 -19 21 20 -22 22 -24 -25 -26 -27 -28 -29 -30
leaf_value=-0.010044822803601069 0.0024208728738644358 0.0051663723411217053 0.035468526264288841 -0.0033907174649145462 0.0043351538410414401 0.0088537675185097493 -0.0016919838168460144 -0.0082489809113237538 -0.010044704229853289 0.010969402407653053 -0.010192367014228907 0.0064931668761451355 0.010944417937124591 0.0054212512039270334 -0.010049012919596798 -0.0041978680749055215 0.014281355651790562 -0.0075113917366757509 -0.010044736155803742 -0.0035574682461067199 0.018043427150756353 0.017556590917781362 -0.0089918643917666317 -0.010080588526057577 -0.010041170997745506 -0.010054519774812858 -0.010041534859375931 -0.010041530899209115 -0.010045028006086058
leaf_weight=0.26653732359409232 0.79224479198456421 1.9538549254648412 0.65688060782849722 1.4878440182656052 0.68604973517358303 6.8543785549700287 16.653685748111457 5.4765800638124347 6.376885107951237 14.90165411680937 0.68356991093605657 39.460626278072596 0.94863949855789531 3.7054515909403554 2.3020264250226319 5.1178729301318517 1.2314145364798603 11.780821577180175 15.950835109921178 1.5313333678059278 0.35536239761859167 0.36220950679853459 9.472636007703839 0.15518840588629235 2.5030587778892359 0.67496763495728362 1.2215334728825835 0.12333892844617367 0.13386881165206432
leaf_count=60 66 183 41 139 30 723 1908 778 1445 365 43 2057 84 89 481 898 166 2113 3613 179 38 71 2024 22 618 127 299 30 30
internal_value=-3.18443e-05 0.00485765 0.000836387 0.00836377 0.0195637 -8.31506e-05 0.0013829 -0.00472137 -0.00771345 0.00721294 0.00736678 0.00620905 0.00219064 0.00986453 -0.00552967 -0.00478114 -0.000613909 -0.00688555 -0.00898846 -0.00794463 0.000511098 -0.00933845 -0.00801411 -0.0100518 -0.0100443 -0.0100503 -0.0100442 -0.0100441 -0.0100449
internal_weight=153.821 93.993 34.7179 3.77941 1.34293 30.9385 23.5081 7.43043 59.8284 59.275 58.7513 40.1442 2.43648 18.6071 22.0545 18.9224 6.34929 12.5731 37.7739 9.48511 1.8867 28.2887 9.83485 3.13218 18.4539 2.97699 7.59842 0.523745 0.400406
internal_count=18720 6560 3886 294 71 3592 2631 961 12160 2674 2554 2100 223 454 3873 3243 1064 2179 8287 1961 217 6326 2095 630 4231 608 1744 120 90
is_linear=0
shrinkage=0.01


Tree=86
num_leaves=22
num_cat=0
split_feature=0 1 0 0 0 0 0 1 1 0 1 0 0 0 0 1 1 1 0 1 1
split_gain=1.57223 1.3383 2.80728 4.62924 1.63926 1.35319 2.08302 1.92508 1.53233 1.45671 3.66155 1.13665 0.429433 3.89462 0.000108259 2.84778e-05 9.13853e-06 2.51454e-06 7.78799e-07 1.66987e-07 7.53039e-09
threshold=15.820000000000002 0.17500000000000002 44.245000000000005 44.360000000000007 51.840000000000011 71.163333333333341 76.315000000000012 0.14166666666666669 0.14500000000000005 68.860000000000014 0.13500000000000004 68.421666666666681 34.831666666666678 35.033333333333339 32.705000000000005 0.15833333333333341 0.14500000000000005 0.15500000000000005 13.535000000000002 0.16833333333333336 0.17166666666666672
decision_type=2 2 2 2 2 2 2 2 2 2 2 2 2 2 2 2 2 2 2 2 2
left_child=15 5 12 -4 -5 9 7 -7 -8 11 -11 -2 14 -14 -3 16 -1 -18 19 -17 -21
right_child=1 2 3 4 -6 6 8 -9 -10 10 -12 -13 13 -15 -16 18 17 -19 -20 20 -22
leaf_value=-0.010191965475801151 0.0005659744290059433 -0.010085888207904282 0.055887504259255837 0.0039466849469977881 -0.0048598579921359988 -0.0085762708959920483 0.0044284660925354939 0.0018111091860862616 -0.010122815873992006 -0.0054676713535821084 0.01062964461863577 -0.010114309072521192 0.036470734485292672 -0.0075272876389461838 -0.010214372171365735 -0.010057985210193472 -0.01009295563562268 -0.010138152923126451 -0.010074980489479943 -0.010047640380708852 -0.010043744194981231
leaf_weight=0.29422156908549257 114.64364068512805 2.1943241516128178 0.15158775169402261 4.8922059293836337 3.7215681918896735 6.1945440019480866 4.7746363407932213 2.5059457081370056 0.85296718729659904 2.0994973075576118 4.3218264761380851 1.005199210718273 0.21257566707208786 3.7551315636374056 0.93531757709570218 0.25210658926516771 0.18549142754636705 0.36591781256720424 0.2368809652980417 0.100779919186607 0.097693799529224634
leaf_count=30 13650 438 24 588 486 780 516 288 102 228 444 138 18 612 162 54 30 42 42 24 24
internal_value=-3.18654e-05 6.95907e-05 -0.00267955 0.00110589 0.000141831 0.000389308 -0.00251797 -0.00558446 0.00222295 0.000730552 0.00536651 0.000473143 -0.00735466 -0.00517003 -0.0101243 -0.0101081 -0.010147 -0.0101229 -0.0100603 -0.0100526 -0.0100457
internal_weight=153.794 152.261 15.8627 8.76536 8.61377 136.398 14.3281 8.70049 5.6276 122.07 6.42132 115.649 7.09735 3.96771 3.12964 1.53309 0.845631 0.551409 0.687461 0.45058 0.198474
internal_count=18720 18474 2328 1098 1074 16146 1686 1068 618 14460 672 13788 1230 630 600 246 102 72 144 102 48
is_linear=0
shrinkage=0.01


Tree=87
num_leaves=29
num_cat=0
split_feature=7 7 7 7 7 7 7 7 1 7 1 1 1 1 1 7 1 7 7 1 7 7 7 1 7 1 1 1
split_gain=56.7654 8.61566 2.34802 1.73892 3.48015 1.6691 1.53724 1.63262 1.82789 1.24759 1.15301 0.925889 0.897324 0.744665 1.64496 3.29063 0.726034 0.138869 1.68018 1.33609 0.266487 2.41096 1.31614e-06 2.87373e-07 1.52407e-07 1.04943e-07 9.82925e-09 3.6881e-11
threshold=140.25000000000003 46.350000000000001 133.35000000000005 81.750000000000014 80.15000000000002 304.55000000000007 1.0000000180025095e-35 13.550000000000002 0.12500000000000003 88.40000000000002 0.13833333333333339 0.16500000000000004 0.17833333333333334 0.17166666666666672 0.15500000000000005 272.95000000000005 0.12500000000000003 449.45000000000005 429.95000000000005 0.14166666666666669 1137.5000000000002 1161.5000000000002 296.25000000000006 0.17500000000000002 257.05000000000007 0.17166666666666672 0.17166666666666672 0.15833333333333341
decision_type=2 2 2 2 2 2 2 2 2 2 2 2 2 2 2 2 2 2 2 2 2 2 2 2 2 2 2 2
left_child=1 6 3 4 -3 13 26 12 -9 -5 -4 -12 -8 14 16 -16 -2 18 25 -20 23 -22 24 -19 -15 -7 27 -1
right_child=5 2 10 9 -6 17 7 8 -10 -11 11 -13 -14 22 15 -17 -18 20 19 -21 21 -23 -24 -25 -26 -27 -28 -29
leaf_value=-0.010044399581162541 0.0023875214131732145 0.0010632163747416492 0.017447736430592744 -0.010068073132160541 0.020484793209347846 -0.010044268853318177 0.0088711919688602182 -0.0101903980320122 0.0063853631512757461 -0.0013911721513812862 -0.0013167503612357204 0.012298234644704729 0.015610032348234507 -0.010048430074123272 -0.0041760024132877814 0.013933545419511315 -0.0074923921612986269 -0.010044310360550543 -0.010084690478446137 0.0071938233191843493 0.017103195704908231 -0.0089814653256006082 -0.010079717152422592 -0.010040641883747084 -0.010053867955891331 -0.010041050333590039 -0.010041226595915703 -0.010044603977398411
leaf_weight=0.26404502615332504 0.79430619347841158 16.096992741338916 1.082919463515281 1.9067552834749211 0.97873211186379094 6.3142922557890397 16.530653424561027 0.67661118088289995 39.712812636978924 12.654787952080367 1.1364311873912813 0.8911826075054704 2.2442235350608817 2.2737657795660198 5.0990410335361949 1.2491876948624847 11.695434780325739 15.797300052829092 0.72984453383833159 1.156977816019207 0.36824518768116732 9.3839988880790752 0.15330547094345082 2.4691374264657489 0.6664713043719529 1.206673488486558 0.12243441492319107 0.13261706940829754
leaf_count=60 66 1652 45 297 74 1445 429 43 2057 1641 102 75 25 481 898 166 2113 3613 88 129 71 2024 22 618 127 299 30 30
internal_value=-3.16402e-05 0.00478518 0.000826511 1.14223e-05 0.00217641 -0.00769461 0.00708993 0.00724026 0.00610768 -0.00252737 0.00911679 0.00466735 0.00967671 -0.00550404 -0.00475733 -0.000612453 -0.00686406 -0.00897826 -0.00792704 0.000510296 -0.00933122 -0.00799651 -0.0100512 -0.0100438 -0.0100497 -0.0100438 -0.0100437 -0.0100445
internal_weight=153.789 94.4312 34.7478 31.6373 17.0757 59.358 59.6834 59.1643 40.3894 14.5615 3.11053 2.02761 18.7749 21.9315 18.838 6.34823 12.4897 37.4265 9.40779 1.88682 28.0187 9.75224 3.09354 18.2664 2.94024 7.52097 0.519097 0.396662
internal_count=18720 6560 3886 3664 1726 12160 2674 2554 2100 1938 222 177 454 3873 3243 1064 2179 8287 1961 217 6326 2095 630 4231 608 1744 120 90
is_linear=0
shrinkage=0.01


Tree=88
num_leaves=29
num_cat=0
split_feature=7 7 7 7 7 7 7 7 1 7 1 1 1 1 1 1 1 7 7 1 1 7 7 7 7 1 1 1
split_gain=55.8067 8.34539 2.27908 1.70487 3.33274 1.67241 1.50099 1.57374 2.12666 1.23987 1.09689 0.893668 0.871458 0.744721 1.63185 3.24282 0.720082 0.139695 1.67556 1.31267 0.268473 1.09796 0.072828 1.27711e-06 1.47876e-07 1.0184e-07 9.53336e-09 3.57067e-11
threshold=140.25000000000003 46.350000000000001 133.35000000000005 81.750000000000014 80.15000000000002 304.55000000000007 1.0000000180025095e-35 10.65 0.12500000000000003 88.40000000000002 0.13833333333333339 0.16500000000000004 0.13833333333333339 0.17166666666666672 0.15500000000000005 0.16166666666666671 0.12500000000000003 449.45000000000005 429.95000000000005 0.14166666666666669 0.13166666666666668 1248.5000000000002 1137.5000000000002 296.25000000000006 257.05000000000007 0.17166666666666672 0.17166666666666672 0.15833333333333341
decision_type=2 2 2 2 2 2 2 2 2 2 2 2 2 2 2 2 2 2 2 2 2 2 2 2 2 2 2 2
left_child=1 6 3 4 -3 13 26 12 -9 -5 -4 -12 -8 14 16 -16 -2 18 25 -20 21 -19 -22 24 -15 -7 27 -1
right_child=5 2 10 9 -6 17 7 8 -10 -11 11 -13 -14 23 15 -17 -18 20 19 -21 22 -23 -24 -25 -26 -27 -28 -29
leaf_value=-0.010043955076228635 0.0023582044687671271 0.0010514863925157869 0.01698793077487756 -0.01006739192794861 0.019880199614389176 -0.010043826560073155 0.013681350999313963 -0.01020644154598511 0.0066162633464381454 -0.0013791555392599691 -0.0013052693417114187 0.012029921164438106 0.0079872008563909528 -0.010047946018456792 0.0099251997955066146 -0.0054599586037377343 -0.0074728927909643349 -0.010045033195837678 -0.010083841052024057 0.0070715196424830529 -0.010043234538095469 0.0046678045965747299 -0.0089152474309813299 -0.010078918953951008 -0.010053329165261013 -0.010040640153582178 -0.0100408145550869 -0.010044157195769669
leaf_weight=0.26142924092709918 0.79612999549136176 16.113714844454087 1.1010154169052833 1.8879098729230452 0.99831161741167207 6.2517378199845535 4.9096593633294088 0.7634241059422483 47.950023751240224 12.63748617749661 1.1349700810387733 0.90189416194334615 5.939007181674242 2.2512493394315243 2.0012651756405822 4.343202824704349 11.609126036986707 2.0013427697122128 0.7226430415175854 1.1651766155846415 16.241091020638127 0.67940401844680298 8.8390333941206318 0.15179201448336233 0.65987498778849829 1.1947154595982281 0.12122111767530441 0.13130330946296453
leaf_count=60 66 1652 45 297 74 1445 76 46 2279 1641 102 75 153 481 336 728 2113 450 88 129 3813 135 1928 22 127 299 30 30
internal_value=-3.16295e-05 0.00471612 0.000817444 1.12082e-05 0.00214995 -0.00767629 0.00697288 0.00711971 0.00635262 -0.00250839 0.00894625 0.00459936 0.0105641 -0.00547899 -0.00473218 -0.000606946 -0.00684196 -0.00896834 -0.00791005 0.000504578 -0.00932418 -0.00631624 -0.0096457 -0.0100506 -0.0100492 -0.0100433 -0.0100433 -0.010044
internal_weight=153.759 94.8514 34.7753 31.6374 17.112 58.9078 60.0761 59.5621 48.7134 14.5254 3.13788 2.03686 10.8487 21.8126 18.7497 6.34447 12.4053 37.0951 9.33427 1.88782 27.7609 2.68075 25.0801 3.06292 2.91112 7.44645 0.513954 0.392733
internal_count=18720 6560 3886 3664 1726 12160 2674 2554 2325 1938 222 177 229 3873 3243 1064 2179 8287 1961 217 6326 585 5741 630 608 1744 120 90
is_linear=0
shrinkage=0.01


Tree=89
num_leaves=30
num_cat=0
split_feature=7 7 7 1 7 1 1 1 7 7 7 1 1 1 1 1 7 1 7 7 1 7 7 7 1 7 1 1 1
split_gain=54.8667 8.08483 2.22197 2.35076 3.01321 2.05806 5.24588 2.55781 1.67566 1.46591 1.52572 1.78907 1.09304 0.867773 0.744749 1.61879 3.19805 0.71417 0.14052 1.67094 1.28982 0.270325 2.3844 1.23925e-06 2.70644e-07 1.43488e-07 9.88059e-08 9.25485e-09 3.47313e-11
threshold=140.25000000000003 46.350000000000001 130.75000000000003 0.13833333333333339 135.55000000000004 0.13833333333333339 0.1483333333333334 0.12833333333333338 304.55000000000007 1.0000000180025095e-35 13.550000000000002 0.16500000000000004 0.16500000000000004 0.16500000000000004 0.17166666666666672 0.15500000000000005 272.95000000000005 0.12500000000000003 449.45000000000005 429.95000000000005 0.14166666666666669 1137.5000000000002 1161.5000000000002 296.25000000000006 0.17500000000000002 257.05000000000007 0.17166666666666672 0.17166666666666672 0.15833333333333341
decision_type=2 2 2 2 2 2 2 2 2 2 2 2 2 2 2 2 2 2 2 2 2 2 2 2 2 2 2 2 2
left_child=1 9 5 4 -4 7 -7 -3 14 27 13 -12 -5 -11 15 17 -17 -2 19 26 -21 24 -23 25 -20 -16 -10 28 -1
right_child=8 2 3 12 -6 6 -8 -9 18 10 11 -13 -14 -15 23 16 -18 -19 21 20 -22 22 -24 -25 -26 -27 -28 -29 -30
leaf_value=-0.010043516251832182 0.0023293134447344771 0.005090113323251909 0.033148607498854343 -0.0033543209377337713 0.0038272584498407975 0.0086785062428206255 -0.0016832335230775946 -0.0082304157342458096 -0.01004338837098763 0.010397240633385492 0.0046678018387706797 0.0094304994777688039 0.010260701298452317 0.0050504394800837439 -0.010047466690193905 -0.0041480316105801671 0.013619571046369336 -0.0074533044573932639 -0.010043429547547193 -0.01008299963713781 0.0069521395102347117 0.016886711707131165 -0.0089626776502519743 -0.010078128855507415 -0.010039833810136041 -0.010052795815563143 -0.010040234120525486 -0.010040406563260426 -0.010043716586401024
leaf_weight=0.25883923284709354 0.79793535359204426 1.9634361560456479 0.69180262647569113 1.4799582473933699 0.71035785414278507 6.9177933144383159 16.635710129979998 5.423219976015389 6.1898006615228933 15.297940518707039 30.196393974591047 10.675595158711074 0.98019662359729398 3.7867914512753478 2.2289548283442855 5.0751533168368033 1.2656813305802641 11.523668989539145 15.485850262455648 0.71551200561225403 1.1732915434986351 0.37119852192699809 9.228067529620601 0.15029338374733914 2.4204317939002058 0.65334360813722003 1.1828754297457633 0.12001979816704988 0.13000250235199928
leaf_count=60 66 183 41 139 30 723 1908 778 1445 365 1584 516 84 89 481 898 166 2113 3613 88 129 71 2024 22 618 127 299 30 30
internal_value=-3.16108e-05 0.00464831 0.000808487 0.00796006 0.0182939 -8.42567e-05 0.00136007 -0.00468971 -0.00765787 0.00685841 0.00700186 0.0059118 0.0020703 0.00933633 -0.0054539 -0.00470703 -0.000601476 -0.00681979 -0.00895836 -0.00789297 0.000498929 -0.00931709 -0.0079631 -0.0100501 -0.0100429 -0.0100487 -0.0100429 -0.0100428 -0.0100436
internal_weight=153.73 95.2681 34.8025 3.86232 1.40216 30.9402 23.5535 7.38666 58.4621 60.4656 59.9567 40.872 2.46015 19.0847 21.695 18.6624 6.34083 12.3216 36.767 9.26148 1.8888 27.5055 9.59927 3.03259 17.9063 2.8823 7.37268 0.508862 0.388842
internal_count=18720 6560 3886 294 71 3592 2631 961 12160 2674 2554 2100 223 454 3873 3243 1064 2179 8287 1961 217 6326 2095 630 4231 608 1744 120 90
is_linear=0
shrinkage=0.01


Tree=90
num_leaves=29
num_cat=0
split_feature=7 7 7 7 7 7 7 7 1 7 1 1 1 1 1 1 1 7 7 1 1 7 7 7 7 1 1 1
split_gain=53.9445 7.83395 2.16294 1.67881 1.67093 3.198 1.43195 1.46746 1.73573 1.23102 0.996926 0.884447 0.833743 0.744733 1.60573 3.16813 0.713641 0.141345 1.66632 1.26752 0.272342 1.09832 0.0739685 1.2025e-06 1.39221e-07 9.58836e-08 8.97705e-09 3.37337e-11
threshold=140.25000000000003 46.350000000000001 133.35000000000005 304.55000000000007 81.750000000000014 80.15000000000002 1.0000000180025095e-35 13.550000000000002 0.12500000000000003 88.40000000000002 0.13833333333333339 0.17833333333333334 0.16500000000000004 0.17166666666666672 0.15500000000000005 0.16166666666666671 0.14166666666666669 449.45000000000005 429.95000000000005 0.14166666666666669 0.13166666666666668 1248.5000000000002 1137.5000000000002 296.25000000000006 257.05000000000007 0.17166666666666672 0.17166666666666672 0.15833333333333341
decision_type=2 2 2 2 2 2 2 2 2 2 2 2 2 2 2 2 2 2 2 2 2 2 2 2 2 2 2 2
left_child=1 6 4 13 5 -3 26 11 -9 -6 -4 -8 -12 14 16 -16 -2 18 25 -20 21 -19 -22 24 -15 -5 27 -1
right_child=3 2 10 17 9 -7 7 8 -10 -11 12 -13 -14 23 15 -17 -18 20 19 -21 22 -23 -24 -25 -26 -27 -28 -29
leaf_value=-0.010043081049824081 -0.005008329684336281 0.001036858874850499 0.016175457308510964 -0.010042955055650114 -0.010066715138808328 0.019318121953551193 0.0083767815478915271 -0.010187442230405897 0.0060833898375782713 -0.001369804550871812 -0.0012645232322847045 0.014992212881917667 0.01155182456974049 -0.010046992334561923 0.0097413711498454715 -0.0054321732705558748 -0.01005650485393221 -0.010044174857109489 -0.010082167472009098 0.006835586334898721 -0.010042374874230955 0.0047307320704501896 -0.0088953972553743287 -0.01007734669568861 -0.010052267793516182 -0.010039832288846324 -0.010040003143586896 -0.010043279471844626
leaf_weight=0.25627478957176109 7.9010112360119873 16.134162888396538 1.1344725452363484 6.1284744585864228 1.868439639918505 1.0172284962609399 16.950637856498364 0.66643957793712516 40.436721635982394 12.623943493701516 1.1298143910244109 2.2945134416222563 0.92162810917943705 2.2068800379056484 2.0197737351991227 4.3173651481047273 4.3377667949534953 1.9630246181041031 0.7084507243707775 1.1813234766013918 15.920850786380472 0.67652173154056061 8.6924022655002755 0.14880942972376932 0.64687653677538026 1.1711522662080822 0.11883033206686378 0.12871452514082193
leaf_count=60 1384 1652 45 1445 297 74 429 43 2057 1641 102 25 75 481 336 728 795 450 88 129 3813 135 1928 22 127 299 30 30
internal_value=-3.1617e-05 0.00458166 0.000799514 -0.00763937 8.79823e-06 0.0021211 0.00674644 0.0068866 0.00581958 -0.00249106 0.00865322 0.00916551 0.00449333 -0.00542882 -0.00468192 -0.000596059 -0.00679754 -0.0089483 -0.0078758 0.00049335 -0.00930994 -0.00625733 -0.00963731 -0.0100496 -0.0100482 -0.0100425 -0.0100424 -0.0100431
internal_weight=153.703 95.6818 34.8297 58.0207 31.6438 17.1514 60.8521 60.3483 41.1032 14.4924 3.18592 19.2452 2.05144 21.5785 18.5759 6.33714 12.2388 36.4422 9.1894 1.88977 27.2528 2.63955 24.6133 3.00257 2.85376 7.29963 0.50382 0.384989
internal_count=18720 6560 3886 12160 3664 1726 2674 2554 2100 1938 222 454 177 3873 3243 1064 2179 8287 1961 217 6326 585 5741 630 608 1744 120 90
is_linear=0
shrinkage=0.01


Tree=91
num_leaves=22
num_cat=0
split_feature=0 1 0 0 0 0 0 1 1 0 1 0 0 0 0 1 1 1 0 1 1
split_gain=1.54867 1.27406 2.73659 4.31847 1.60355 1.35021 2.05914 1.91443 1.49781 1.42408 1.80383 0.870134 0.43183 3.68476 0.000125258 3.0203e-05 9.53645e-06 2.6327e-06 8.58622e-07 1.92046e-07 1.15023e-08
threshold=15.820000000000002 0.17500000000000002 44.245000000000005 44.360000000000007 51.840000000000011 71.163333333333341 76.315000000000012 0.14166666666666669 0.14500000000000005 70.396666666666675 0.12833333333333338 42.176666666666677 34.831666666666678 35.033333333333339 32.705000000000005 0.15833333333333341 0.14500000000000005 0.15500000000000005 13.535000000000002 0.16833333333333336 0.17166666666666672
decision_type=2 2 2 2 2 2 2 2 2 2 2 2 2 2 2 2 2 2 2 2 2
left_child=15 5 12 -4 -5 9 7 -7 -8 11 -11 -2 14 -14 -3 16 -1 -18 19 -17 -21
right_child=1 2 3 4 -6 6 8 -9 -10 10 -12 -13 13 -15 -16 18 17 -19 -20 20 -22
leaf_value=-0.010196130134460794 0.001960073619823774 -0.010087499238090563 0.052677693499370043 0.0038840412193535262 -0.004837356458017401 -0.0085778205857026842 0.0043347016090870558 0.0017783061043876328 -0.01012445266399571 0.036394373044559475 0.0057642900039879584 5.3020257018532492e-05 0.034493272786171363 -0.0074889775496350328 -0.010227426377679039 -0.010057567930926657 -0.010094479794914757 -0.010140944369781435 -0.010075534821154119 -0.010046588615770027 -0.010041671521458498
leaf_weight=0.29291006783023366 32.996241083135828 2.1364788960199799 0.15932501805946131 4.9049413106404227 3.6973570750560611 6.1706322857644391 4.8012502230703822 2.5115727363154292 0.84207789693027724 0.21424316149204914 1.874118256382644 87.032181267626584 0.22162865707650814 3.687460015527904 0.91317234630696464 0.24534687935374677 0.18283277912996709 0.36615672893822193 0.23199542541988194 0.097254435298964381 0.09313025395385921
leaf_count=30 4038 438 24 588 486 780 516 288 102 12 186 10224 18 612 162 54 30 42 42 24 24
internal_value=-3.1587e-05 6.84045e-05 -0.00262738 0.00109094 0.000135494 0.000379002 -0.00252541 -0.00558202 0.00217716 0.000719719 0.0089066 0.000577276 -0.00730904 -0.00510876 -0.0101294 -0.0101102 -0.0101501 -0.0101255 -0.01006 -0.0100517 -0.0100442
internal_weight=153.672 152.163 15.7204 8.76162 8.6023 136.442 14.3255 8.68221 5.64333 122.117 2.08836 120.028 6.95874 3.90909 3.04965 1.50963 0.8419 0.54899 0.667727 0.435732 0.190385
internal_count=18720 18474 2328 1098 1074 16146 1686 1068 618 14460 198 14262 1230 630 600 246 102 72 144 102 48
is_linear=0
shrinkage=0.01


Tree=92
num_leaves=30
num_cat=0
split_feature=7 7 7 1 7 1 1 1 7 7 7 1 1 1 1 1 7 1 7 7 1 7 7 7 1 7 1 1 1
split_gain=53.0193 7.59267 2.10821 2.18509 2.79786 2.02164 5.10106 2.51601 1.68178 1.39975 1.42601 2.03073 1.033 0.819328 0.74286 1.59025 3.10682 0.715151 0.142167 1.66192 1.24686 0.274353 2.36017 1.17004e-06 2.72493e-07 1.34487e-07 9.75614e-08 8.20606e-09 3.26292e-11
threshold=140.25000000000003 46.350000000000001 130.75000000000003 0.13833333333333339 135.55000000000004 0.13833333333333339 0.1483333333333334 0.12833333333333338 304.55000000000007 1.0000000180025095e-35 10.65 0.12500000000000003 0.16500000000000004 0.13833333333333339 0.17166666666666672 0.15500000000000005 272.95000000000005 0.14166666666666669 449.45000000000005 429.95000000000005 0.14166666666666669 1137.5000000000002 1161.5000000000002 296.25000000000006 0.17500000000000002 257.05000000000007 0.17166666666666672 0.17166666666666672 0.15833333333333341
decision_type=2 2 2 2 2 2 2 2 2 2 2 2 2 2 2 2 2 2 2 2 2 2 2 2 2 2 2 2 2
left_child=1 9 5 4 -4 7 -7 -3 14 27 13 -12 -5 -11 15 17 -17 -2 19 26 -21 24 -23 25 -20 -16 -10 28 -1
right_child=8 2 3 12 -6 6 -8 -9 18 10 11 -13 -14 -15 23 16 -18 -19 21 20 -22 22 -24 -25 -26 -27 -28 -29 -30
leaf_value=-0.010042653463391197 -0.0049822323863113064 0.0049802181583912235 0.031432340897834116 -0.0033257614205381694 0.0035817346851947751 0.0085167976681550534 -0.0016720607930228873 -0.0082129619877314968 -0.01004254290465326 0.01298598764598992 -0.010205539705609157 0.0062990724660850761 0.0098391947305499147 0.007536074468266569 -0.010046443178681754 -0.0041240681518818992 0.013301288692867135 -0.010055964506375218 -0.010042586428091397 -0.010081418403739587 0.0067288013094610535 0.016695490602656828 -0.008943128073987526 -0.010076559110404565 -0.010038936600286801 -0.010051660363554904 -0.010039374337982401 -0.010039700577666502 -0.010042849578876759
leaf_weight=0.25374896451830764 7.8609759625978821 1.977339665871116 0.72011995315551691 1.4738267483189704 0.72272013127803802 6.9773933636024621 16.613434349186718 5.3740651430562139 6.0689657318871451 5.0480356253683549 0.75704229855909844 48.850076229777187 1.0007106121629474 6.0821920838207006 2.1801080093719065 5.0548536186106494 1.2828494566492734 4.2964247986674309 15.184891190612694 0.70167958503589023 1.1887773354537783 0.37384662730619211 9.0708264617715013 0.14705542661249627 2.3640084413345894 0.63888819841667999 1.1569999498315153 0.11793116899207234 0.12744595482945442
leaf_count=60 1384 183 41 139 30 723 1908 778 1445 76 46 2279 84 153 481 898 166 795 3613 88 129 71 2024 22 618 127 299 30 30
internal_value=-3.13551e-05 0.00451513 0.000789602 0.00770113 0.0174819 -8.54184e-05 0.00134147 -0.00466433 -0.00762022 0.00663594 0.00677299 0.0060472 0.00199819 0.0100078 -0.0054032 -0.00465815 -0.000596906 -0.00677529 -0.00893786 -0.00785816 0.000489364 -0.0093025 -0.00792828 -0.0100491 -0.0100421 -0.0100476 -0.010042 -0.010042 -0.0100427
internal_weight=153.667 96.0961 34.8596 3.91738 1.44284 30.9422 23.5908 7.3514 57.5712 61.2365 60.7373 49.6071 2.47454 11.1302 21.4612 18.4951 6.3377 12.1574 36.11 9.11642 1.89046 26.9936 9.44467 2.96605 17.5489 2.819 7.22597 0.499126 0.381195
internal_count=18720 6560 3886 294 71 3592 2631 961 12160 2674 2554 2325 223 229 3873 3243 1064 2179 8287 1961 217 6326 2095 630 4231 608 1744 120 90
is_linear=0
shrinkage=0.01


Tree=93
num_leaves=30
num_cat=0
split_feature=7 7 7 7 7 7 7 7 1 1 7 1 1 7 1 1 1 1 7 7 1 7 7 7 1 7 1 1 1
split_gain=52.1333 7.36001 2.05451 1.68482 1.63581 3.07329 1.36794 1.38242 1.8729 1.74304 1.22198 0.949008 1.6668 1.09655 0.742786 1.57723 3.09372 0.716298 0.142992 1.65728 1.22612 0.276298 2.31376 1.13537e-06 2.64451e-07 1.30509e-07 9.46777e-08 7.96088e-09 3.14435e-11
threshold=140.25000000000003 46.350000000000001 133.35000000000005 304.55000000000007 81.750000000000014 80.15000000000002 1.0000000180025095e-35 14.550000000000002 0.17500000000000002 0.17833333333333334 88.40000000000002 0.14500000000000005 0.16500000000000004 138.05000000000004 0.17166666666666672 0.15500000000000005 0.16166666666666671 0.14166666666666669 449.45000000000005 429.95000000000005 0.17166666666666672 1137.5000000000002 1161.5000000000002 296.25000000000006 0.17500000000000002 257.05000000000007 0.17166666666666672 0.17166666666666672 0.15833333333333341
decision_type=2 2 2 2 2 2 2 2 2 2 2 2 2 2 2 2 2 2 2 2 2 2 2 2 2 2 2 2 2
left_child=1 6 4 14 5 -3 27 9 -9 -8 -6 13 -13 -4 15 17 -17 -2 19 26 -21 24 -23 25 -20 -16 -5 28 -1
right_child=3 2 11 18 10 -7 7 8 -10 -11 -12 12 -14 -15 23 16 -18 -19 21 20 -22 22 -24 -25 -26 -27 -28 -29 -30
leaf_value=-0.010042227342107819 -0.0049568242431469239 0.0010196279695272247 0.0077910099138694183 -0.010042117985592638 -0.010066075948380073 0.018789257249548524 0.0076439188820344572 0.0061139798804433314 -0.0026169389379338847 0.016447822714171681 -0.0013605634699415095 -0.010104413824577956 0.01109366930925954 0.024853689148004687 -0.010045978867528187 0.0095503095683871359 -0.0054075087944706179 -0.010055404683614299 -0.010042161122098594 -0.003503575254790961 0.016741261083276372 0.016256420623218547 -0.00893290872854079 -0.010075792983181802 -0.010038547604853829 -0.010051143933708246 -0.010038981014047252 -0.010039304165601854 -0.010042420821931243
leaf_weight=0.25123472884297271 7.8224511859007233 16.158118974417455 1.1091976258903735 6.0088314909953606 1.8488074834458519 1.0356874261051405 19.852769207209352 36.094017274677753 2.6364044658839694 2.5361097231507292 12.610521582886575 0.61213195417076327 0.94135816628113389 0.57030279282480467 2.1585148104932159 2.0393746616318813 4.2946549272164702 4.2539102882146835 15.034432622604077 1.5188685138709841 0.37253622990101565 0.38007254898548026 8.9907927033491415 0.1456032171845435 2.3405763860791913 0.63256349274888624 1.145532267168164 0.11676232237368822 0.12618320155888796
leaf_count=60 1384 1652 56 1445 297 74 513 1855 158 28 1641 60 75 31 481 336 728 795 3613 179 38 71 2024 22 618 127 299 30 30
internal_value=-3.1353e-05 0.00445104 0.00078086 -0.00760152 5.28908e-06 0.00209 0.00652914 0.00666312 0.00551966 0.00864118 -0.00247367 0.00837422 0.00274085 0.0135849 -0.00537804 -0.00463304 -0.000591523 -0.0067528 -0.00892766 -0.00784081 0.000483903 -0.00929525 -0.00791126 -0.0100486 -0.0100417 -0.0100471 -0.0100416 -0.0100416 -0.0100423
internal_weight=153.638 96.4996 34.8861 57.1387 31.6531 17.1938 61.6135 61.1193 38.7304 22.3889 14.4593 3.23299 1.55349 1.6795 21.3471 18.4104 6.33403 12.0764 35.7916 9.04577 1.8914 26.7459 9.37087 2.93668 17.375 2.79108 7.15436 0.49418 0.377418
internal_count=18720 6560 3886 12160 3664 1726 2674 2554 2013 541 1938 222 135 87 3873 3243 1064 2179 8287 1961 217 6326 2095 630 4231 608 1744 120 90
is_linear=0
shrinkage=0.01


Tree=94
num_leaves=22
num_cat=0
split_feature=0 1 0 0 0 0 0 1 1 0 1 0 0 0 0 1 1 1 0 1 1
split_gain=1.52959 1.22333 2.69225 4.03784 1.56929 1.33988 2.03026 1.90012 1.46616 1.37619 3.53904 1.1142 0.433752 3.52034 0.000132994 3.0618e-05 9.54451e-06 2.64443e-06 8.85611e-07 2.01285e-07 1.31074e-08
threshold=15.820000000000002 0.17500000000000002 44.245000000000005 44.360000000000007 51.840000000000011 71.163333333333341 76.315000000000012 0.14166666666666669 0.14500000000000005 68.860000000000014 0.13500000000000004 68.421666666666681 34.831666666666678 35.033333333333339 32.705000000000005 0.15833333333333341 0.14500000000000005 0.15500000000000005 13.535000000000002 0.16833333333333336 0.17166666666666672
decision_type=2 2 2 2 2 2 2 2 2 2 2 2 2 2 2 2 2 2 2 2 2
left_child=15 5 12 -4 -5 9 7 -7 -8 11 -11 -2 14 -14 -3 16 -1 -18 19 -17 -21
right_child=1 2 3 4 -6 6 8 -9 -10 10 -12 -13 13 -15 -16 18 17 -19 -20 20 -22
leaf_value=-0.01019709347919019 0.00054959541241609785 -0.010087879491876848 0.049796502767372346 0.0038397594945855768 -0.0048027153322688096 -0.0085716035534716024 0.0042455684310843825 0.0017449700137564406 -0.01012472808172424 -0.0054849603531085664 0.010300536487854397 -0.010117806365708248 0.032940395699721903 -0.007457076224213776 -0.010233345172575237 -0.010057054164244376 -0.010094887074339086 -0.010141672750911084 -0.010075423657552375 -0.01004578733257617 -0.010040469069967847
leaf_weight=0.29101042659021803 114.71337611158378 2.096480756765231 0.16697676107287307 4.9149574411567283 3.6696943060960621 6.1357531701214594 4.8284567738883188 2.5179200451821089 0.83238446200266469 2.0999142928048959 4.3881791080348194 0.98757089907303353 0.22931032534688744 3.6379024242050946 0.89760649297386397 0.24074808601289988 0.18068357347510755 0.36458306154236197 0.22845817287452519 0.095001606270670891 0.090477179270237684
leaf_count=30 13650 438 24 588 486 780 516 288 102 228 444 138 18 612 162 54 30 42 42 24 24
internal_value=-3.1329e-05 6.7464e-05 -0.00258417 0.00109267 0.000145347 0.000370751 -0.00252385 -0.00556984 0.00213252 0.000709855 0.00519146 0.000458543 -0.007274 -0.00506167 -0.0101315 -0.0101108 -0.0101508 -0.0101262 -0.0100595 -0.010051 -0.0100432
internal_weight=153.607 152.116 15.6129 8.75163 8.58465 136.504 14.3145 8.65367 5.66084 122.189 6.48809 115.701 6.8613 3.86721 2.99409 1.49096 0.836277 0.545267 0.654685 0.426227 0.185479
internal_count=18720 18474 2328 1098 1074 16146 1686 1068 618 14460 672 13788 1230 630 600 246 102 72 144 102 48
is_linear=0
shrinkage=0.01


Tree=95
num_leaves=22
num_cat=0
split_feature=0 1 0 0 0 0 0 1 0 0 1 0 0 0 0 1 1 1 0 1 1
split_gain=1.51412 1.20182 2.66153 3.76216 1.53936 1.31519 2.00133 1.88477 1.4483 1.35627 1.71584 0.864018 0.434448 3.38931 0.000129355 2.97137e-05 9.2641e-06 2.56586e-06 8.59483e-07 1.95362e-07 1.27219e-08
threshold=15.820000000000002 0.17500000000000002 44.245000000000005 44.360000000000007 51.840000000000011 71.163333333333341 76.315000000000012 0.14166666666666669 77.928333333333356 70.396666666666675 0.12833333333333338 42.176666666666677 34.831666666666678 35.033333333333339 32.705000000000005 0.15833333333333341 0.14500000000000005 0.15500000000000005 13.535000000000002 0.16833333333333336 0.17166666666666672
decision_type=2 2 2 2 2 2 2 2 2 2 2 2 2 2 2 2 2 2 2 2 2
left_child=15 5 12 -4 -5 9 7 -7 -8 11 -11 -2 14 -14 -3 16 -1 -18 19 -17 -21
right_child=1 2 3 4 -6 6 8 -9 -10 10 -12 -13 13 -15 -16 18 17 -19 -20 20 -22
leaf_value=-0.010195127282077254 0.0019392778071898871 -0.010087025810650586 0.046935558501203872 0.0037877858466976058 -0.0047766167900664272 -0.0085564642012531632 0.0086816984974689999 0.0017245931006401928 -0.0017766295311691114 0.03502911372352345 0.0055656681053007327 4.0166463791217048e-05 0.031675214116867557 -0.0074359055846162656 -0.010231193966521638 -0.010056485785635109 -0.010093941103020974 -0.010140255031007553 -0.010074672148493483 -0.010045330629484581 -0.010040064996032964
leaf_weight=0.28817011206410714 33.043716981308535 2.0757952230051155 0.17533922707661886 4.9324845832306874 3.6529316236265004 6.0853959270752949 2.106240853201597 2.5221720279660076 3.5659767873585224 0.22064883634447996 1.8967949040234087 87.111751975491643 0.23604992590844665 3.6119076840113848 0.88886106642894436 0.23836600594222546 0.17890242300927639 0.36100561358034611 0.22620176058262587 0.094060578849166632 0.089580502128228545
leaf_count=30 4038 438 24 588 486 780 198 288 420 12 186 10224 18 612 162 54 30 42 42 24 24
internal_value=-3.11036e-05 6.67023e-05 -0.00256524 0.00108029 0.000143795 0.000366866 -0.0025049 -0.00554393 0.00210682 0.000702249 0.00863591 0.000562437 -0.00725325 -0.00503666 -0.0101303 -0.0101097 -0.0101493 -0.0101249 -0.0100589 -0.0100505 -0.0100428
internal_weight=153.602 152.126 15.5734 8.76076 8.58542 136.553 14.2798 8.60757 5.67222 122.273 2.11744 120.155 6.81261 3.84796 2.96466 1.47629 0.828078 0.539908 0.648209 0.422007 0.183641
internal_count=18720 18474 2328 1098 1074 16146 1686 1068 618 14460 198 14262 1230 630 600 246 102 72 144 102 48
is_linear=0
shrinkage=0.01


Tree=96
num_leaves=27
num_cat=0
split_feature=7 7 1 7 1 1 1 1 7 7 7 1 1 1 1 1 1 7 7 1 1 7 7 7 7 1
split_gain=51.2173 7.13653 3.51558 2.75538 2.7558 5.18548 2.19901 2.05898 2.63434 1.76782 1.68762 0.979801 0.772861 0.739053 1.56047 3.01884 0.718641 0.143848 1.65374 1.21867 0.278629 1.10812 0.0758027 1.10451e-06 1.25196e-07 9.96636e-08
threshold=140.25000000000003 62.850000000000001 0.18833333333333335 130.75000000000003 0.13833333333333339 0.14166666666666669 0.18500000000000003 0.13833333333333339 135.55000000000004 25.750000000000004 304.55000000000007 0.16500000000000004 0.12833333333333338 0.17166666666666672 0.15500000000000005 0.16166666666666671 0.14166666666666669 449.45000000000005 429.95000000000005 0.14166666666666669 0.13166666666666668 1248.5000000000002 1137.5000000000002 296.25000000000006 257.05000000000007 0.17166666666666672
decision_type=2 2 2 2 2 2 2 2 2 2 2 2 2 2 2 2 2 2 2 2 2 2 2 2 2 2
left_child=1 2 6 4 12 -6 9 8 -5 -1 13 -9 -3 14 16 -16 -2 18 25 -20 21 -19 -22 24 -15 -12
right_child=10 3 -4 7 5 -7 -8 11 -10 -11 17 -13 -14 23 15 -17 -18 20 19 -21 22 -23 -24 -25 -26 -27
leaf_value=0.007392098921976409 -0.0049287264448673578 -0.0003458634882486645 0.033840196408707668 0.030061090213723982 0.015749151063099355 -0.0016932184057805234 -0.010818487217583642 -0.0033130742353856767 0.0033638355458406482 0.0041961723757082941 -0.010041728201208022 0.0094368470154448762 -0.01006935669717806 -0.010045371940450878 0.0093465089432560999 -0.005387388557971301 -0.010054933047410378 -0.010042985383005319 -0.010080373641048969 0.0065841309851479629 -0.010041135268023988 0.0049240154402071107 -0.0088637768153825916 -0.010074978023551832 -0.010050468720937143 -0.010038487724007408
leaf_weight=39.862564696930349 7.78013515239582 1.0271628135815323 0.4505671625956883 0.74445647560059958 1.9352681469172264 14.289082568138836 0.78566697053611179 1.4710623058490457 0.73403719067573547 30.589640031568706 5.9512552970554662 1.0210986603051422 4.0036159469746053 2.1273917574435472 2.0607155901379874 4.2764206118881702 4.2171026435680687 1.9079562155529886 0.69216594751924265 1.199019383639097 15.439303234918045 0.66781712602823962 8.4676752435043436 0.14356837654486287 0.62310500862076867 1.1292011484038083
leaf_count=1422 1384 135 19 41 235 1791 24 139 30 2029 1445 84 611 481 336 728 795 450 88 129 3813 135 1928 22 127 299
internal_value=-3.08719e-05 0.00438533 0.00599504 -0.00018926 -0.00161772 0.000387337 0.00581892 0.00745735 0.0168065 0.00600446 -0.00758153 0.00191088 -0.00808406 -0.00535162 -0.00461031 -0.000596207 -0.00673062 -0.0089167 -0.00782233 0.000484992 -0.00928744 -0.00616251 -0.00962412 -0.0100479 -0.0100465 -0.0100412
internal_weight=153.597 96.9142 71.6884 25.2258 21.2551 16.2244 71.2379 3.97065 1.47849 70.4522 56.6828 2.49216 5.03078 21.2284 18.3344 6.33714 11.9972 35.4544 8.97164 1.89119 26.4828 2.57577 23.907 2.89407 2.7505 7.08046
internal_count=18720 6560 3494 3066 2772 2026 3475 294 71 3451 12160 223 746 3873 3243 1064 2179 8287 1961 217 6326 585 5741 630 608 1744
is_linear=0
shrinkage=0.01


Tree=97
num_leaves=27
num_cat=0
split_feature=7 7 1 7 1 1 1 1 7 7 7 1 1 1 1 7 1 7 7 1 7 7 7 1 7 1
split_gain=50.3651 6.9284 3.30576 2.68547 2.72602 5.01002 2.15285 1.96745 2.45994 1.7185 1.6905 0.952801 0.7715 0.738916 1.54757 3.02069 0.719726 0.144672 1.64908 1.19806 0.280562 2.29271 1.07176e-06 2.79598e-07 1.21487e-07 9.66915e-08
threshold=140.25000000000003 62.850000000000001 0.18833333333333335 130.75000000000003 0.13833333333333339 0.14166666666666669 0.18500000000000003 0.13833333333333339 135.55000000000004 16.550000000000004 304.55000000000007 0.16500000000000004 0.12833333333333338 0.17166666666666672 0.15500000000000005 272.95000000000005 0.14166666666666669 449.45000000000005 429.95000000000005 0.14166666666666669 1137.5000000000002 1161.5000000000002 296.25000000000006 0.17500000000000002 257.05000000000007 0.17166666666666672
decision_type=2 2 2 2 2 2 2 2 2 2 2 2 2 2 2 2 2 2 2 2 2 2 2 2 2 2
left_child=1 2 6 4 12 -6 9 8 -5 -1 13 -9 -3 14 16 -16 -2 18 25 -20 23 -22 24 -19 -15 -12
right_child=10 3 -4 7 5 -7 -8 11 -10 -11 17 -13 -14 22 15 -17 -18 20 19 -21 21 -23 -24 -25 -26 -27
leaf_value=0.0078850179299297714 -0.0049033345333556275 -0.00034252165781506916 0.032493780165900377 0.028915554820037027 0.015351025967668233 -0.0016790898515422876 -0.010810087247020133 -0.0032906432667758768 0.0033195262086332797 0.0046822390955147267 -0.010041311196922453 0.0092568876203179568 -0.010068662126575312 -0.01004491858359609 -0.0040994568799615737 0.013002313989891431 -0.010054383722982766 -0.010041364547151425 -0.01007956789629437 0.0064761163859451834 0.016099598810567314 -0.0089123669574053058 -0.010074227519552639 -0.010037600146811163 -0.010049964351656058 -0.010038103465988473
leaf_weight=27.18141793878749 7.7424102402292245 1.026813352946198 0.46447246428578992 0.76609782129526072 1.9654498700983847 14.265344108920543 0.7784508652985086 1.4663029685616495 0.73638505674898624 43.666829251684248 5.8922827446367574 1.0304921511560676 3.9640513551421463 2.1063184526283294 5.0341452707070848 1.2994071366265414 4.1753687825985253 14.746352547546854 0.68533330457285035 1.2067880770191548 0.38234619190916319 8.8335020118392986 0.14215038297697891 2.2778456190135321 0.61693581799045194 1.1180079996120182
leaf_count=806 1384 135 19 41 235 1791 24 139 30 2645 1445 84 611 481 898 166 795 3613 88 129 71 2024 22 618 127 299
internal_value=-3.0867e-05 0.00432348 0.00590172 -0.000187735 -0.00160428 0.000383153 0.00572928 0.00732899 0.0163706 0.00591101 -0.00756263 0.00188805 -0.00806762 -0.00532641 -0.00458522 -0.000590816 -0.00670799 -0.00890635 -0.00780479 0.000479587 -0.00928007 -0.00787467 -0.0100475 -0.0100409 -0.0100461 -0.0100408
internal_weight=153.571 97.3121 72.0912 25.2209 21.2217 16.2308 71.6267 3.99928 1.50248 70.8482 56.2592 2.4968 4.99086 21.1167 18.2513 6.33355 11.9178 35.1425 8.90241 1.89212 26.24 9.21585 2.8654 17.0242 2.72325 7.01029
internal_count=18720 6560 3494 3066 2772 2026 3475 294 71 3451 12160 223 746 3873 3243 1064 2179 8287 1961 217 6326 2095 630 4231 608 1744
is_linear=0
shrinkage=0.01


Tree=98
num_leaves=30
num_cat=0
split_feature=7 7 7 7 7 7 7 7 1 1 7 1 1 7 1 1 1 1 7 7 1 1 7 7 7 7 1 1 1
split_gain=49.5295 6.73847 1.91443 1.69328 1.5596 2.98695 1.32699 1.2866 2.99942 1.99143 1.21348 0.880908 1.5732 1.08314 0.738737 1.53468 2.95076 0.720779 0.145497 1.64441 4.32156 0.282577 1.10797 0.0769755 1.04001e-06 1.17886e-07 9.38376e-08 7.20423e-09 3.20622e-11
threshold=140.25000000000003 46.350000000000001 133.35000000000005 304.55000000000007 81.750000000000014 80.15000000000002 1.0000000180025095e-35 9.4500000000000011 0.13833333333333339 0.12500000000000003 88.40000000000002 0.14500000000000005 0.16500000000000004 138.05000000000004 0.17166666666666672 0.15500000000000005 0.16166666666666671 0.14166666666666669 449.45000000000005 429.95000000000005 0.17500000000000002 0.13166666666666668 1248.5000000000002 1137.5000000000002 296.25000000000006 257.05000000000007 0.17166666666666672 0.17166666666666672 0.15833333333333341
decision_type=2 2 2 2 2 2 2 2 2 2 2 2 2 2 2 2 2 2 2 2 2 2 2 2 2 2 2 2 2
left_child=1 6 4 14 5 -3 27 8 -8 -9 -6 13 -13 -4 15 17 -17 -2 19 26 -21 22 -20 -23 25 -16 -5 28 -1
right_child=3 2 11 18 10 -7 7 9 -10 -11 -12 12 -14 -15 24 16 -18 -19 21 20 -22 23 -24 -25 -26 -27 -28 -29 -30
leaf_value=-0.010042474202866502 -0.004877952321948713 0.00095872798148402105 0.007262296337004568 -0.010040898741280328 -0.010065293893120305 0.018349541008630208 0.01767571737169445 -0.01020814660884624 0.0049607026522821961 0.0060433848539537937 -0.0013340256252339746 -0.010102815322533652 0.010469188668004389 0.024001269051661337 -0.010044469654110696 0.0091789202259424749 -0.0053595703787556095 -0.010053840025303696 -0.010042172522865236 -0.0042836997668649615 0.048454245120104947 -0.010040317228303054 0.0049834589961728418 -0.00884329495496608 -0.010073484876712438 -0.010049464861105946 -0.010037722924221497 -0.010039709811946802 -0.010042669013839168
leaf_weight=0.25268993340432544 7.705058615189051 16.245019096881158 1.1419325694441789 5.8338918702211213 1.8225102890282858 1.0515450462698925 3.1520380154252043 0.76472820341586967 4.5094862394034863 53.791080109775066 12.572204103693364 0.60284883202984907 0.96963842632248998 0.58440497610718001 2.0854529656935483 2.078590210992842 4.2513217602390796 4.1340456432662904 1.8714696429669886 1.7222569971345363 0.17078801244497288 15.134810151997955 0.6651853541843592 8.32831556140445 0.14074628893285979 0.6108274133875965 1.1069253820460287 0.1179403318092227 0.12691402249038219
leaf_count=60 1384 1652 56 1445 297 74 43 46 111 2354 1641 60 75 31 481 336 728 795 450 199 18 3813 135 1928 22 127 299 30 30
internal_value=-3.08593e-05 0.0042628 0.000746913 -0.00754365 -7.75673e-06 0.002016 0.0062244 0.00635448 0.0101918 0.00581558 -0.00243949 0.0079969 0.00258244 0.0129288 -0.00530122 -0.00456018 -0.000585481 -0.0066853 -0.00889593 -0.00778717 0.000474248 -0.00927265 -0.00610201 -0.00961543 -0.010047 -0.0100456 -0.0100404 -0.0100419 -0.0100425
internal_weight=153.545 97.705 34.9901 55.8397 31.6913 17.2966 62.7149 62.2173 7.66152 54.5558 14.3947 3.29882 1.57249 1.72634 21.006 18.169 6.32991 11.8391 34.8336 8.83386 1.89305 25.9998 2.53665 23.4631 2.83703 2.69628 6.94082 0.497544 0.379604
internal_count=18720 6560 3886 12160 3664 1726 2674 2554 154 2400 1938 222 135 87 3873 3243 1064 2179 8287 1961 217 6326 585 5741 630 608 1744 120 90
is_linear=0
shrinkage=0.01


Tree=99
num_leaves=27
num_cat=0
split_feature=7 7 1 7 1 1 1 1 7 7 7 1 1 1 1 7 1 7 7 1 7 7 7 1 7 1
split_gain=48.7105 6.56561 3.09764 2.56534 2.69395 4.84859 2.097 1.84216 2.33778 1.69599 1.6185 0.905036 0.770823 0.738527 1.52184 2.93812 0.723133 0.146316 1.63958 4.0528 0.284511 2.2692 1.00917e-06 2.63252e-07 1.14387e-07 9.1051e-08
threshold=140.25000000000003 62.850000000000001 0.18833333333333335 130.75000000000003 0.13833333333333339 0.14166666666666669 0.18500000000000003 0.13833333333333339 135.55000000000004 304.55000000000007 25.750000000000004 0.16500000000000004 0.12833333333333338 0.17166666666666672 0.15500000000000005 272.95000000000005 0.12500000000000003 449.45000000000005 429.95000000000005 0.17500000000000002 1137.5000000000002 1161.5000000000002 296.25000000000006 0.17500000000000002 257.05000000000007 0.17166666666666672
decision_type=2 2 2 2 2 2 2 2 2 2 2 2 2 2 2 2 2 2 2 2 2 2 2 2 2 2
left_child=1 2 6 4 12 -6 10 8 -5 13 -1 -9 -3 14 16 -16 -2 18 25 -20 23 -22 24 -19 -15 -11
right_child=9 3 -4 7 5 -7 -8 11 -10 17 -12 -13 -14 22 15 -17 -18 20 19 -21 21 -23 -24 -25 -26 -27
leaf_value=0.0070477503785836716 0.0026532180751587448 -0.00033007434091248409 0.031030401247871497 0.02770895256790069 0.014985462231956233 -0.0016641326886303654 -0.010806555802830778 -0.0032701695830782283 0.0030631261149781865 -0.010040490046527899 0.0040131869096960513 0.0089009064224001982 -0.010067958901428366 -0.010044025351623399 -0.0040717157323521096 0.012721187469764155 -0.0073225400893611086 -0.010040542281060523 -0.0042588338886668234 0.045733617158361578 0.015915298863630297 -0.0088927311688581333 -0.010072749488029177 -0.010036852998692603 -0.010048970427010884 -0.010037346118902328
leaf_weight=40.625540747772902 0.77813419327140465 1.0255079912021816 0.48057372495531936 0.79026839323341735 1.9939942155033374 14.239837783155961 0.77468258515000243 1.4619322046637537 0.75025974214076996 5.7760775340720993 30.97813777718693 1.0495823090896008 3.9204861028119922 2.0647932449355721 5.0110262541566035 1.3153662681579588 10.983071864116935 14.455538951558998 1.7150259767659006 0.17909479793161143 0.3850537589751174 8.6883502856362593 0.13935596169903863 2.2328997796867034 0.60477919364348043 1.095952220726758
leaf_count=1422 66 135 19 41 235 1791 24 139 30 1445 2029 84 611 481 898 166 2113 3613 199 18 71 2024 22 618 127 299
internal_value=-3.08385e-05 0.00420337 0.00572587 -0.000192959 -0.00158764 0.000380929 0.00555785 0.00709694 0.0157061 -0.00752457 0.0057349 0.00181622 -0.00804889 -0.00527599 -0.00453514 -0.000580181 -0.00666253 -0.00888543 -0.00776948 0.000468102 -0.00926516 -0.00783994 -0.0100465 -0.01004 -0.0100451 -0.01004
internal_weight=153.515 98.0908 72.8589 25.2319 21.1798 16.2338 72.3784 4.05204 1.54053 55.4245 71.6037 2.51151 4.94599 20.8965 18.0876 6.32639 11.7612 34.528 8.76615 1.89412 25.7618 9.0734 2.80893 16.6884 2.66957 6.87203
internal_count=18720 6560 3494 3066 2772 2026 3475 294 71 12160 3451 223 746 3873 3243 1064 2179 8287 1961 217 6326 2095 630 4231 608 1744
is_linear=0
shrinkage=0.01


Tree=100
num_leaves=19
num_cat=0
split_feature=0 0 1 0 0 0 1 0 0 1 0 1 1 1 1 0 1 1
split_gain=1.49372 1.1936 3.29197 1.7789 1.74924 2.80124 1.60143 4.32635 3.64935 1.57963 0.0523238 3.12363e-05 9.65989e-06 4.70341e-06 2.71553e-06 9.56875e-07 2.26971e-07 1.61882e-08
threshold=15.820000000000002 82.076666666666668 0.13833333333333339 72.968333333333348 76.315000000000012 79.265000000000015 0.1483333333333334 44.245000000000005 58.098333333333343 0.13166666666666668 84.558333333333351 0.15833333333333341 0.14500000000000005 0.13500000000000004 0.15500000000000005 13.535000000000002 0.16833333333333336 0.17166666666666672
decision_type=2 2 2 2 2 2 2 2 2 2 2 2 2 2 2 2 2 2
left_child=11 3 13 6 9 -6 7 -2 -8 -5 -4 12 -1 -3 -14 16 -13 -18
right_child=1 2 10 4 5 -7 8 -9 -10 -11 -12 15 14 -15 -16 -17 17 -19
leaf_value=-0.010199192546263005 0.0069827942712548984 -0.010050482664108969 0.024980036315221704 0.0075579788996466245 0.0058460289686698584 -0.010234187684414461 -0.0017000088037357076 0.00022610370193775758 0.003904859454505727 -0.010190702553262789 0.031317377540634052 -0.010056348953121623 -0.010095155628100889 -0.010121851673115105 -0.010143067500461274 -0.010075633007263407 -0.010044238163445495 -0.010038170865575994
leaf_weight=0.28765248740091809 11.599951767828314 0.14295702008530398 0.2840920421294868 0.56437686108983864 3.1018186062574387 1.6647944161668418 63.697159151779488 51.771711317589507 14.207934310426934 4.4970492525026202 0.24063535733148456 0.23230546084232628 0.17584649822674692 0.26080080936662853 0.36145277204923332 0.22253260784782469 0.090653669321909547 0.085403722710907459
leaf_count=30 1266 30 30 78 318 186 8274 6144 1500 594 18 54 30 36 42 42 24 24
internal_value=-3.08309e-05 6.5704e-05 0.0113692 -3.75191e-06 -0.00411751 0.000229828 0.000282425 0.00146289 -0.000677821 -0.00821163 0.0278863 -0.0101119 -0.0101524 -0.0100966 -0.0101274 -0.0100589 -0.0100499 -0.0100413
internal_weight=153.489 152.033 0.928485 151.105 9.82804 4.76661 141.277 63.3717 77.9051 5.06143 0.524727 1.45585 0.824952 0.403758 0.537299 0.630895 0.408363 0.176057
internal_count=18720 18474 114 18360 1176 504 17184 7410 9774 672 48 246 102 66 72 144 102 48
is_linear=0
shrinkage=0.01


Tree=101
num_leaves=27
num_cat=0
split_feature=7 7 1 7 1 1 1 1 7 7 7 1 1 1 1 1 1 7 7 1 7 7 7 1 7 1
split_gain=47.8918 6.36835 2.93353 2.50064 2.6701 4.68283 2.05007 1.7601 2.17961 1.69832 1.57085 0.883334 0.76758 0.737207 1.51404 2.88512 0.724961 0.147113 1.63458 3.82035 0.286645 2.22719 9.70124e-07 2.64283e-07 1.10088e-07 9.14063e-08
threshold=140.25000000000003 62.850000000000001 0.18833333333333335 130.75000000000003 0.13833333333333339 0.14166666666666669 0.18500000000000003 0.13833333333333339 135.55000000000004 304.55000000000007 16.550000000000004 0.16500000000000004 0.12833333333333338 0.17166666666666672 0.15500000000000005 0.16166666666666671 0.14166666666666669 449.45000000000005 429.95000000000005 0.17500000000000002 1137.5000000000002 1161.5000000000002 296.25000000000006 0.17500000000000002 257.05000000000007 0.17166666666666672
decision_type=2 2 2 2 2 2 2 2 2 2 2 2 2 2 2 2 2 2 2 2 2 2 2 2 2 2
left_child=1 2 6 4 12 -6 10 8 -5 13 -1 -9 -3 14 16 -16 -2 18 25 -20 23 -22 24 -19 -15 -11
right_child=9 3 -4 7 5 -7 -8 11 -10 17 -12 -13 -14 22 15 -17 -18 20 19 -21 21 -23 -24 -25 -26 -27
leaf_value=0.0075110957207142398 -0.0048243014164822944 -0.00034692406787435254 0.029939604871251583 0.026661635864635873 0.014612738885412223 -0.0016454039117454169 -0.010796985996287631 -0.0032495786188258993 0.0030356907396320411 -0.010040097661289634 0.0044756750209742355 0.0087556910783375876 -0.010067344317636024 -0.010043535871857528 0.009027566193567288 -0.0053267928389283672 -0.010052950704196886 -0.010040147766862682 -0.0042355403473422672 0.043376456838140759 0.01552215210014251 -0.0088816408171161019 -0.010071866021326937 -0.010036430348561949 -0.010048414823341826 -0.010036930261260121
leaf_weight=27.726224526297301 7.6267970774788463 1.0272661233320892 0.49331247434019942 0.81252375990152248 2.0239632194861796 14.208581746788694 0.76644354499876399 1.457598483655602 0.75176480785012245 5.7191328264307213 44.271625026594847 1.0575741492211816 3.8833502428606153 2.0418266290798783 2.0949985119514158 4.2221366453450173 4.0652070534415543 14.312276376876985 1.7082982533611355 0.18697243183851231 0.39095919439569016 8.6083484168630076 0.13771306769922365 2.2073880524840197 0.59789511607959855 1.0837622373364864
leaf_count=806 1384 135 19 41 235 1791 24 139 30 1445 2645 84 611 481 336 728 795 3613 199 18 71 2024 22 618 127 299
internal_value=-3.05972e-05 0.00414406 0.00563619 -0.000189753 -0.00157283 0.000381751 0.00547143 0.00697851 0.0153075 -0.00750502 0.00564461 0.00179837 -0.0080339 -0.00525056 -0.00451099 -0.00056635 -0.00664226 -0.00887459 -0.00775148 0.000461483 -0.0092574 -0.00782146 -0.010046 -0.0100397 -0.0100446 -0.0100396
internal_weight=153.484 98.4802 73.2576 25.2226 21.1432 16.2325 72.7643 4.07946 1.56429 55.0037 71.9978 2.51517 4.91062 20.7866 18.0091 6.31714 11.692 34.2171 8.69817 1.89527 25.519 8.99931 2.77743 16.5197 2.63972 6.8029
internal_count=18720 6560 3494 3066 2772 2026 3475 294 71 12160 3451 223 746 3873 3243 1064 2179 8287 1961 217 6326 2095 630 4231 608 1744
is_linear=0
shrinkage=0.01


Tree=102
num_leaves=27
num_cat=0
split_feature=7 7 1 7 1 1 1 7 1 7 7 1 1 1 1 7 1 7 7 1 7 7 7 1 7 1
split_gain=47.1031 6.18629 2.77114 2.43834 2.64103 4.52934 2.00834 1.70087 1.68549 2.04607 1.5184 0.859613 0.766196 0.736928 1.50121 2.86032 0.725922 0.14793 1.62975 3.60092 0.288635 2.18558 9.41381e-07 2.56499e-07 1.06813e-07 8.869e-08
threshold=140.25000000000003 62.850000000000001 0.18833333333333335 130.75000000000003 0.13833333333333339 0.14166666666666669 0.18500000000000003 304.55000000000007 0.13833333333333339 135.55000000000004 25.750000000000004 0.16500000000000004 0.12833333333333338 0.17166666666666672 0.15500000000000005 272.95000000000005 0.14166666666666669 449.45000000000005 429.95000000000005 0.17500000000000002 1137.5000000000002 1161.5000000000002 296.25000000000006 0.17500000000000002 257.05000000000007 0.17166666666666672
decision_type=2 2 2 2 2 2 2 2 2 2 2 2 2 2 2 2 2 2 2 2 2 2 2 2 2 2
left_child=1 2 6 4 12 -6 10 13 9 -5 -1 -10 -3 14 16 -16 -2 18 25 -20 23 -22 24 -19 -15 -9
right_child=7 3 -4 8 5 -7 -8 17 11 -11 -12 -13 -14 22 15 -17 -18 20 19 -21 21 -23 -24 -25 -26 -27
leaf_value=0.006820657800202923 -0.0047989554588864971 -0.00034357234720319355 0.028857548388658023 0.025732369170843605 0.014259507695675355 -0.0016315973914928263 -0.010788811807614703 -0.010039697179364638 -0.0032273777569469739 0.002996653836816395 0.0038962614432772979 0.0085945102206356552 -0.010066669980112793 -0.010043100944260995 -0.0040384879422967765 0.012467116828571911 -0.01005242124411395 -0.010039747091911369 -0.0042107561603894356 0.041149591010753418 0.015131700638222069 -0.0088709838205999099 -0.010071147103592889 -0.010036066540043362 -0.010047930754208297 -0.010036561616705362
leaf_weight=41.145365267526358 7.5905897312331998 1.0269155623391331 0.50662307348102231 0.83334016706794389 2.0532095176167813 14.185641940683125 0.75938936695456405 5.6624512705020589 1.4529722752049568 0.75393148139119148 31.231463529169559 1.0665878620930014 3.8449664660729468 2.0215972319711 4.9836071731988332 1.3301286250352857 4.0249684448353946 14.170429808320483 1.7012052577920256 0.19507735967636097 0.39700593333691259 8.5328812641091627 0.13635248458012927 2.1855030013248316 0.59197432780638326 1.0730178484227506
leaf_count=1422 1384 135 19 41 235 1791 24 1445 139 30 2029 84 611 481 898 166 795 3613 199 18 71 2024 22 618 127 299
internal_value=-3.05851e-05 0.00408663 0.00555046 -0.000188191 -0.0015597 0.000377644 0.00538901 -0.00748577 0.00686188 0.0149332 0.00555875 0.0017771 -0.0080172 -0.00522531 -0.00448601 -0.000561216 -0.00661936 -0.00886395 -0.00773362 0.000455625 -0.00924981 -0.00780387 -0.0100455 -0.0100393 -0.0100442 -0.0100392
internal_weight=153.457 98.8604 73.6428 25.2176 21.1107 16.2389 73.1362 54.5968 4.10683 1.58727 72.3768 2.51956 4.87188 20.6792 17.9293 6.31374 11.6156 33.9176 8.63175 1.89628 25.2858 8.92989 2.74992 16.3559 2.61357 6.73547
internal_count=18720 6560 3494 3066 2772 2026 3475 12160 294 71 3451 223 746 3873 3243 1064 2179 8287 1961 217 6326 2095 630 4231 608 1744
is_linear=0
shrinkage=0.01


Tree=103
num_leaves=19
num_cat=0
split_feature=0 0 1 0 1 0 0 0 0 1 0 1 1 1 1 0 1 1
split_gain=1.47687 1.16547 3.12351 1.76331 1.67526 4.0287 3.79211 1.00775 2.75367 1.89809 0.0433606 3.15163e-05 9.78605e-06 4.76661e-06 2.75423e-06 1.00823e-06 2.41142e-07 1.7251e-08
threshold=15.820000000000002 82.076666666666668 0.13833333333333339 71.163333333333341 0.1483333333333334 44.245000000000005 58.098333333333343 76.315000000000012 79.265000000000015 0.14166666666666669 84.558333333333351 0.15833333333333341 0.14500000000000005 0.13500000000000004 0.15500000000000005 13.535000000000002 0.16833333333333336 0.17166666666666672
decision_type=2 2 2 2 2 2 2 2 2 2 2 2 2 2 2 2 2 2
left_child=11 3 13 4 5 -2 -6 9 -9 -5 -4 12 -1 -3 -14 16 -13 -18
right_child=1 2 10 7 6 -7 -8 8 -10 -11 -12 15 14 -15 -16 -17 17 -19
leaf_value=-0.010200438526256014 0.0068564986748268358 -0.010049415016540181 0.024240089443075759 -0.0085583155595681786 -0.0016788460694365946 0.00031421590243812538 0.0040627666701153111 0.0057272039808051456 -0.010236720186118499 0.0017887007272607317 0.029929417552351248 -0.010056040547427965 -0.0100952173817153 -0.010121976720936272 -0.010143731858183704 -0.010075964076479654 -0.010043418813024785 -0.010037071730825738
leaf_weight=0.28627025033347198 11.680771806044502 0.13966743042692442 0.2901119994930923 6.0549966229591501 63.518775081261992 48.471683064941317 14.046925991307942 3.1234955964609972 1.6520044987555591 2.5069370975252241 0.24887967389076948 0.22826848132535815 0.17339831101708114 0.25732417544350028 0.35990125616081059 0.22000941168516874 0.088490772293880582 0.082974530290812254
leaf_count=30 1266 30 30 780 8274 5772 1476 318 186 288 18 54 30 36 42 42 24 24
internal_value=-3.05671e-05 6.49065e-05 0.0111893 -4.02313e-06 0.000332207 0.00158464 -0.000639056 -0.00347583 0.000204751 -0.00552871 0.0268671 -0.0101126 -0.0101533 -0.0100964 -0.010128 -0.0100588 -0.0100493 -0.0100403
internal_weight=153.431 151.992 0.935983 151.056 137.718 60.1525 77.5657 13.3374 4.7755 8.56193 0.538992 1.43931 0.81957 0.396992 0.5333 0.619743 0.399734 0.171465
internal_count=18720 18474 114 18360 16788 7038 9750 1572 504 1068 48 246 102 66 72 144 102 48
is_linear=0
shrinkage=0.01


Tree=104
num_leaves=19
num_cat=0
split_feature=0 0 1 0 0 0 1 1 0 0 0 1 1 1 1 0 1 1
split_gain=1.46195 1.12961 2.98063 1.74227 1.7189 2.71024 1.57502 1.53238 4.07246 3.45095 0.0393377 3.05852e-05 9.49843e-06 4.62644e-06 2.67239e-06 9.78478e-07 2.34071e-07 1.67385e-08
threshold=15.820000000000002 82.076666666666668 0.13833333333333339 72.968333333333348 76.315000000000012 79.265000000000015 0.13166666666666668 0.1483333333333334 44.245000000000005 58.098333333333343 84.558333333333351 0.15833333333333341 0.14500000000000005 0.13500000000000004 0.15500000000000005 13.535000000000002 0.16833333333333336 0.17166666666666672
decision_type=2 2 2 2 2 2 2 2 2 2 2 2 2 2 2 2 2 2
left_child=11 3 13 7 6 -6 -5 8 -2 -9 -4 12 -1 -3 -14 16 -13 -18
right_child=1 2 10 4 5 -7 -8 9 -10 -11 -12 15 14 -15 -16 -17 17 -19
leaf_value=-0.010198438388802373 0.0067436657472723094 -0.010048921205361239 0.023445558348354857 0.0075386604133741535 0.0056391093261770895 -0.010234444741017742 -0.010191167614266288 -0.0016647678318584375 0.00022400438504704742 0.0037665121410575255 0.028794529774016253 -0.01005548294560011 -0.010094268221219069 -0.010120763752474327 -0.010142293390729274 -0.010075207367293478 -0.010042984998374358 -0.01003670169175259
leaf_weight=0.28347711847163626 11.757061485899611 0.13828447833657165 0.29690897185355425 0.56490126624703219 3.1404822394251823 1.6359286124352364 4.4325951186474413 63.415886421920732 51.762800190132111 14.344896986614911 0.25606478657573462 0.22600964875891805 0.1716890293173492 0.25479414197616279 0.3563704623375088 0.21783655812032521 0.087614036398008466 0.08215193310752511
leaf_count=30 1266 30 30 78 318 186 594 8274 6144 1500 18 54 30 36 42 42 24 24
internal_value=-3.03334e-05 6.41866e-05 0.0109573 -4.0365e-06 -0.00408721 0.000202391 -0.00818704 0.000278441 0.00143075 -0.000662834 0.0259225 -0.0101115 -0.0101517 -0.0100955 -0.0101267 -0.0100582 -0.0100488 -0.0100399
internal_weight=153.426 152.001 0.946052 151.055 9.77391 4.77641 4.9975 141.281 63.5199 77.7608 0.552974 1.42515 0.811537 0.393079 0.528059 0.613612 0.395776 0.169766
internal_count=18720 18474 114 18360 1176 504 672 17184 7410 9774 48 246 102 66 72 144 102 48
is_linear=0
shrinkage=0.01


Tree=105
num_leaves=19
num_cat=0
split_feature=0 0 1 0 0 0 1 1 0 0 0 1 1 1 1 0 1 1
split_gain=1.44717 1.09514 2.84759 1.71413 1.70442 2.66772 1.56002 1.50037 3.95945 3.37753 0.0357948 2.96817e-05 9.21921e-06 4.49032e-06 2.59299e-06 9.49631e-07 2.27164e-07 1.62467e-08
threshold=15.820000000000002 82.076666666666668 0.13833333333333339 72.968333333333348 76.315000000000012 79.265000000000015 0.13166666666666668 0.1483333333333334 44.245000000000005 58.098333333333343 84.558333333333351 0.15833333333333341 0.14500000000000005 0.13500000000000004 0.15500000000000005 13.535000000000002 0.16833333333333336 0.17166666666666672
decision_type=2 2 2 2 2 2 2 2 2 2 2 2 2 2 2 2 2 2
left_child=11 3 13 7 6 -6 -5 8 -2 -9 -4 12 -1 -3 -14 16 -13 -18
right_child=1 2 10 4 5 -7 -8 9 -10 -11 -12 15 14 -15 -16 -17 17 -19
leaf_value=-0.010196458173482472 0.0066334175311852451 -0.01004843263204613 0.022694913351875286 0.0074087318904888797 0.0055528429812501355 -0.010232190211809681 -0.010189303802061865 -0.0016507852455591959 0.00022171638484753107 0.0037152393770932537 0.027733845884316079 -0.010054930009823835 -0.010093328529361279 -0.01011956255674586 -0.010140869499200513 -0.010074458361668382 -0.010042556613598669 -0.010036335394884757
leaf_weight=0.2807107048574824 11.832557006273417 0.13691515009850164 0.30362751148641109 0.56903894222341289 3.1572931259870529 1.6200059230905024 4.3892887374386191 63.314019226236269 51.773933490505442 14.397172906901686 0.26316273352131248 0.22377305501140654 0.16999644041061401 0.25228869076818228 0.35287380474619567 0.21568500157445669 0.086745945271104574 0.081337461713701487
leaf_count=30 1266 30 30 78 318 186 594 8274 6144 1500 18 54 30 36 42 42 24 24
internal_value=-3.01012e-05 6.34751e-05 0.0107328 -4.04943e-06 -0.00406262 0.00020006 -0.00816968 0.000275553 0.00141447 -0.000656648 0.0250345 -0.0101104 -0.0101502 -0.0100945 -0.0101254 -0.0100576 -0.0100483 -0.0100395
internal_weight=153.42 152.009 0.955994 151.053 9.73563 4.7773 4.95833 141.318 63.6065 77.7112 0.56679 1.41112 0.803581 0.389204 0.52287 0.607541 0.391856 0.168083
internal_count=18720 18474 114 18360 1176 504 672 17184 7410 9774 48 246 102 66 72 144 102 48
is_linear=0
shrinkage=0.01


Tree=106
num_leaves=22
num_cat=0
split_feature=0 1 0 0 0 0 0 1 1 0 1 0 0 0 0 1 1 1 0 1 1
split_gain=1.43255 1.07453 2.58773 3.57725 1.54619 1.25028 1.86781 1.90022 1.39886 1.29167 3.4095 1.09744 0.445217 3.23665 0.000145843 2.88049e-05 8.94819e-06 2.51595e-06 9.21611e-07 2.20477e-07 1.57672e-08
threshold=15.820000000000002 0.17500000000000002 44.245000000000005 44.360000000000007 51.840000000000011 71.163333333333341 76.315000000000012 0.14166666666666669 0.14500000000000005 68.860000000000014 0.13500000000000004 68.421666666666681 34.831666666666678 35.033333333333339 32.705000000000005 0.15833333333333341 0.14500000000000005 0.15500000000000005 13.535000000000002 0.16833333333333336 0.17166666666666672
decision_type=2 2 2 2 2 2 2 2 2 2 2 2 2 2 2 2 2 2 2 2 2
left_child=15 5 12 -4 -5 9 7 -7 -8 11 -11 -2 14 -14 -3 16 -1 -18 19 -17 -21
right_child=1 2 3 4 -6 6 8 -9 -10 10 -12 -13 13 -15 -16 18 17 -19 -20 20 -22
leaf_value=-0.010194497958245324 0.00051485662918829918 -0.010090786489442335 0.045107985698766298 0.0038611510713494617 -0.0047524396191983989 -0.008526644519242059 0.0039514585859303022 0.0018793332715371844 -0.010130501429621765 -0.0055116517293928051 0.0099272532184323664 -0.010122757514738413 0.030383848793874017 -0.0073504341902649855 -0.010246607361990314 -0.010054383082259585 -0.010092398435317373 -0.010139460048938755 -0.010073716746468666 -0.010042132228869533 -0.010035972899288566
leaf_weight=0.27797075663693138 114.97208490967751 2.0059896488673981 0.18112140474840899 4.8986878052819502 3.626929986756295 5.9536661186721158 4.9204965240787706 2.4882606968749315 0.82347928080707777 2.1043424855452022 4.4663562446366996 0.97807497181929548 0.24311141576617989 3.497799905249849 0.85741013661026944 0.22155846771784127 0.16832038108259439 0.34941097465343773 0.21355454088188708 0.085886420914903283 0.080531033221632242
leaf_count=30 13650 438 24 588 486 780 516 288 102 228 444 138 18 612 162 54 30 42 42 24 24
internal_value=-2.98697e-05 6.27723e-05 -0.00244943 0.00113106 0.000196796 0.000344138 -0.00246637 -0.00545948 0.00193261 0.000669548 0.00498276 0.000425125 -0.00716975 -0.00489819 -0.0101374 -0.0101093 -0.0101487 -0.0101242 -0.010057 -0.0100478 -0.0100392
internal_weight=153.415 152.018 15.3111 8.70674 8.52562 136.707 14.1859 8.44193 5.74398 122.521 6.5707 115.95 6.60431 3.74091 2.8634 1.39723 0.795702 0.517731 0.60153 0.387976 0.166417
internal_count=18720 18474 2328 1098 1074 16146 1686 1068 618 14460 672 13788 1230 630 600 246 102 72 144 102 48
is_linear=0
shrinkage=0.01


Tree=107
num_leaves=19
num_cat=0
split_feature=0 0 1 0 1 0 0 0 1 0 1 1 0 1 1 0 1 1
split_gain=1.41808 1.05579 2.72651 1.69663 1.09448 2.55754 1.02404 0.0343808 0.00013675 0.000146983 2.79541e-05 8.68521e-06 6.43412e-06 4.40928e-06 2.44119e-06 8.94436e-07 2.13977e-07 1.53005e-08
threshold=15.820000000000002 82.076666666666668 0.13833333333333339 79.265000000000015 0.17500000000000002 44.245000000000005 71.163333333333341 84.558333333333351 0.13833333333333339 80.983333333333363 0.15833333333333341 0.14500000000000005 79.815000000000012 0.13500000000000004 0.15500000000000005 13.535000000000002 0.16833333333333336 0.17166666666666672
decision_type=2 2 2 2 2 2 2 2 2 2 2 2 2 2 2 2 2 2
left_child=10 3 13 4 6 -6 -2 -4 9 -5 11 -1 -10 -3 -13 16 -12 -18
right_child=1 2 7 8 5 -7 -8 -9 12 -11 15 14 -14 -15 -16 -17 17 -19
leaf_value=-0.010192557643189999 0.00066239962774968669 -0.010048138055984571 0.021905676770521545 -0.010378643789746563 -0.0071486322051766303 0.0011182582455950547 -0.0024487062477091203 0.026783632336678923 -0.010091110199845779 -0.010063576835760294 -0.010053841200395749 -0.010091477653987289 -0.01015227554630716 -0.010118836211039157 -0.010138064688354667 -0.010072982542104997 -0.010041711889577922 -0.010035614112448884
leaf_weight=0.27525703515857347 122.59998814156279 0.13609089585952361 0.31101964181289077 0.70895793428644427 6.5580445993691674 8.7160494425334019 11.579302057391031 0.269860181491822 0.29329937160946429 0.1871569964569062 0.21936568524688482 0.16666069719940424 0.41577639407478273 0.25077355373650789 0.34598165354691446 0.21144497161731124 0.085035377182066441 0.079732574056833982
leaf_count=30 14460 30 30 66 1230 1098 1386 18 42 36 54 30 42 36 42 42 24 24
internal_value=-2.96536e-05 6.20634e-05 0.0104738 -4.63834e-06 0.000105194 -0.00243119 0.00039392 0.0241718 -0.0102307 -0.0103128 -0.0101082 -0.0101472 -0.010127 -0.010094 -0.0101229 -0.0100565 -0.0100474 -0.0100388
internal_weight=153.41 152.026 0.967744 151.059 149.453 15.2741 134.179 0.58088 1.60519 0.896115 1.38348 0.787899 0.709076 0.386864 0.512642 0.595579 0.384134 0.164768
internal_count=18720 18474 114 18360 18174 2328 15846 48 186 102 246 102 84 66 72 144 102 48
is_linear=0
shrinkage=0.01


Tree=108
num_leaves=22
num_cat=0
split_feature=0 1 0 0 0 0 0 1 1 0 1 0 0 0 0 1 1 1 0 1 1
split_gain=1.40376 1.03663 2.5273 3.34495 1.51493 1.20465 1.84535 1.88876 1.3817 1.27184 1.59979 0.865055 0.44904 3.14339 0.000139142 2.71282e-05 8.42988e-06 2.36869e-06 8.68071e-07 2.07677e-07 1.48506e-08
threshold=15.820000000000002 0.17500000000000002 44.245000000000005 44.360000000000007 51.840000000000011 71.163333333333341 76.315000000000012 0.14166666666666669 0.14500000000000005 70.396666666666675 0.12833333333333338 42.176666666666677 34.831666666666678 35.033333333333339 32.705000000000005 0.15833333333333341 0.14500000000000005 0.15500000000000005 13.535000000000002 0.16833333333333336 0.17166666666666672
decision_type=2 2 2 2 2 2 2 2 2 2 2 2 2 2 2 2 2 2 2 2 2
left_child=15 5 12 -4 -5 9 7 -7 -8 11 -11 -2 14 -14 -3 16 -1 -18 19 -17 -21
right_child=1 2 3 4 -6 6 8 -9 -10 10 -12 -13 13 -15 -16 18 17 -19 -20 20 -22
leaf_value=-0.01019063630281814 0.001894978488069615 -0.010089287460692396 0.042659963852500135 0.0037937719593702074 -0.004732485402344098 -0.0085066793099671887 0.0039324748122684288 0.0018860619451482568 -0.010129784093143272 0.033203977413413063 0.0052920440873545603 -2.5716200536898053e-06 0.029547919161759167 -0.0073075767499224198 -0.010242762988504071 -0.010053304992050429 -0.010090565697979639 -0.010136683296207276 -0.010072255907393584 -0.010041295968926507 -0.010035258524703203
leaf_weight=0.2725693022366602 33.134020956233144 1.972300247754901 0.18950723670422931 4.9212466657627356 3.6144188472535461 5.8912284567486477 4.9268497740849844 2.4868931798264384 0.81419036583974946 0.22982057323679272 1.928051045630127 87.38641650066711 0.24805807415396008 3.4493947129230946 0.84329080628231157 0.21719448547810316 0.16501723160035908 0.34258552361279726 0.20935608842410147 0.084192731417715549 0.078942003659904003
leaf_count=30 4038 438 24 588 486 780 516 288 102 12 186 10224 18 612 162 54 30 42 42 24 24
internal_value=-2.93942e-05 6.14068e-05 -0.00241266 0.00110591 0.000183337 0.000336999 -0.00242913 -0.00542178 0.00193817 0.000655355 0.00826476 0.000519111 -0.00712629 -0.00483498 -0.0101353 -0.0101071 -0.0101458 -0.0101217 -0.0100559 -0.0100469 -0.0100384
internal_weight=153.406 152.036 15.2382 8.72517 8.53567 136.797 14.1192 8.37812 5.74104 122.678 2.15787 120.52 6.51304 3.69745 2.81559 1.36986 0.780172 0.507603 0.589685 0.380329 0.163135
internal_count=18720 18474 2328 1098 1074 16146 1686 1068 618 14460 198 14262 1230 630 600 246 102 72 144 102 48
is_linear=0
shrinkage=0.01


Tree=109
num_leaves=27
num_cat=0
split_feature=7 7 1 7 1 1 1 7 1 7 7 1 1 1 1 1 1 7 7 1 7 7 7 1 1 7
split_gain=46.2373 5.97436 2.65678 2.37921 2.62268 4.3779 1.95371 1.7017 1.62582 1.8839 1.47397 0.845655 0.758017 0.728581 1.49785 2.8182 0.726086 0.148724 1.62648 3.50131 0.291603 2.15179 8.90903e-07 3.15777e-07 1.06059e-07 9.85657e-08
threshold=140.25000000000003 62.850000000000001 0.18833333333333335 130.75000000000003 0.13833333333333339 0.14166666666666669 0.18500000000000003 304.55000000000007 0.13833333333333339 135.55000000000004 16.550000000000004 0.16500000000000004 0.12833333333333338 0.17166666666666672 0.15500000000000005 0.16166666666666671 0.14166666666666669 449.45000000000005 429.95000000000005 0.17500000000000002 1137.5000000000002 1161.5000000000002 296.25000000000006 0.17500000000000002 0.17500000000000002 257.05000000000007
decision_type=2 2 2 2 2 2 2 2 2 2 2 2 2 2 2 2 2 2 2 2 2 2 2 2 2 2
left_child=1 2 6 4 12 -6 10 13 9 -5 -1 -10 -3 14 16 -16 -2 18 24 -20 23 -22 25 -19 -9 -15
right_child=7 3 -4 8 5 -7 -8 17 11 -11 -12 -13 -14 22 15 -17 -18 20 19 -21 21 -23 -24 -25 -26 -27
leaf_value=0.0072566768536460125 -0.0047837633726827049 -0.00041038008924968209 0.028046656036746782 0.024757983561520241 0.013924878183366534 -0.001607525772015341 -0.010777741725412118 -0.010039276183933441 -0.0032221493938733871 0.0030556514748467482 0.0043340666438084728 0.0084860134836830248 -0.010066198198269118 -0.010042369711766782 0.0088744184317746562 -0.0052918569208061303 -0.010052143512117202 -0.010039449085285925 -0.0041945277290900609 0.040147539879034022 0.014828668201860533 -0.0088569995328508615 -0.010069928668703255 -0.010035318640913475 -0.01003514013931592 -0.010047058412753905
leaf_weight=28.109096523374319 7.5685417160857522 1.0339341810904503 0.51695947535335918 0.85630169603973516 2.0816756738349822 14.145580994663758 0.7483731359243383 5.9706145282834751 1.4518081885762515 0.75059902481734753 44.694433629512787 1.0727216461673377 3.8051261166110635 1.9826692880596963 2.1118626939132801 4.1914370087906718 3.9977556308731437 14.041774408426141 1.6965370620600877 0.19895626790821541 0.40182758122682471 8.4349915396887791 0.13348734914325167 2.1319395280443123 0.69181833183392871 0.57937065628357221
leaf_count=806 1384 135 19 41 235 1791 24 1543 139 30 2645 84 611 481 336 728 795 3613 199 18 71 2024 22 618 201 127
internal_value=-2.91745e-05 0.00402512 0.00545601 -0.000180997 -0.00154179 0.000385012 0.00529723 -0.00746367 0.00675772 0.0146206 0.00546247 0.00175288 -0.0080031 -0.00519846 -0.00446742 -0.000545576 -0.00660472 -0.00885141 -0.00771352 0.000459739 -0.00924077 -0.00777997 -0.0100447 -0.0100389 -0.0100388 -0.0100434
internal_weight=153.4 99.2666 74.0689 25.1977 21.0663 16.2273 73.5519 54.1336 4.13143 1.6069 72.8035 2.52453 4.83906 20.5651 17.8696 6.3033 11.5663 33.5685 8.55793 1.89549 25.0105 8.83682 2.69553 16.1737 6.66243 2.56204
internal_count=18720 6560 3494 3066 2772 2026 3475 12160 294 71 3451 223 746 3873 3243 1064 2179 8287 1961 217 6326 2095 630 4231 1744 608
is_linear=0
shrinkage=0.01


Tree=110
num_leaves=19
num_cat=0
split_feature=0 0 1 0 1 0 0 0 1 0 1 1 0 1 1 0 1 1
split_gain=1.38883 1.02181 2.60699 1.68275 1.04881 2.48977 0.986899 0.031471 0.000139666 0.000147813 2.68305e-05 8.36186e-06 6.41211e-06 4.41505e-06 2.34481e-06 8.79834e-07 2.09851e-07 1.50468e-08
threshold=15.820000000000002 82.076666666666668 0.13833333333333339 79.265000000000015 0.17500000000000002 44.245000000000005 71.163333333333341 84.558333333333351 0.13833333333333339 80.983333333333363 0.15833333333333341 0.14500000000000005 79.815000000000012 0.13500000000000004 0.15500000000000005 13.535000000000002 0.16833333333333336 0.17166666666666672
decision_type=2 2 2 2 2 2 2 2 2 2 2 2 2 2 2 2 2 2
left_child=10 3 13 4 6 -6 -2 -4 9 -5 11 -1 -10 -3 -13 16 -12 -18
right_child=1 2 7 8 5 -7 -8 -9 12 -11 15 14 -14 -15 -16 -17 17 -19
leaf_value=-0.010190274736427828 0.00064806609195100149 -0.010047580954292694 0.021204473511655966 -0.010380659847161269 -0.0070988322845514764 0.0010932173126812338 -0.0024126368843827312 0.025815430819334996 -0.010089883883767935 -0.010063237238377671 -0.010052874290069706 -0.010090164124362824 -0.010151335707063263 -0.010118715584428877 -0.010136284402919653 -0.01007208515121627 -0.010040706887493254 -0.01003457378920432
leaf_weight=0.27056738687679061 122.74119146959856 0.13437709142453869 0.31786561431363225 0.70596655760891625 6.4510264545679084 8.7315060796681774 11.524005503160877 0.2770284959115088 0.2887020823545754 0.18518436513841152 0.21420720033347607 0.16307599609717727 0.41227064142003655 0.24879577802494168 0.34021294023841619 0.20715533755719662 0.082762379664927721 0.07742470852099359
leaf_count=30 14460 30 30 66 1230 1098 1386 18 42 36 54 30 42 36 42 42 24 24
internal_value=-2.91639e-05 6.06899e-05 0.0102489 -5.28456e-06 0.000103661 -0.00238757 0.000385365 0.0233517 -0.0102316 -0.0103147 -0.0101069 -0.0101454 -0.010126 -0.0100938 -0.0101213 -0.0100555 -0.0100464 -0.0100377
internal_weight=153.373 152.018 0.978067 151.04 149.448 15.1825 134.265 0.594894 1.59212 0.891151 1.35541 0.773856 0.700973 0.383173 0.503289 0.58155 0.374394 0.160187
internal_count=18720 18474 114 18360 18174 2328 15846 48 186 102 246 102 84 66 72 144 102 48
is_linear=0
shrinkage=0.01


Tree=111
num_leaves=27
num_cat=0
split_feature=7 7 1 1 7 7 7 7 7 7 1 1 7 1 1 7 1 7 7 1 7 7 7 1 1 7
split_gain=45.4669 5.80872 2.99855 1.75074 1.71416 1.70353 1.44218 2.94922 1.27503 1.2085 0.784421 1.45646 1.1295 0.726855 1.48349 2.78348 0.72714 0.14951 1.622 3.32757 0.29381 2.11331 8.63985e-07 3.21992e-07 1.07401e-07 9.41182e-08
threshold=140.25000000000003 46.350000000000001 0.18833333333333335 0.18500000000000003 133.35000000000005 304.55000000000007 81.750000000000014 80.15000000000002 1.0000000180025095e-35 88.40000000000002 0.14500000000000005 0.16500000000000004 138.05000000000004 0.17166666666666672 0.15500000000000005 272.95000000000005 0.14166666666666669 449.45000000000005 429.95000000000005 0.17500000000000002 1137.5000000000002 1161.5000000000002 296.25000000000006 0.17500000000000002 0.17500000000000002 257.05000000000007
decision_type=2 2 2 2 2 2 2 2 2 2 2 2 2 2 2 2 2 2 2 2 2 2 2 2 2 2
left_child=1 2 3 8 6 13 7 -3 -1 -8 12 -12 -6 14 16 -16 -2 18 24 -20 23 -22 25 -19 -7 -15
right_child=5 4 -4 -5 10 17 9 -9 -10 -11 11 -13 -14 22 15 -17 -18 20 19 -21 21 -23 -24 -25 -26 -27
leaf_value=-0.010042800067940314 -0.0047585529850580179 0.00085685818848847586 0.030517729108080611 -0.010871660632269771 0.0063845311021484509 -0.010038900023187136 -0.010064594092629888 0.018047088776573572 0.0058574682648665048 -0.0012800969870905923 -0.010101164210557668 0.009660083367277127 0.023204324468067625 -0.010041907655832747 -0.0040069268175110407 0.012211855426663433 -0.010051655774698061 -0.010039073313489022 -0.0041711657933415592 0.038382831287843144 0.014471561840575622 -0.0088454893098053201 -0.010069195327991895 -0.010034875633512481 -0.010034711660902062 -0.010046516848464793
leaf_weight=0.50840601045638223 7.5330311581492477 16.391628206707544 0.48517962079495092 0.64164918381720681 1.2004549950361245 5.912927888799457 1.790487105725332 1.0627363640815009 62.86836568498984 12.494773389771579 0.59171661548316468 1.0088666523806749 0.598203427158296 1.9602071088738737 4.9578012037090948 1.3452930068597195 3.9595454004593194 13.906387016642844 1.6899316590279339 0.20617721695452917 0.40766321215778489 8.3565415269695205 0.13195935101248313 2.1038222168572238 0.68295203265734006 0.57238314487040032
leaf_count=120 1384 1652 16 14 56 1543 297 74 2524 1641 60 75 31 481 898 166 795 3613 199 18 71 2024 22 618 201 127
internal_value=-2.89084e-05 0.00396917 0.00575122 0.00556352 0.000697903 -0.00744383 -2.49042e-05 0.00190351 0.00572992 -0.00238113 0.00744694 0.00235458 0.0119785 -0.00517329 -0.00444397 -0.000545291 -0.00658219 -0.0088403 -0.00769523 0.000456029 -0.00923279 -0.00776091 -0.0100442 -0.0100385 -0.0100385 -0.0100429
internal_weight=153.369 99.6425 64.5036 64.0184 35.1389 53.7266 31.7396 17.4544 63.3768 14.2853 3.39924 1.60058 1.79866 20.4602 17.7957 6.30309 11.4926 33.2664 8.49199 1.89611 24.7744 8.7642 2.66455 16.0102 6.59588 2.53259
internal_count=18720 6560 2674 2658 3886 12160 3664 1726 2644 1938 222 135 87 3873 3243 1064 2179 8287 1961 217 6326 2095 630 4231 1744 608
is_linear=0
shrinkage=0.01


Tree=112
num_leaves=19
num_cat=0
split_feature=0 0 1 0 1 0 0 0 1 0 1 1 0 1 1 0 1 1
split_gain=1.37381 0.994281 2.49686 1.6669 1.02339 2.45182 0.98385 0.0282746 0.000138743 0.000145991 2.64543e-05 8.19985e-06 6.33864e-06 4.39605e-06 2.30422e-06 8.92416e-07 2.11304e-07 1.5292e-08
threshold=15.820000000000002 82.076666666666668 0.13833333333333339 79.265000000000015 0.17500000000000002 44.245000000000005 42.176666666666677 84.558333333333351 0.13833333333333339 80.983333333333363 0.15833333333333341 0.14500000000000005 79.815000000000012 0.13500000000000004 0.15500000000000005 13.535000000000002 0.16833333333333336 0.17166666666666672
decision_type=2 2 2 2 2 2 2 2 2 2 2 2 2 2 2 2 2 2
left_child=10 3 13 4 6 -6 -2 -4 9 -5 11 -1 -10 -3 -13 16 -12 -18
right_child=1 2 7 8 5 -7 -8 -9 12 -11 15 14 -14 -15 -16 -17 17 -19
leaf_value=-0.010189558066244967 0.0018745141554452039 -0.010046911665549664 0.020601466153681081 -0.010380141954781309 -0.0070701381115438749 0.0010796404412571701 -0.00010991883125591241 0.024923922602384393 -0.010089379908486032 -0.010062759825533816 -0.010052438583966141 -0.010089916271625889 -0.010150785012231028 -0.010118379137299316 -0.010135861827265278 -0.010071934049557665 -0.010040141763984656 -0.010033902478629403
leaf_weight=0.2683770500589151 33.181054147193208 0.13230306538753112 0.32399914180859923 0.70033840043470152 6.391254474874585 8.7387485650833678 101.12763770669699 0.28396981954574585 0.28552068257704377 0.18275034124962986 0.21123349107801914 0.16128191282041371 0.40879653277806938 0.24629352311603725 0.33771226205863059 0.20495717809535563 0.081379840383306146 0.075936866924166679
leaf_count=30 4038 30 30 66 1230 1098 11808 18 42 36 54 30 42 36 42 42 24 24
internal_value=-2.88846e-05 6.00149e-05 0.0100664 -5.35531e-06 0.000102585 -0.00236301 0.000380337 0.0226204 -0.0102313 -0.0103145 -0.0101066 -0.010145 -0.0101255 -0.0100934 -0.010121 -0.0100552 -0.0100459 -0.0100371
internal_weight=153.344 152.003 0.986566 151.016 149.439 15.13 134.309 0.607969 1.57741 0.883089 1.34088 0.767371 0.694317 0.378597 0.498994 0.573507 0.36855 0.157317
internal_count=18720 18474 114 18360 18174 2328 15846 48 186 102 246 102 84 66 72 144 102 48
is_linear=0
shrinkage=0.01


Tree=113
num_leaves=27
num_cat=0
split_feature=7 7 1 7 1 1 1 7 1 7 7 1 1 1 1 1 1 7 7 1 7 7 7 1 1 7
split_gain=44.712 5.6628 2.38917 2.27445 2.59062 4.24709 1.8745 1.70524 1.53187 1.80672 1.40997 0.806871 0.75655 0.725216 1.469 2.75326 0.728214 0.150303 1.61751 3.16808 0.296006 2.07634 8.39873e-07 3.27567e-07 1.08478e-07 8.99807e-08
threshold=140.25000000000003 62.850000000000001 0.18833333333333335 130.75000000000003 0.13833333333333339 0.14166666666666669 0.18500000000000003 304.55000000000007 0.13833333333333339 135.55000000000004 17.750000000000004 0.16500000000000004 0.12833333333333338 0.17166666666666672 0.15500000000000005 0.16166666666666671 0.14166666666666669 449.45000000000005 429.95000000000005 0.17500000000000002 1137.5000000000002 1161.5000000000002 296.25000000000006 0.17500000000000002 0.17500000000000002 257.05000000000007
decision_type=2 2 2 2 2 2 2 2 2 2 2 2 2 2 2 2 2 2 2 2 2 2 2 2 2 2
left_child=1 2 6 4 12 -6 10 13 9 -5 -1 -10 -3 14 16 -16 -2 18 24 -20 23 -22 25 -19 -9 -15
right_child=7 3 -4 8 5 -7 -8 17 11 -11 -12 -13 -14 22 15 -17 -18 20 19 -21 21 -23 -24 -25 -26 -27
leaf_value=0.0069542751064857978 -0.0047330856828603704 -0.00040473780117815611 0.026212296939694527 0.023853317342051664 0.013623399819372158 -0.0015933147347038286 -0.01075952660746911 -0.010038526046797171 -0.0032077067231957479 0.0028244531547710274 0.0041413542243133117 0.0081805124603817579 -0.010065504930394127 -0.010041458401476078 0.0087017026613162435 -0.0052691967676776665 -0.010051172184367239 -0.010038701113558137 -0.0041479196499960742 0.036760810560023713 0.014129552271449564 -0.0088339606734489234 -0.010068505564589008 -0.010034440102212506 -0.010034290237283378 -0.010045991805803615
leaf_weight=30.32720558764413 7.4974929897580349 1.0333291683346093 0.5421206746250381 0.87877656519412883 2.1080158143304315 14.12162420991808 0.73392579611390729 5.85568865155801 1.4487438136711719 0.763555608689785 43.206332941073924 1.0904099624603985 3.7610021024011075 1.9382572507020084 2.1312121709343037 4.1717115794308484 3.9216049266979098 13.772352034458892 1.6834084154106674 0.21329115517437447 0.41341286664828558 8.2793668790254724 0.13048397400416423 2.0761268401984116 0.67421482363715757 0.56558220298029471
leaf_count=881 1384 135 19 41 235 1791 24 1543 139 30 2570 84 611 481 336 728 795 3613 199 18 71 2024 22 618 201 127
internal_value=-2.86311e-05 0.00391426 0.00529544 -0.000185084 -0.00152476 0.000383135 0.00514276 -0.00742393 0.00655062 0.0140765 0.00530148 0.00168283 -0.00798331 -0.00514817 -0.00442045 -0.000545206 -0.00655945 -0.00882912 -0.00767683 0.000452424 -0.00922477 -0.00774186 -0.0100438 -0.0100381 -0.0100381 -0.0100425
internal_weight=153.339 100.015 74.8096 25.2055 21.024 16.2296 74.2675 53.3242 4.18149 1.64233 73.5335 2.53915 4.79433 20.3563 17.722 6.30292 11.4191 32.9679 8.4266 1.8967 24.5413 8.69278 2.63432 15.8485 6.5299 2.50384
internal_count=18720 6560 3494 3066 2772 2026 3475 12160 294 71 3451 223 746 3873 3243 1064 2179 8287 1961 217 6326 2095 630 4231 1744 608
is_linear=0
shrinkage=0.01


Tree=114
num_leaves=27
num_cat=0
split_feature=7 7 1 7 1 1 1 7 1 7 7 1 1 1 1 7 1 7 7 1 7 7 7 1 1 7
split_gain=43.982 5.50391 2.26702 2.21868 2.56217 4.11174 1.83744 1.70742 1.46963 1.7033 1.36449 0.785707 0.755195 0.724807 1.45628 2.70758 0.729057 0.151112 1.61266 3.00575 0.298028 2.07703 8.14981e-07 3.17874e-07 1.05275e-07 8.73198e-08
threshold=140.25000000000003 62.850000000000001 0.18833333333333335 130.75000000000003 0.13833333333333339 0.14166666666666669 0.18500000000000003 304.55000000000007 0.13833333333333339 135.55000000000004 25.750000000000004 0.16500000000000004 0.12833333333333338 0.17166666666666672 0.15500000000000005 272.95000000000005 0.14166666666666669 449.45000000000005 429.95000000000005 0.17500000000000002 1137.5000000000002 1272.5000000000002 296.25000000000006 0.17500000000000002 0.17500000000000002 257.05000000000007
decision_type=2 2 2 2 2 2 2 2 2 2 2 2 2 2 2 2 2 2 2 2 2 2 2 2 2 2
left_child=1 2 6 4 12 -6 10 13 9 -5 -1 -10 -3 14 16 -16 -2 18 24 -20 23 -22 25 -19 -9 -15
right_child=7 3 -4 8 5 -7 -8 17 11 -11 -12 -13 -14 22 15 -17 -18 20 19 -21 21 -23 -24 -25 -26 -27
leaf_value=0.0064022992090627881 -0.0047077967781564692 -0.00040085069261438144 0.025357588399019637 0.023086227435119695 0.013307222456595038 -0.0015798639774485985 -0.010751750181354981 -0.010038141424809655 -0.0031856603405530314 0.0027887021496028558 0.0036573955456406433 0.0080344933053349398 -0.010064849254763395 -0.010041044190526378 -0.0039826502862938132 0.011945188294088464 -0.010050660445714772 -0.010038314533601404 -0.004123295165260236 0.035105255284834345 0.00266551882951638 -0.010041380483735783 -0.010067820241851015 -0.010034096070447331 -0.010033947785331548 -0.010045532344351928
leaf_weight=42.136182147543877 7.4625655345153117 1.0329178483225465 0.55472463369369407 0.89879301283508428 2.1363760074600604 14.099545545410363 0.72714601457118888 5.7976446852553618 1.4442049232311549 0.76560055464506149 31.760157431475818 1.0990807265043256 3.7238208232447505 1.9190500213298944 4.9381411133799693 1.3615096323192117 3.8827809584327042 13.635837363079192 1.6765616075135765 0.22107589710503806 1.5733052962459604 7.0530700224917382 0.12919438653625537 2.0555391374509773 0.66752894944511343 0.55998005345463742
leaf_count=1422 1384 135 19 41 235 1791 24 1543 139 30 2029 84 611 481 898 166 795 3613 199 18 353 1742 22 618 201 127
internal_value=-2.86159e-05 0.00386089 0.00521662 -0.000183541 -0.00151195 0.000379028 0.0050669 -0.00740431 0.00644407 0.0137496 0.00522256 0.00166313 -0.00796633 -0.00512291 -0.00439559 -0.000540252 -0.00653631 -0.00881817 -0.00765862 0.000446854 -0.00921694 -0.00772386 -0.0100433 -0.0100378 -0.0100377 -0.0100421
internal_weight=153.312 100.379 75.1782 25.2003 20.9927 16.2359 74.6235 52.9338 4.20768 1.66439 73.8963 2.54329 4.75674 20.2532 17.645 6.29965 11.3453 32.6806 8.36281 1.89764 24.3178 8.62638 2.60822 15.6914 6.46517 2.47903
internal_count=18720 6560 3494 3066 2772 2026 3475 12160 294 71 3451 223 746 3873 3243 1064 2179 8287 1961 217 6326 2095 630 4231 1744 608
is_linear=0
shrinkage=0.01


Tree=115
num_leaves=26
num_cat=0
split_feature=7 7 7 1 1 1 1 7 1 7 7 1 1 1 1 1 7 7 1 7 7 7 1 1 7
split_gain=43.2654 5.35007 2.1645 2.53398 3.98192 2.15327 1.80136 1.70948 1.4203 1.44943 1.33094 0.753828 0.724357 1.44358 2.69237 0.729867 0.151919 1.60781 2.8564 0.30006 2.06659 7.90844e-07 3.08438e-07 1.02146e-07 8.47223e-08
threshold=140.25000000000003 62.850000000000001 130.75000000000003 0.13833333333333339 0.14166666666666669 0.18833333333333335 0.18500000000000003 304.55000000000007 0.13166666666666668 133.35000000000005 16.550000000000004 0.12833333333333338 0.17166666666666672 0.15500000000000005 0.16166666666666671 0.14166666666666669 449.45000000000005 429.95000000000005 0.17500000000000002 1137.5000000000002 1272.5000000000002 296.25000000000006 0.17500000000000002 0.17500000000000002 257.05000000000007
decision_type=2 2 2 2 2 2 2 2 2 2 2 2 2 2 2 2 2 2 2 2 2 2 2 2 2
left_child=1 5 3 11 -5 6 10 12 -4 -10 -1 -3 13 15 -15 -2 17 23 -19 22 -21 24 -18 -9 -14
right_child=7 2 8 4 -6 -7 -8 16 9 -11 -12 -13 21 14 -16 -17 19 18 -20 20 -22 -23 -24 -25 -26
leaf_value=0.0068280500205039523 -0.004682526750894366 -0.00039699961692728452 0.019745964998070294 0.013002480637831066 -0.0015665061946794278 0.024550866461715753 -0.010744055730353828 -0.01003776037912717 -0.010111751028385182 0.0067500069505894494 0.004080108398691734 -0.010064200334995792 -0.010040634239311303 0.0085508115195762086 -0.0052415147341812853 -0.010050154295438856 -0.010037931911664593 -0.0040987187928798715 0.03357976607742879 0.0026318691617910543 -0.010040967025161341 -0.010067142089413547 -0.010033755773786875 -0.010033608884024433 -0.010045077197855298
leaf_weight=28.780288223177195 7.4279841170646304 1.0325106191448927 0.66596520040184159 2.1644389713183072 14.077686800388618 0.56715891137719054 0.72042378876358171 5.7401739039923978 0.61623272532597217 2.951372230425477 45.475608430337161 3.6870047268457711 1.9000323454383758 2.1484064939431837 4.1479098270647228 3.8443393534980714 13.500670460751282 1.6697825673036275 0.22876792587339867 1.5774655474815498 6.9831768185831606 0.12791745411232103 2.0351548697799435 0.66090912884101261 0.55443314881995309
leaf_count=806 1384 135 28 235 1791 19 24 1543 61 205 2645 611 481 336 728 795 3613 199 18 353 1742 22 618 201 127
internal_value=-2.85956e-05 0.00380844 -0.000182005 -0.00149923 0.000374969 0.00513933 0.00499249 -0.00738461 0.00633997 0.00383747 0.00514516 -0.00794926 -0.00509767 -0.00437078 -0.000535347 -0.00651311 -0.00880714 -0.00764031 0.000441392 -0.00920904 -0.00770575 -0.0100429 -0.0100374 -0.0100373 -0.0100416
internal_weight=153.286 100.739 25.1952 20.9616 16.2421 75.5435 74.9763 52.5471 4.23357 3.5676 74.2559 4.71952 20.151 17.5686 6.29632 11.2723 32.3961 8.29963 1.89855 24.0965 8.56064 2.58238 15.5358 6.40108 2.45447
internal_count=18720 6560 3066 2772 2026 3494 3475 12160 294 266 3451 746 3873 3243 1064 2179 8287 1961 217 6326 2095 630 4231 1744 608
is_linear=0
shrinkage=0.01


Tree=116
num_leaves=19
num_cat=0
split_feature=0 0 1 0 1 0 0 0 1 0 1 1 0 1 1 0 1 1
split_gain=1.35733 0.97369 2.37823 1.65676 0.994053 4.30906 2.93504 0.0220601 0.000147487 0.000151289 2.70157e-05 8.44833e-06 6.49232e-06 4.54469e-06 2.37228e-06 9.77884e-07 2.31504e-07 1.6955e-08
threshold=15.820000000000002 82.076666666666668 0.13833333333333339 79.265000000000015 0.1483333333333334 44.245000000000005 58.098333333333343 84.558333333333351 0.13833333333333339 80.983333333333363 0.15833333333333341 0.14500000000000005 79.815000000000012 0.13500000000000004 0.15500000000000005 13.535000000000002 0.16833333333333336 0.17166666666666672
decision_type=2 2 2 2 2 2 2 2 2 2 2 2 2 2 2 2 2 2
left_child=10 3 13 4 5 -2 -6 -4 9 -5 11 -1 -10 -3 -13 16 -12 -18
right_child=1 2 7 8 6 -7 -8 -9 12 -11 15 14 -14 -15 -16 -17 17 -19
leaf_value=-0.010192055796830954 0.0064286557430196017 -0.010045690150775713 0.020118190257160933 -0.010388478180908862 -0.0016213066560599148 -0.00014742206549001394 0.003326394530541061 0.023892970644236341 -0.010089584219446467 -0.010062412005434302 -0.010052313651888578 -0.010090443882819987 -0.010151942846092525 -0.010119246508658008 -0.010137324100353031 -0.010072910643042481 -0.010039269292974422 -0.010032583584468614
leaf_weight=0.26728900335729011 11.966166250407694 0.12840437679551442 0.32901815883815289 0.69680515187792369 63.040215072687715 59.562968570739031 14.805561839370055 0.29241473786532879 0.282205960014835 0.17881273990496993 0.20683847297914326 0.15880705672316253 0.40882660169154406 0.24287752900272608 0.33700069645419717 0.20257993787527084 0.07895324332639575 0.073006742866709828
leaf_count=30 1266 30 30 66 8274 7086 1548 18 42 36 54 30 42 36 42 42 24 24
internal_value=-2.85674e-05 5.92992e-05 0.0099306 -5.62251e-06 0.000101671 0.000952695 -0.000680299 0.0218944 -0.0102357 -0.0103219 -0.010108 -0.0101467 -0.0101265 -0.0100938 -0.0101223 -0.0100553 -0.0100454 -0.0100361
internal_weight=153.259 151.934 0.992715 150.942 149.375 71.5291 77.8458 0.621433 1.56665 0.875618 1.32448 0.763097 0.691033 0.371282 0.495808 0.561378 0.358798 0.15196
internal_count=18720 18474 114 18360 18174 8352 9822 48 186 102 246 102 84 66 72 144 102 48
is_linear=0
shrinkage=0.01


Tree=117
num_leaves=27
num_cat=0
split_feature=7 7 7 1 1 1 1 7 1 7 7 1 1 1 1 7 1 7 7 1 7 7 7 1 1 7
split_gain=42.5489 5.1955 2.10991 2.51031 3.85136 2.05547 1.76308 1.71131 1.37444 1.606 1.28469 0.760075 0.751222 0.722917 1.43567 2.63727 0.729998 0.15271 1.60304 2.7254 0.30225 2.05752 7.60881e-07 3.07251e-07 1.01574e-07 8.15795e-08
threshold=140.25000000000003 62.850000000000001 130.75000000000003 0.13833333333333339 0.14166666666666669 0.18833333333333335 0.18500000000000003 304.55000000000007 0.13833333333333339 135.55000000000004 25.750000000000004 0.16500000000000004 0.12833333333333338 0.17166666666666672 0.15500000000000005 272.95000000000005 0.14166666666666669 449.45000000000005 429.95000000000005 0.17500000000000002 1137.5000000000002 1272.5000000000002 296.25000000000006 0.17500000000000002 0.17500000000000002 257.05000000000007
decision_type=2 2 2 2 2 2 2 2 2 2 2 2 2 2 2 2 2 2 2 2 2 2 2 2 2 2
left_child=1 5 3 12 -5 6 10 13 9 -4 -1 -10 -3 14 16 -16 -2 18 24 -20 23 -22 25 -19 -9 -15
right_child=7 2 8 4 -6 -7 -8 17 11 -11 -12 -13 -14 22 15 -17 -18 20 19 -21 21 -23 -24 -25 -26 -27
leaf_value=0.0062042277551629769 -0.0046612629119078186 -0.0004067338241428282 0.02208968285175367 0.012700186562495113 -0.0015488249900017159 0.023837990579080967 -0.010735298867501606 -0.010037392723235377 -0.0031857991164022125 0.002593278046958537 0.003552979653938223 0.0078118252160910649 -0.010063598943818983 -0.0100401850414819 -0.0039497072702210732 0.011714847590451915 -0.010049696922233191 -0.010037563191689589 -0.0040751885515483326 0.032240001968911511 0.0026061343556064761 -0.010040554825831138 -0.010066339142112499 -0.010033371606951075 -0.010033229686258973 -0.010044569607689157
leaf_weight=42.622110607568175 7.399046269943943 1.0335373650305033 0.92615064047276863 2.1930064461194005 14.048825406702234 0.5786094618961205 0.71275751385837693 5.6832987256348115 1.4441866492852571 0.77695645019412041 31.997558410745114 1.1125588342547414 3.6519436163362116 1.8789542173035441 4.9117174576967946 1.3758334573358295 3.8082020883448422 13.366799101931976 1.6633338308893142 0.23597717564553011 1.5806607389822582 6.9113763452041894 0.12641933863051225 2.0120169506408265 0.65347406337968994 0.54815110843628634
leaf_count=1422 1384 135 41 235 1791 19 24 1543 139 30 2029 84 611 481 898 166 795 3613 199 18 353 1742 22 618 201 127
internal_value=-2.83283e-05 0.00375624 -0.000179305 -0.00148512 0.000375107 0.00506205 0.00491783 -0.00736437 0.00623577 0.0131954 0.00506735 0.00159978 -0.00793346 -0.00507204 -0.00434657 -0.00052201 -0.00649224 -0.00879575 -0.00762164 0.00043674 -0.00920085 -0.00768657 -0.0100424 -0.010037 -0.010037 -0.0100412
internal_weight=153.253 101.098 25.1872 20.9273 16.2418 75.911 75.3324 52.1553 4.25985 1.70311 74.6197 2.55675 4.68548 20.0483 17.4948 6.28755 11.2072 32.1069 8.23608 1.89931 23.8709 8.49204 2.55352 15.3788 6.33677 2.42711
internal_count=18720 6560 3066 2772 2026 3494 3475 12160 294 71 3451 223 746 3873 3243 1064 2179 8287 1961 217 6326 2095 630 4231 1744 608
is_linear=0
shrinkage=0.01


Tree=118
num_leaves=28
num_cat=0
split_feature=7 7 7 1 1 1 1 7 1 7 7 1 1 1 1 7 1 7 7 7 7 1 1 7 7 7 1
split_gain=41.8583 5.05152 2.05876 2.48256 3.73193 1.95585 1.72893 1.71319 1.32032 1.51844 1.25126 0.749845 0.740453 0.724784 3.13083 5.57326 0.730746 0.238096 9.1292 0.153513 1.59818 2.59732 0.30454 1.17832 0.0831238 1.37247e-05 9.85578e-08
threshold=140.25000000000003 62.850000000000001 130.75000000000003 0.13833333333333339 0.14166666666666669 0.18833333333333335 0.18500000000000003 304.55000000000007 0.13833333333333339 135.55000000000004 16.550000000000004 0.12833333333333338 0.16500000000000004 0.16500000000000004 0.15500000000000005 272.95000000000005 0.14166666666666669 200.65000000000001 198.05000000000004 449.45000000000005 429.95000000000005 0.17500000000000002 0.13166666666666668 1248.5000000000002 1137.5000000000002 300.95000000000005 0.17500000000000002
decision_type=2 2 2 2 2 2 2 2 2 2 2 2 2 2 2 2 2 2 2 2 2 2 2 2 2 2 2
left_child=1 5 3 11 -5 6 10 13 9 -4 -1 -3 -10 14 16 -16 -2 18 -15 20 26 -22 23 -21 -24 -19 -9
right_child=7 2 8 4 -6 -7 -8 19 12 -11 -12 -13 -14 17 15 -17 -18 25 -20 22 21 -23 24 -25 -26 -27 -28
leaf_value=0.0066137552549423171 -0.0046360310662419569 -0.00040282850942537952 0.021416661197606851 0.012416855404293365 -0.0015356826217086247 0.023113174059785632 -0.010727776614745617 -0.010037019230093735 -0.0031638357301605191 0.0025610227602597575 0.0039632428463763445 -0.010062962652571974 0.0076751811804590788 -0.010050988878778897 -0.0025210101206814407 0.02767022570886734 -0.010049200108714736 -0.010049560831603736 0.085474374504237574 -0.010038924513889068 -0.0040507085384675111 0.030927404959727289 -0.010036486732224745 0.0060199752848909965 -0.00873483621700589 -0.010127887762088519 -0.010032897975301882
leaf_weight=29.127413304522634 7.3650937387719768 1.0331239337101639 0.94560250174254068 2.2204763493500677 14.027471538400276 0.5907245110720386 0.70615779375657339 5.6269572647288459 1.4396927501074972 0.77886477299034595 45.844193626660854 3.6158336612861603 1.1209995397366581 2.2542565001640464 2.6533733352553095 0.79451506491750468 3.7704953118227422 2.7622959155123685 0.1046911843586712 1.7184212517458974 1.6566857211291788 0.24349343683570612 13.656277479603888 0.62240278837271024 7.6568793521728358 0.24342058692127455 0.64699316304177035
leaf_count=806 1384 135 41 235 1791 19 24 1543 139 30 2645 611 84 487 473 95 795 594 24 450 199 18 3813 135 1928 21 201
internal_value=-2.83011e-05 0.00370559 -0.000177798 -0.00147259 0.000371099 0.00498779 0.00484631 -0.0073445 0.00613636 0.0129004 0.004993 -0.00791622 0.00158118 -0.0050468 -0.00389071 0.00443612 -0.00646892 -0.00818957 -0.00581153 -0.00878457 -0.00760316 0.000431469 -0.00919282 -0.00576902 -0.00956886 -0.0100559 -0.0100366
internal_weight=153.227 101.451 25.1821 20.8969 16.2479 76.2685 75.6778 51.7763 4.28516 1.72447 74.9716 4.64896 2.56069 19.9481 14.5835 3.44789 11.1356 5.36466 2.35895 31.8281 8.17413 1.90018 23.654 2.34082 21.3132 3.00572 6.27395
internal_count=18720 6560 3066 2772 2026 3494 3475 12160 294 71 3451 746 223 3873 2747 568 2179 1126 511 8287 1961 217 6326 585 5741 615 1744
is_linear=0
shrinkage=0.01


Tree=119
num_leaves=27
num_cat=0
split_feature=7 7 1 7 1 1 1 7 7 1 7 7 1 1 1 1 7 7 1 7 7 7 7 1 1 7
split_gain=41.1809 4.92078 2.2523 1.71485 1.57621 3.01013 2.67474 4.04674 2.48517 1.54741 1.20943 0.864495 0.723174 1.41235 2.60056 0.731461 0.154312 1.59333 2.47846 0.306352 2.06521 1.83319e-05 7.12171e-07 2.8934e-07 9.56492e-08 7.35084e-08
threshold=140.25000000000003 46.350000000000001 0.18833333333333335 304.55000000000007 0.1483333333333334 0.15500000000000005 0.13833333333333339 130.75000000000003 71.65000000000002 0.18500000000000003 50.850000000000001 14.550000000000002 0.17166666666666672 0.15500000000000005 0.16166666666666671 0.14166666666666669 449.45000000000005 429.95000000000005 0.17500000000000002 1137.5000000000002 1272.5000000000002 64.050000000000011 296.25000000000006 0.17500000000000002 0.17500000000000002 257.05000000000007
decision_type=2 2 2 2 2 2 2 2 2 2 2 2 2 2 2 2 2 2 2 2 2 2 2 2 2 2
left_child=1 2 9 12 6 21 7 -3 -8 11 -7 -1 13 15 -15 -2 17 24 -19 23 -21 -6 25 -18 -5 -14
right_child=3 4 -4 16 5 10 8 -9 -10 -11 -12 -13 22 14 -16 -17 19 18 -20 20 -22 -23 -24 -25 -26 -27
leaf_value=0.0067352587315045957 -0.0046108216362197429 -0.0044013029520508966 0.025355582119796081 -0.010036649695303353 -0.010128119427397339 -0.010111445613307995 0.013517848634886136 0.012615751348998597 0.0023351194148248551 -0.010816516493816255 0.0012481542569512981 0.0043538038902611181 -0.01003948049022863 0.0083384963316918744 -0.0051903521154925544 -0.010048708375253585 -0.010036816806144742 -0.0040262791003661961 0.029707141321466488 0.0026815886723744924 -0.010039869555479267 -0.010078215345086145 -0.010065015445069821 -0.010032708473930211 -0.010032569426624581 -0.010043683105354969
leaf_weight=24.234455111436546 7.3314776641782426 7.0070480897557008 0.55300137028098006 5.5711722180712986 1.1205496937036543 1.0040231784805644 3.3783927126787585 1.7455797446891663 4.8262439630925655 0.60597920324653287 14.091692738234995 41.086003753356636 1.8460355203133074 2.1730434813071033 4.1046804687939584 3.7331600356847048 13.103093613870444 1.6501033734530208 0.25092184077948321 1.571324803866444 6.792505941586569 2.1454945965670049 0.1239286558702587 1.9722992519382376 0.64057634491473425 0.53734126733615983
leaf_count=653 1384 961 16 1543 90 93 248 71 542 14 1596 1991 481 336 728 795 3613 199 18 353 1742 285 22 618 201 127
internal_value=-2.83125e-05 0.00365583 0.00525836 -0.00732457 0.000639451 -0.00139068 0.00283773 -0.00100751 0.00693979 0.00508978 0.000492622 0.00523734 -0.00502174 -0.00429598 -0.000507321 -0.00644554 -0.0087733 -0.0075846 0.000426293 -0.00918474 -0.00764987 -0.0100953 -0.0100416 -0.0100363 -0.0100362 -0.0100404
internal_weight=153.2 101.798 66.4794 51.4017 35.319 18.3618 16.9573 8.75263 8.20464 65.9264 15.0957 65.3205 19.8497 17.3424 6.27772 11.0646 31.552 8.11277 1.90103 23.4392 8.36383 3.26604 2.50731 15.0754 6.21175 2.38338
internal_count=18720 6560 2674 12160 3886 2064 1822 1032 790 2658 1689 2644 3873 3243 1064 2179 8287 1961 217 6326 2095 375 630 4231 1744 608
is_linear=0
shrinkage=0.01


Tree=120
num_leaves=26
num_cat=0
split_feature=7 7 7 1 1 1 7 1 1 7 7 1 1 1 1 1 7 7 1 1 7 7 7 1 7
split_gain=40.5149 4.80335 1.97135 2.43603 3.58164 1.77073 1.71658 1.66557 1.24082 1.40727 1.17558 0.751728 0.72259 1.39975 2.54217 0.732142 0.15511 1.58847 2.36788 0.308613 1.17738 0.0843769 6.91077e-07 9.28114e-08 7.13308e-08
threshold=140.25000000000003 62.850000000000001 130.75000000000003 0.13833333333333339 0.14166666666666669 0.18833333333333335 304.55000000000007 0.18500000000000003 0.13166666666666668 133.35000000000005 25.750000000000004 0.12833333333333338 0.17166666666666672 0.15500000000000005 0.16166666666666671 0.14166666666666669 449.45000000000005 429.95000000000005 0.17500000000000002 0.13166666666666668 1248.5000000000002 1137.5000000000002 296.25000000000006 0.17500000000000002 257.05000000000007
decision_type=2 2 2 2 2 2 2 2 2 2 2 2 2 2 2 2 2 2 2 2 2 2 2 2 2
left_child=1 5 3 11 -5 7 12 10 -4 -10 -1 -3 13 15 -15 -2 17 23 -19 20 -18 -21 24 -8 -14
right_child=6 2 8 4 -6 -7 16 -9 9 -11 -12 -13 22 14 -16 -17 19 18 -20 21 -22 -23 -24 -25 -26
leaf_value=0.0059300590084550645 -0.0045856357507905818 -0.00035658169780130217 0.018104646310440519 0.012047784962032897 -0.0015254490510997305 0.021749955335762149 -0.010036283695316648 -0.010712392326712492 -0.01011414090977333 0.0064267934981570738 0.003410032235819942 -0.010062059109113272 -0.01003908612492598 0.0081871588927851062 -0.0051649881608529617 -0.010048221427402229 -0.01003821425946517 -0.004001901540812345 0.028569786739554001 -0.010035761878457203 0.0060747454685943659 -0.0087127436907218723 -0.010064365361677185 -0.010032244327943689 -0.010043246687834998
leaf_weight=43.312896980904043 7.2981944417115354 1.0282528758980394 0.70403657201677461 2.2573014372028437 14.010774787282569 0.6148627121001472 5.5159382512792963 0.69375477638095517 0.62046220153570208 3.0074257161468267 32.328243802767247 3.5645499990787357 1.8277385979890821 2.1909883059561244 4.083694736007601 3.6961926482617855 1.6863698617089569 1.6435862146317957 0.25826386548578728 13.386825845111163 0.62029436952434469 7.5331258811056605 0.12270342907868315 0.63422295195050526 0.53201763471588481
leaf_count=1422 1384 135 28 235 1791 19 1543 24 61 205 2029 611 481 336 728 795 450 199 18 3813 135 1928 22 201 127
internal_value=-2.82839e-05 0.0036069 -0.000183053 -0.00145778 0.000357925 0.00484771 -0.00730452 0.00471156 0.00595555 0.00359787 0.00485303 -0.00788916 -0.00499649 -0.00427129 -0.000502697 -0.0064221 -0.00876197 -0.00756595 0.000421207 -0.00917659 -0.00570521 -0.00955935 -0.0100412 -0.0100359 -0.01004
internal_weight=153.173 102.143 25.1928 20.8609 16.2681 76.9498 51.0302 76.3349 4.33192 3.62789 75.6411 4.5928 19.7515 17.2691 6.27468 10.9944 31.2786 8.05201 1.90185 23.2266 2.30666 20.92 2.48246 6.15016 2.35976
internal_count=18720 6560 3066 2772 2026 3494 12160 3475 294 266 3451 746 3873 3243 1064 2179 8287 1961 217 6326 585 5741 630 1744 608
is_linear=0
shrinkage=0.01


Tree=121
num_leaves=27
num_cat=0
split_feature=7 7 7 1 1 7 1 1 1 7 7 1 1 1 7 1 1 7 7 1 7 7 7 1 1 7
split_gain=39.8608 4.67187 1.92408 2.40898 3.47282 1.7182 1.68909 1.63392 1.19039 1.42236 1.16587 0.750283 0.721971 1.38718 2.49721 0.73279 0.711571 0.155905 1.58361 2.26476 0.310477 2.07266 6.70604e-07 2.72426e-07 9.00508e-08 6.92148e-08
threshold=140.25000000000003 62.850000000000001 130.75000000000003 0.13833333333333339 0.14166666666666669 304.55000000000007 0.18833333333333335 0.18500000000000003 0.13833333333333339 135.55000000000004 1.0000000180025095e-35 0.12833333333333338 0.17166666666666672 0.15500000000000005 272.95000000000005 0.14166666666666669 0.16500000000000004 449.45000000000005 429.95000000000005 0.17500000000000002 1137.5000000000002 1272.5000000000002 296.25000000000006 0.17500000000000002 0.17500000000000002 257.05000000000007
decision_type=2 2 2 2 2 2 2 2 2 2 2 2 2 2 2 2 2 2 2 2 2 2 2 2 2 2
left_child=1 6 3 11 -5 12 7 10 9 -4 -1 -3 13 15 -15 -2 -10 18 24 -20 23 -22 25 -19 -7 -14
right_child=5 2 8 4 -6 17 -8 -9 16 -11 -12 -13 22 14 -16 -17 -18 20 19 -21 21 -23 -24 -25 -26 -27
leaf_value=-0.010044351884281441 -0.0045604748971020646 -0.0003531401161253661 0.020201842794950235 0.011786664914361509 -0.0015124703337822218 -0.010035921256843107 0.021130720223114709 -0.010705110168958696 -0.0031581899067594172 0.0022348218065846104 0.0048862908447080558 -0.010061438436220654 -0.01003869574711698 -0.0038908552522027269 0.01123792680375351 -0.010047739507977939 0.0074282693622590244 -0.010036085195645677 -0.0039775770174732099 0.027507155763899921 0.0027562163657092564 -0.010039198956948998 -0.010063721763526075 -0.010032058814299685 -0.010031922539254241 -0.010042814591742569
leaf_weight=0.52663770597427983 7.2652409069705808 1.0278922305442453 0.9828024199232448 2.2840996072627631 13.989799178205429 5.4612499715294716 0.62649274431168933 0.68731668125837941 1.4384993216954174 0.79867980256676674 75.455693307332695 3.5292987911961973 1.8096222991589455 4.8651974855456492 1.4064687653444705 3.6595895949285477 1.1365679702721534 12.84457167889923 1.6371335769072173 0.2655209396034478 1.5621986284386347 6.6759482782799751 0.12149023986421514 1.9333631778135885 0.62793236924335349 0.52674651867710043
leaf_count=120 1384 135 41 235 1791 1543 19 24 139 30 3331 611 481 898 166 795 84 3613 199 18 353 1742 22 618 201 127
internal_value=-2.82391e-05 0.00355879 -0.00018148 -0.00144544 0.000354111 -0.00728437 0.00477759 0.00464396 0.00586221 0.0121468 0.00478281 -0.00787169 -0.00497124 -0.00424665 -0.000498111 -0.00639859 0.0015144 -0.00875055 -0.00754722 0.000416208 -0.00916838 -0.00761281 -0.0100408 -0.0100356 -0.0100355 -0.0100396
internal_weight=153.146 102.484 25.1876 20.8311 16.2739 50.6623 77.2961 76.6696 4.35655 1.78148 75.9823 4.55719 19.6544 17.1965 6.27167 10.9248 2.57507 31.0079 7.99184 1.90265 23.0161 8.23815 2.45786 14.7779 6.08918 2.33637
internal_count=18720 6560 3066 2772 2026 12160 3494 3475 294 71 3451 746 3873 3243 1064 2179 223 8287 1961 217 6326 2095 630 4231 1744 608
is_linear=0
shrinkage=0.01


Tree=122
num_leaves=28
num_cat=0
split_feature=7 7 1 7 1 1 1 7 7 1 7 7 1 1 7 1 7 7 7 7 1 1 7 7 7 7 1
split_gain=39.2182 4.54723 1.96365 1.71971 1.52425 2.97747 2.51005 3.76263 2.35833 1.45994 1.20116 1.19184 0.723992 2.99585 5.1611 0.733404 0.24449 8.52233 0.156698 1.57874 2.16839 0.312709 1.1763 0.085642 1.87246e-05 1.33616e-05 8.73787e-08
threshold=140.25000000000003 46.350000000000001 0.18833333333333335 304.55000000000007 0.1483333333333334 0.15500000000000005 0.13833333333333339 130.75000000000003 71.65000000000002 0.18500000000000003 50.850000000000001 1.0000000180025095e-35 0.16500000000000004 0.15500000000000005 272.95000000000005 0.14166666666666669 200.65000000000001 198.05000000000004 449.45000000000005 429.95000000000005 0.17500000000000002 0.13166666666666668 1248.5000000000002 1137.5000000000002 64.050000000000011 300.95000000000005 0.17500000000000002
decision_type=2 2 2 2 2 2 2 2 2 2 2 2 2 2 2 2 2 2 2 2 2 2 2 2 2 2 2
left_child=1 2 9 12 6 24 7 -3 -8 11 -7 -1 13 15 -15 -2 17 -14 19 26 -21 22 -20 -23 -6 -18 -5
right_child=3 4 -4 18 5 10 8 -9 -10 -11 -12 -13 16 14 -16 -17 25 -19 21 20 -22 23 -24 -25 -26 -27 -28
leaf_value=-0.010043908581450146 -0.0045353401527967845 -0.0043339632000503744 0.023259236671951716 -0.010035562499078143 -0.010127826768890926 -0.010111156241875204 0.013016159278188373 0.011887670145463821 0.0022122659487958242 -0.010791292846952216 0.0012238580887011985 0.0051346668665069655 -0.01004955820616891 -0.0025241970467264176 0.026043381964082433 -0.010047262359257713 -0.010048352584847778 0.079527721803298687 -0.010037519231424093 -0.0039533065443154262 0.026512118417102482 -0.010035051212517779 0.0061286391437403625 -0.0086903922506737265 -0.010077242532730074 -0.010126373371664662 -0.010031603873871239
leaf_weight=0.52142047137021919 7.2326137623749691 6.9251775373704749 0.58613749220967193 5.4071019438561079 1.1179284835234313 1.0011645620688785 3.4509935635142011 1.8019530586898325 4.8739646235480905 0.58954119309782882 14.121261253487317 65.714897170197219 2.1842349511571224 2.6544381587300445 0.83019419340416778 3.6233472528401762 2.6825214899145071 0.11163773573935021 1.65494583686814 1.6307447729632256 0.27269439864903677 13.122672270517798 0.61823348072357465 7.4118038287851951 2.1185654373839498 0.23906350741162885 0.62170398677699257
leaf_count=120 1384 961 16 1543 90 93 248 71 542 14 1596 2524 487 473 95 795 594 24 450 199 18 3813 135 1928 285 21 201
internal_value=-2.81958e-05 0.00351142 0.00503558 -0.00726416 0.000609888 -0.00138962 0.00276264 -0.000984567 0.00669087 0.00487573 0.000473435 0.00501518 -0.00494602 -0.0037855 0.00428187 -0.00637503 -0.00813578 -0.00569383 -0.00873906 -0.0075284 0.000411294 -0.00916012 -0.00564083 -0.0095497 -0.0100947 -0.0100547 -0.0100352
internal_weight=153.121 102.823 67.412 50.298 35.411 18.3589 17.0521 8.72713 8.32496 66.8259 15.1224 66.2363 19.5581 14.3406 3.48463 10.856 5.21746 2.29587 30.7399 7.93225 1.90344 22.8077 2.27318 20.5345 3.23649 2.92158 6.02881
internal_count=18720 6560 2674 12160 3886 2064 1822 1032 790 2658 1689 2644 3873 2747 568 2179 1126 511 8287 1961 217 6326 585 5741 375 615 1744
is_linear=0
shrinkage=0.01


Tree=123
num_leaves=26
num_cat=0
split_feature=7 7 7 1 1 7 1 1 7 1 7 1 1 1 1 1 7 7 1 7 7 7 1 1 7
split_gain=38.5875 4.44514 1.84339 2.3639 3.3354 1.721 1.53616 1.57513 1.12818 1.12315 1.37174 0.752051 0.721981 1.36412 2.4554 0.735098 0.157487 1.57388 2.07814 0.314626 2.07987 6.26852e-07 2.565e-07 8.47872e-08 6.16931e-08
threshold=140.25000000000003 62.850000000000001 130.75000000000003 0.13833333333333339 0.14166666666666669 304.55000000000007 0.18833333333333335 0.18500000000000003 16.550000000000004 0.13166666666666668 133.35000000000005 0.12833333333333338 0.17166666666666672 0.15500000000000005 0.16166666666666671 0.12500000000000003 449.45000000000005 429.95000000000005 0.17500000000000002 1137.5000000000002 1272.5000000000002 296.25000000000006 0.17500000000000002 0.17500000000000002 257.05000000000007
decision_type=2 2 2 2 2 2 2 2 2 2 2 2 2 2 2 2 2 2 2 2 2 2 2 2 2
left_child=1 6 3 11 -5 12 7 8 -1 -4 -11 -3 13 15 -15 -2 17 23 -19 22 -21 24 -18 -7 -14
right_child=5 2 9 4 -6 16 -8 -9 -10 10 -12 -13 21 14 -16 -17 19 18 -20 20 -22 -23 -24 -25 -26
leaf_value=0.0061682677887936665 0.0032328650756197562 -0.00030779322282457845 0.017001434172477282 0.011445050834928661 -0.0015021285464132423 -0.010035207541407703 0.019957439606160209 -0.010690219480937605 0.0036804935978538341 -0.01011519188987235 0.0061946700532084431 -0.010060560990085557 -0.010038036646785594 0.0079761104648230913 -0.0051186589983298839 -0.0070623842696512056 -0.010035368021536647 -0.0039290904388031966 0.025578422439228317 0.0028300026665781107 -0.010038543501664037 -0.010062450370279816 -0.010031421963623905 -0.010031288577551154 -0.010041963165051224
leaf_weight=29.874692402780056 0.74498810805380955 1.0231632362119913 0.73213736247271199 2.3201273903250721 13.973012879490851 5.3534888136200633 0.64969914592802425 0.67521958192810316 46.760695670731366 0.62063590716570649 3.0490502496249974 3.4794641369953752 1.7780133944470433 2.2164517585188142 4.0456552668474615 10.042783970944582 12.591132076922806 1.6244193012826142 0.27978556230664242 1.5532784855458865 6.5616576408501714 0.11909591499716032 1.895193469012155 0.61553718196228135 0.51635672384873021
leaf_count=806 66 135 28 235 1791 1543 19 24 2645 61 205 611 481 336 728 2113 3613 199 18 353 1742 22 618 201 127
internal_value=-2.81981e-05 0.00346486 -0.000186453 -0.00143085 0.000341537 -0.0072439 0.004645 0.00451632 0.0046503 0.0056925 0.00343626 -0.00784437 -0.00492097 -0.00419635 -0.000483809 -0.00635141 -0.00872749 -0.0075095 0.00040646 -0.00915178 -0.00757538 -0.0100401 -0.0100349 -0.0100348 -0.0100389
internal_weight=153.096 103.158 25.1976 20.7958 16.2931 49.9378 77.9603 77.3106 76.6354 4.40182 3.66969 4.50263 19.4633 17.0499 6.26211 10.7878 30.4745 7.87323 1.9042 22.6013 8.11494 2.41347 14.4863 5.96903 2.29437
internal_count=18720 6560 3066 2772 2026 12160 3494 3475 3451 294 266 746 3873 3243 1064 2179 8287 1961 217 6326 2095 630 4231 1744 608
is_linear=0
shrinkage=0.01


Tree=124
num_leaves=23
num_cat=0
split_feature=0 0 0 1 0 1 0 0 0 0 0 0 1 1 1 1 0 1 1 0 1 1
split_gain=1.33757 0.990241 1.83428 1.90304 3.64601 1.46112 3.47656 4.0708 3.24352 4.71787 2.3231 1.86416 1.3249 1.82948 0.829098 2.89094e-05 1.57748e-05 9.08264e-06 2.56536e-06 1.21885e-06 2.93648e-07 2.16715e-08
threshold=15.820000000000002 71.163333333333341 76.315000000000012 0.14166666666666669 72.968333333333348 0.1483333333333334 44.245000000000005 33.466666666666676 58.098333333333343 58.19166666666667 63.031666666666673 52.880000000000003 0.14500000000000005 0.13500000000000004 0.13166666666666668 0.15833333333333341 79.815000000000012 0.14500000000000005 0.15500000000000005 13.535000000000002 0.16833333333333336 0.17166666666666672
decision_type=2 2 2 2 2 2 2 2 2 2 2 2 2 2 2 2 2 2 2 2 2 2
left_child=15 5 3 14 -5 6 7 -2 11 -10 -8 -7 13 -4 -3 17 -14 -1 -19 20 -17 -22
right_child=1 2 12 4 -6 8 10 -9 9 -11 -12 -13 16 -15 -16 19 -18 18 -20 -21 21 -23
leaf_value=-0.010199107110506376 -0.0037062542267849658 -0.00027972023067578247 -0.0045069615185815513 0.014092563812815666 -0.010164191552006176 -0.00080689421375037488 -0.0015280697258436005 0.0096655110737806256 0.036290914971309464 0.0026775082532177912 0.0029269087866005523 -0.0054289688550619502 -0.010104187548418559 0.0082409542094920071 -0.010232412391306392 -0.010053015613127284 -0.010195698485848441 -0.010093156989959674 -0.010142223081812255 -0.010076309178547382 -0.010037936318861143 -0.010030115131511995
leaf_weight=0.26781440223567077 3.0467036156915119 1.0095555768348257 1.7269550748169411 1.2336882238741966 1.2449969144072381 52.18341209855862 28.75738483434543 9.0080305419396591 0.43041364592499931 13.984365889802573 19.739859892986715 10.477954891510306 0.47991623287089158 3.233885916415602 4.8969082187395543 0.2002801273483783 0.31008572690188885 0.15541695198044181 0.33895361912436783 0.19955836073495448 0.074529913486912847 0.067526390310376883
leaf_count=30 330 144 210 120 168 7020 3504 936 42 1434 2268 1254 72 306 636 54 30 30 42 42 24 24
internal_value=-2.81453e-05 5.85077e-05 -0.00246193 -0.00544512 0.00190885 0.000317386 0.00147987 0.00628594 -0.000595873 0.00368118 0.000285243 -0.00157978 0.00188777 0.00380318 -0.00853126 -0.0101125 -0.0101401 -0.0101522 -0.0101268 -0.0100567 -0.0100452 -0.0100342
internal_weight=153.068 151.764 14.136 8.38515 2.47869 137.628 60.552 12.0547 77.0761 14.4148 48.4972 62.6614 5.75084 4.96084 5.90646 1.30408 0.790002 0.762185 0.494371 0.541895 0.342336 0.142056
internal_count=18720 18474 1686 1068 288 16788 7038 1266 9750 1476 5772 8274 618 516 780 246 102 102 72 144 102 48
is_linear=0
shrinkage=0.01


Tree=125
num_leaves=27
num_cat=0
split_feature=7 7 7 1 1 7 1 1 7 1 7 1 1 1 1 1 1 7 7 1 7 7 7 1 1 7
split_gain=37.9575 4.31792 1.8015 2.3402 3.23203 1.72227 1.47343 1.54406 1.11755 1.07774 1.33314 0.749463 0.720443 1.35518 2.40362 0.73762 0.686476 0.158289 1.56876 2.00064 0.316779 2.0691 6.03645e-07 2.54325e-07 8.44674e-08 5.97329e-08
threshold=140.25000000000003 62.850000000000001 130.75000000000003 0.13833333333333339 0.14166666666666669 304.55000000000007 0.18833333333333335 0.18500000000000003 1.0000000180025095e-35 0.13833333333333339 135.55000000000004 0.12833333333333338 0.17166666666666672 0.15500000000000005 0.16166666666666671 0.14166666666666669 0.16500000000000004 449.45000000000005 429.95000000000005 0.17500000000000002 1137.5000000000002 1272.5000000000002 296.25000000000006 0.17500000000000002 0.17500000000000002 257.05000000000007
decision_type=2 2 2 2 2 2 2 2 2 2 2 2 2 2 2 2 2 2 2 2 2 2 2 2 2 2
left_child=1 6 3 11 -5 12 7 8 -1 10 -4 -3 13 15 -15 -2 -11 18 24 -20 23 -22 25 -19 -7 -14
right_child=5 2 9 4 -6 17 -8 -9 -10 16 -12 -13 22 14 -16 -17 -18 20 19 -21 21 -23 -24 -25 -26 -27
leaf_value=-0.010043699682619273 -0.0044793065666497338 -0.00031631878636334483 0.019099960575022244 0.011198223135775265 -0.0014860430470435332 -0.010034867163667922 0.019453117000491696 -0.010682676828459851 0.0046812780973620851 -0.003153614956341695 0.0019518949864189355 -0.010060000598726734 -0.010037620318948842 0.0078491818152715484 -0.0050904125623927789 -0.010046503821508597 0.0072104622463494651 -0.010035026536948188 -0.0039078904212953404 0.024773372418894893 0.0027959187722017445 -0.010038162588241292 -0.010061718387689387 -0.010031075715599327 -0.010030933676295784 -0.010041505358772155
leaf_weight=0.51891198568045993 7.1604985508602166 1.0240443148650289 1.0191214149817813 2.3468613713048425 13.947137765353544 5.2998932471964535 0.66020640172064204 0.66840859549119969 76.454999523703009 1.4375039776787164 0.81665937229990948 3.4453663206659257 1.7584315962158141 2.2320870542898765 4.0229341096710414 3.5646813770290464 1.1506585511378942 12.465637143701317 1.6189085608348248 0.28620099276304234 1.5573852155357579 6.495138923637569 0.11772982380352903 1.8743361267261196 0.60861757257953275 0.51068678498268116
leaf_count=120 1384 135 41 235 1791 1543 19 24 3331 139 30 611 481 336 728 795 84 3613 199 18 353 1742 22 618 201 127
internal_value=-2.79737e-05 0.0034186 -0.00018291 -0.00141738 0.0003409 -0.00722312 0.00457709 0.0044506 0.00458201 0.00561098 0.0114715 -0.0078275 -0.00489533 -0.00417221 -0.000472954 -0.00632965 0.0014541 -0.00871561 -0.00749014 0.000400841 -0.00914322 -0.00755601 -0.0100396 -0.0100345 -0.0100345 -0.0100385
internal_weight=153.063 103.49 25.1874 20.7634 16.294 49.5732 78.3025 77.6423 76.9739 4.42394 1.83578 4.46941 19.367 16.9802 6.25502 10.7252 2.58816 30.2061 7.81362 1.90511 22.3925 8.05252 2.38685 14.34 5.90851 2.26912
internal_count=18720 6560 3066 2772 2026 12160 3494 3475 3451 294 71 746 3873 3243 1064 2179 223 8287 1961 217 6326 2095 630 4231 1744 608
is_linear=0
shrinkage=0.01


Tree=126
num_leaves=23
num_cat=0
split_feature=0 0 0 1 0 1 0 0 0 0 0 0 1 1 1 1 0 1 1 0 1 1
split_gain=1.32361 0.97732 1.80782 1.88916 3.54952 1.42918 3.37647 3.95019 3.15707 4.43383 2.26871 1.84721 1.30154 1.77432 0.827633 2.84003e-05 1.5532e-05 8.95425e-06 2.51174e-06 1.23237e-06 2.94699e-07 2.17721e-08
threshold=15.820000000000002 71.163333333333341 76.315000000000012 0.14166666666666669 72.968333333333348 0.1483333333333334 44.245000000000005 33.466666666666676 58.098333333333343 58.19166666666667 63.031666666666673 52.880000000000003 0.14500000000000005 0.13500000000000004 0.13166666666666668 0.15833333333333341 79.815000000000012 0.14500000000000005 0.15500000000000005 13.535000000000002 0.16833333333333336 0.17166666666666672
decision_type=2 2 2 2 2 2 2 2 2 2 2 2 2 2 2 2 2 2 2 2 2 2
left_child=15 5 3 14 -5 6 7 -2 11 -10 -8 -7 13 -4 -3 17 -14 -1 -19 20 -17 -22
right_child=1 2 12 4 -6 8 10 -9 9 -11 -12 -13 16 -15 -16 19 -18 18 -20 -21 21 -23
leaf_value=-0.010198398319847818 -0.0036889012485011559 -0.00027994476164652316 -0.0044810532605330609 0.013753645007551192 -0.01016371383994015 -0.00079473283922434077 -0.0015129610519902701 0.0094824810152029978 0.034658685954399505 0.0026319790044430917 0.0028876170592948636 -0.0054057554477363991 -0.01010367371383868 0.0080732019151183304 -0.010231739236791907 -0.010052658245361451 -0.010194951840636741 -0.01009282274647305 -0.010141613394364819 -0.010076256796189838 -0.01003742834411913 -0.010029516979748378
leaf_weight=0.26574345864355453 3.038063849322497 1.0094399468507598 1.7188799979630847 1.2508825168479236 1.2312802842352537 52.108766498509794 28.703006534604356 9.0888385919388366 0.44600896839983661 14.032126783160491 19.795090892584994 10.42643942334689 0.47435256908647705 3.2625832059420645 4.8544626894872636 0.19760569813661277 0.30711896833963692 0.15371329290792346 0.33647662377916276 0.19755377364344895 0.073312238790094852 0.066192668629810214
leaf_count=30 330 144 210 120 168 7020 3504 936 42 1434 2268 1254 72 306 636 54 30 30 42 42 24 24
internal_value=-2.79217e-05 5.78443e-05 -0.00244872 -0.0054232 0.00188941 0.000314787 0.00146329 0.00618275 -0.000589313 0.00361858 0.000283189 -0.00156352 0.00185901 0.00374129 -0.00851859 -0.0101122 -0.0101395 -0.0101517 -0.0101263 -0.0100564 -0.0100448 -0.0100337
internal_weight=153.038 151.747 14.109 8.34607 2.48216 137.638 60.625 12.1269 77.0133 14.4781 48.4981 62.5352 5.76293 4.98146 5.8639 1.2906 0.781472 0.755933 0.49019 0.534664 0.337111 0.139505
internal_count=18720 18474 1686 1068 288 16788 7038 1266 9750 1476 5772 8274 618 516 780 246 102 102 72 144 102 48
is_linear=0
shrinkage=0.01


Tree=127
num_leaves=26
num_cat=0
split_feature=7 7 7 1 1 7 1 1 7 1 7 1 1 1 7 1 7 7 1 7 7 7 1 1 7
split_gain=37.3385 4.19461 1.76069 2.31666 3.13259 1.72349 1.41419 1.51378 1.09509 1.04432 1.34153 0.746889 0.718894 1.34617 2.36353 0.737939 0.159088 1.56366 1.92758 0.318936 2.05841 5.81341e-07 2.52144e-07 8.41411e-08 5.78125e-08
threshold=140.25000000000003 62.850000000000001 130.75000000000003 0.13833333333333339 0.14166666666666669 304.55000000000007 0.18833333333333335 0.18500000000000003 1.0000000180025095e-35 0.13166666666666668 133.35000000000005 0.12833333333333338 0.17166666666666672 0.15500000000000005 272.95000000000005 0.14166666666666669 449.45000000000005 429.95000000000005 0.17500000000000002 1137.5000000000002 1272.5000000000002 296.25000000000006 0.17500000000000002 0.17500000000000002 257.05000000000007
decision_type=2 2 2 2 2 2 2 2 2 2 2 2 2 2 2 2 2 2 2 2 2 2 2 2 2
left_child=1 6 3 11 -5 12 7 8 -1 -4 -11 -3 13 15 -15 -2 17 23 -19 22 -21 24 -18 -7 -14
right_child=5 2 9 4 -6 16 -8 -9 -10 10 -12 -13 21 14 -16 -17 19 18 -20 20 -22 -23 -24 -25 -26
leaf_value=-0.010043225605389701 -0.0044565513003372017 -0.00032463175088491233 0.016273429449933492 0.010959465464388569 -0.0014700993211033734 -0.01003453137445307 0.018970439844607057 -0.010675225734714388 0.0046122069794313734 -0.010115240958686232 0.0060427925199086933 -0.010059448290670455 -0.010037209820697064 -0.0038221818254900583 0.010796376160562631 -0.010046083976463479 -0.010034689557161356 -0.0038867198618564181 0.024012909784636358 0.0027623162840498144 -0.010037786642912858 -0.0100609968159708 -0.010030734175089111 -0.010030583514925414 -0.010041053048857915
leaf_weight=0.51327102212235232 7.1317020752467268 1.0249044941738308 0.75192468985915084 2.3733098437078324 13.921580052468924 5.2468404204119024 0.67057550884783168 0.66166858049109478 76.797701920382679 0.61684458469972048 3.0769097404554486 3.4115959715563804 1.7390850319061426 4.8119881621096274 1.4360531470738349 3.5315599702298641 12.341403667582201 1.6134409098885951 0.29253582563251246 1.5614549871534098 6.4293143036775291 0.11638120468705881 1.8537313581909973 0.60178411030210543 0.50508530647493888
leaf_count=120 1384 135 28 235 1791 1543 19 24 3331 61 205 611 481 898 166 795 3613 199 18 353 1742 22 618 201 127
internal_value=-2.77494e-05 0.00337306 -0.000179425 -0.00140402 0.000340236 -0.00720223 0.00451037 0.00438601 0.00451491 0.00553121 0.00334446 -0.00781055 -0.00486966 -0.00414807 -0.000462245 -0.00630775 -0.00870364 -0.00747069 0.000395411 -0.0091346 -0.00753655 -0.0100392 -0.0100342 -0.0100341 -0.0100381
internal_weight=153.033 103.82 25.1771 20.7314 16.2949 49.2124 78.6432 77.9726 77.311 4.44568 3.69375 4.4365 19.2719 16.9113 6.24804 10.6633 29.9405 7.7546 1.90598 22.1859 7.99077 2.36055 14.1951 5.84862 2.24417
internal_count=18720 6560 3066 2772 2026 12160 3494 3475 3451 294 266 746 3873 3243 1064 2179 8287 1961 217 6326 2095 630 4231 1744 608
is_linear=0
shrinkage=0.01


Tree=128
num_leaves=23
num_cat=0
split_feature=0 0 0 1 0 1 0 0 0 0 0 0 1 1 1 1 0 1 1 0 1 1
split_gain=1.30947 0.964212 1.78213 1.87454 3.45641 1.39818 3.28039 3.83401 3.07364 4.16398 2.21713 1.82983 1.27926 1.71924 0.825898 2.7871e-05 1.53036e-05 8.80771e-06 2.46074e-06 1.24181e-06 2.96897e-07 2.18864e-08
threshold=15.820000000000002 71.163333333333341 76.315000000000012 0.14166666666666669 72.968333333333348 0.1483333333333334 44.245000000000005 33.466666666666676 58.098333333333343 58.19166666666667 63.031666666666673 52.880000000000003 0.14500000000000005 0.13500000000000004 0.13166666666666668 0.15833333333333341 79.815000000000012 0.14500000000000005 0.15500000000000005 13.535000000000002 0.16833333333333336 0.17166666666666672
decision_type=2 2 2 2 2 2 2 2 2 2 2 2 2 2 2 2 2 2 2 2 2 2
left_child=15 5 3 14 -5 6 7 -2 11 -10 -8 -7 13 -4 -3 17 -14 -1 -19 20 -17 -22
right_child=1 2 12 4 -6 8 10 -9 9 -11 -12 -13 16 -15 -16 19 -18 18 -20 -21 21 -23
leaf_value=-0.010197645477121901 -0.0036710215270253895 -0.00028253603664251845 -0.0044518193678610082 0.013423473965941886 -0.010163244811188963 -0.00078304007568175658 -0.0014985135965029145 0.0093051866160355906 0.03309803047025784 0.0025882137858537968 0.0028499127925356565 -0.0053823251705910199 -0.010103171198749854 0.0079086094391187887 -0.010231073892672547 -0.010052350909292681 -0.010194239226118191 -0.010092485677157504 -0.010141019958641891 -0.010076190162199621 -0.010036935170720278 -0.010028930585558919
leaf_weight=0.26337633514776715 3.0292961422819635 1.0095556611195187 1.7099572580773372 1.2680938076227906 1.2180514303036032 52.036860420368612 28.651035343995318 9.168443563859908 0.46201146533712645 14.078262818511574 19.848272167146206 10.374964605551211 0.46893207752145816 3.2912271218374372 4.8114286134950817 0.19507382204756141 0.30425252392888069 0.15202985797077417 0.33389228419400752 0.19556369492784142 0.072131526656448841 0.064885198837146163
leaf_count=30 330 144 210 120 168 7020 3504 936 42 1434 2268 1254 72 306 636 54 30 30 42 42 24 24
internal_value=-2.76938e-05 5.71739e-05 -0.00243519 -0.0054012 0.0018675 0.000312143 0.00144695 0.00608256 -0.000582949 0.00355765 0.000281074 -0.0015476 0.00183176 0.00368245 -0.00850566 -0.0101119 -0.010139 -0.0101511 -0.0101258 -0.0100562 -0.0100444 -0.0100331
internal_weight=153.008 151.731 14.0815 8.30713 2.48615 137.649 60.697 12.1977 76.9521 14.5403 48.4993 62.4118 5.77437 5.00118 5.82098 1.27695 0.773185 0.749298 0.485922 0.527654 0.332091 0.137017
internal_count=18720 18474 1686 1068 288 16788 7038 1266 9750 1476 5772 8274 618 516 780 246 102 102 72 144 102 48
is_linear=0
shrinkage=0.01


Tree=129
num_leaves=23
num_cat=0
split_feature=0 0 0 1 0 1 0 0 0 0 0 0 1 1 1 1 0 1 1 0 1 1
split_gain=1.29623 0.947133 1.75681 1.85839 3.37137 1.3688 3.19127 3.71647 3.00812 3.92813 2.16968 1.80687 1.2596 1.67374 0.824389 2.70472e-05 1.48533e-05 8.54852e-06 2.38761e-06 1.20519e-06 2.88147e-07 2.12402e-08
threshold=15.820000000000002 71.163333333333341 76.315000000000012 0.14166666666666669 72.968333333333348 0.1483333333333334 44.245000000000005 33.466666666666676 58.098333333333343 58.19166666666667 69.321666666666687 52.880000000000003 0.14500000000000005 0.13500000000000004 0.13166666666666668 0.15833333333333341 79.815000000000012 0.14500000000000005 0.15500000000000005 13.535000000000002 0.16833333333333336 0.17166666666666672
decision_type=2 2 2 2 2 2 2 2 2 2 2 2 2 2 2 2 2 2 2 2 2 2
left_child=15 5 3 14 -5 6 7 -2 11 -10 -8 -7 13 -4 -3 17 -14 -1 -19 20 -17 -22
right_child=1 2 12 4 -6 8 10 -9 9 -11 -12 -13 16 -15 -16 19 -18 18 -20 -21 21 -23
leaf_value=-0.010195672288442941 -0.0036470491662543305 -0.00027978719677267594 -0.0044259597758105921 0.013119206963806775 -0.01016162866770094 -0.00077579691916998647 -0.00041454472211691892 0.0091316490176997743 0.031734785443208839 0.0025559294566730125 0.0067345833431163449 -0.0053562901508088694 -0.010102143304831461 0.0077712886479130222 -0.010228820463594161 -0.010051829861971784 -0.010192304207278879 -0.010091564220975282 -0.01013960896726483 -0.010075431962834034 -0.010036567071132341 -0.010028642139324051
leaf_weight=0.26080590719357022 3.0187688285950562 1.0092808061744998 1.7027846085838962 1.2844455474987628 1.2061224603094158 51.997667293297127 43.811623931629583 9.2488446906208974 0.47696212283335526 14.113348767394198 4.7005669076461336 10.321408957941456 0.46431312966160465 3.3157653729431331 4.7645982981193811 0.19314276473596692 0.30128206079825759 0.15053081163205206 0.33061577240005136 0.19363230257295072 0.071416412480175495 0.06424141931347549
leaf_count=30 330 144 210 120 168 7020 5310 936 42 1434 462 1254 72 306 636 54 30 30 42 42 24 24
internal_value=-2.75209e-05 5.64997e-05 -0.00241689 -0.0053753 0.00184486 0.000308862 0.00143044 0.00598711 -0.000577499 0.0035098 0.000278167 -0.00153443 0.00181012 0.00363279 -0.00848972 -0.0101108 -0.0101376 -0.0101496 -0.0101246 -0.0100556 -0.010044 -0.0100328
internal_weight=153.002 151.738 14.0486 8.26445 2.49057 137.689 60.7798 12.2676 76.9094 14.5903 48.5122 62.3191 5.78415 5.01855 5.77388 1.26439 0.765595 0.741952 0.481147 0.522433 0.328801 0.135658
internal_count=18720 18474 1686 1068 288 16788 7038 1266 9750 1476 5772 8274 618 516 780 246 102 102 72 144 102 48
is_linear=0
shrinkage=0.01


Tree=130
num_leaves=23
num_cat=0
split_feature=0 0 0 1 0 1 0 0 0 0 0 0 1 1 1 1 0 1 1 0 1 1
split_gain=1.28313 0.930346 1.73182 1.84236 3.28946 1.34007 3.10493 3.60338 2.94409 3.71104 2.15093 1.78411 1.24032 1.6297 0.822874 2.62477e-05 1.44161e-05 8.29703e-06 2.31667e-06 1.16964e-06 2.79664e-07 2.06136e-08
threshold=15.820000000000002 71.163333333333341 76.315000000000012 0.14166666666666669 72.968333333333348 0.1483333333333334 44.245000000000005 33.466666666666676 58.098333333333343 58.19166666666667 63.031666666666673 52.880000000000003 0.14500000000000005 0.13500000000000004 0.13166666666666668 0.15833333333333341 79.815000000000012 0.14500000000000005 0.15500000000000005 13.535000000000002 0.16833333333333336 0.17166666666666672
decision_type=2 2 2 2 2 2 2 2 2 2 2 2 2 2 2 2 2 2 2 2 2 2
left_child=15 5 3 14 -5 6 7 -2 11 -10 -8 -7 13 -4 -3 17 -14 -1 -19 20 -17 -22
right_child=1 2 12 4 -6 8 10 -9 9 -11 -12 -13 16 -15 -16 19 -18 18 -20 -21 21 -23
leaf_value=-0.010193719125139243 -0.0036231527622098626 -0.00027706454196082565 -0.0044001469228307812 0.012825676988458027 -0.010160028234820529 -0.00076861547167927609 -0.0014821118839531918 0.0089628555377801629 0.030468995660452556 0.002524127369310329 0.002797559050199913 -0.0053302524164540793 -0.010101125635681989 0.0076373677305279419 -0.010226588525709665 -0.010051314155257488 -0.010190388324734441 -0.010090651813776972 -0.010138212163731621 -0.010074681158741845 -0.010036202529787271 -0.010028356362468531
leaf_weight=0.25826007244177052 3.0083446733187875 1.0090087102726082 1.6956818441394705 1.3006205719430002 1.1943084814120082 51.958864530082792 28.598620089469478 9.3283890681341273 0.4917325135320415 14.148079429054631 19.926245361100882 10.268376532243563 0.4597392149735241 3.3400447382591665 4.7182141090743244 0.19123072386719286 0.29834005236625671 0.14904641173779964 0.32737096585333347 0.19171984121203423 0.070708362152799964 0.063604009337723255
leaf_count=30 330 144 210 120 168 7020 3504 936 42 1434 2268 1254 72 306 636 54 30 30 42 42 24 24
internal_value=-2.7347e-05 5.58351e-05 -0.00239868 -0.00534941 0.00182255 0.000305619 0.00141416 0.00589372 -0.000572095 0.00346276 0.000275292 -0.00152135 0.00178878 0.00358397 -0.0084737 -0.0101097 -0.0101363 -0.0101481 -0.0101233 -0.0100551 -0.0100435 -0.0100325
internal_weight=152.997 151.745 14.016 8.22215 2.49493 137.729 60.8616 12.3367 76.8671 14.6398 48.5249 62.2272 5.79381 5.03573 5.72722 1.25194 0.758079 0.734677 0.476417 0.517263 0.325543 0.134312
internal_count=18720 18474 1686 1068 288 16788 7038 1266 9750 1476 5772 8274 618 516 780 246 102 102 72 144 102 48
is_linear=0
shrinkage=0.01


Tree=131
num_leaves=28
num_cat=0
split_feature=7 7 7 1 1 1 1 7 7 1 7 7 1 1 7 1 7 7 7 7 1 7 7 7 7 1 1
split_gain=36.7117 4.07 1.72443 1.68244 1.42683 2.96356 2.28321 3.4611 2.21909 1.34589 1.20207 1.11377 0.716662 2.896 4.80662 0.737746 0.251636 7.98903 0.159895 1.55799 1.87201 0.321284 2.04861 1.95585e-05 1.34318e-05 2.60841e-07 8.83218e-08
threshold=140.25000000000003 46.350000000000001 304.55000000000007 0.18833333333333335 0.1483333333333334 0.15500000000000005 0.13833333333333339 130.75000000000003 71.65000000000002 0.18500000000000003 50.850000000000001 1.0000000180025095e-35 0.16500000000000004 0.15500000000000005 272.95000000000005 0.14166666666666669 200.65000000000001 198.05000000000004 449.45000000000005 429.95000000000005 0.17500000000000002 1137.5000000000002 1272.5000000000002 64.050000000000011 300.95000000000005 0.17500000000000002 0.17500000000000002
decision_type=2 2 2 2 2 2 2 2 2 2 2 2 2 2 2 2 2 2 2 2 2 2 2 2 2 2 2
left_child=1 3 12 9 6 23 7 -3 -8 11 -7 -1 13 15 -15 -2 17 -14 19 26 -21 25 -23 -6 -18 -20 -4
right_child=2 4 18 -5 5 10 8 -9 -10 -11 -12 -13 16 14 -16 -17 24 -19 21 20 -22 22 -24 -25 -26 -27 -28
leaf_value=-0.010042682969632892 -0.0044387192702771867 -0.0042540859859661806 -0.01003423167945197 0.021083670192852837 -0.010128104866240365 -0.010111081019778961 0.012365872527616777 0.01111441328493999 0.0020074713716648736 -0.010756287650390184 0.0012410319119773138 0.0048396889905736986 -0.010048044159581878 -0.0024935141944466967 0.024695888559485839 -0.010045769810343289 -0.010047083418361271 0.07433280918709359 -0.010034388303450851 -0.0038720156580669585 0.02342920328634366 0.0027345316324657054 -0.01003742661230422 -0.010076290907763687 -0.010125987579911523 -0.010030339533042503 -0.010030159563214376
leaf_weight=0.50667023565620084 7.1090745907276887 6.8295944686979073 5.1934037450701025 0.62481772154569526 1.1187720308080344 0.99885520990937848 3.5496728345751745 1.8656936483457682 4.9554147669114172 0.56606046669185062 14.099439609097315 66.946468417998403 2.1097137909382577 2.6436908305622633 0.86225397419184435 3.5028161332011223 2.5930270142853264 0.11850616196170438 12.217285417253153 1.6096249613910911 0.29759042989462603 1.5648327996022988 6.3607663491275162 2.0885219336487353 0.23532021837308992 1.8294992374721903 0.59350123978219915
leaf_count=120 1384 961 1543 16 90 93 248 71 542 14 1596 2524 487 473 95 795 594 24 3613 199 18 353 1742 285 21 618 201
internal_value=-2.71726e-05 0.00332736 -0.00718049 0.00474909 0.000578715 -0.00136446 0.00264675 -0.000956563 0.00633064 0.00459904 0.000490012 0.0047279 -0.00484325 -0.00368623 0.00419346 -0.00628952 -0.00807362 -0.00556031 -0.00869112 -0.00745048 0.000387903 -0.00912555 -0.00751573 -0.0100944 -0.0100536 -0.0100339 -0.0100338
internal_weight=152.991 104.15 48.8409 68.644 35.506 18.3056 17.2004 8.69529 8.50509 68.0192 15.0983 67.4531 19.1744 14.1178 3.50594 10.6119 5.05657 2.22822 29.6665 7.69412 1.90722 21.9724 7.9256 3.20729 2.82835 14.0468 5.7869
internal_count=18720 6560 12160 2674 3886 2064 1822 1032 790 2658 1689 2644 3873 2747 568 2179 1126 511 8287 1961 217 6326 2095 375 615 4231 1744
is_linear=0
shrinkage=0.01


Tree=132
num_leaves=27
num_cat=0
split_feature=7 7 7 7 1 1 1 1 7 1 7 1 1 1 1 1 1 7 7 1 7 7 7 1 1 7
split_gain=36.125 3.97533 1.72533 1.69292 2.28109 3.00291 1.30553 1.45603 1.07722 0.982852 1.24277 0.745337 0.716303 1.33335 2.33201 0.738199 0.669332 0.160675 1.55312 1.79951 0.323381 2.03777 5.30618e-07 2.53094e-07 8.57034e-08 5.04541e-08
threshold=140.25000000000003 62.850000000000001 304.55000000000007 130.75000000000003 0.13833333333333339 0.14166666666666669 0.18833333333333335 0.18500000000000003 16.550000000000004 0.13833333333333339 135.55000000000004 0.12833333333333338 0.17166666666666672 0.15500000000000005 0.16166666666666671 0.14166666666666669 0.16500000000000004 449.45000000000005 429.95000000000005 0.17500000000000002 1137.5000000000002 1272.5000000000002 296.25000000000006 0.17500000000000002 0.17500000000000002 257.05000000000007
decision_type=2 2 2 2 2 2 2 2 2 2 2 2 2 2 2 2 2 2 2 2 2 2 2 2 2 2
left_child=1 6 12 4 11 -6 7 8 -1 10 -5 -3 13 15 -15 -2 -11 18 24 -20 23 -22 25 -19 -4 -14
right_child=2 3 17 9 5 -7 -8 -9 -10 16 -12 -13 22 14 -16 -17 -18 20 19 -21 21 -23 -24 -25 -26 -27
leaf_value=0.0058564011222692058 -0.0044137256390235809 -0.00031444441880346585 -0.010033889946366637 0.018094119646225801 0.01064337179586345 -0.0014504776636390538 0.018071170005784447 -0.010659609205753172 0.0034465366601028409 -0.0031559791812370681 0.0017397616525699042 -0.010058762081725464 -0.01003649936822686 0.0077063952103763132 -0.0050328173830797678 -0.010045312461340255 0.0070516196787563882 -0.0100340448665603 -0.003847991132064858 0.022673552281106648 0.002699824449980041 -0.010037052872422736 -0.010059483309405958 -0.010030036749923824 -0.010029858599780641 -0.010040130421252121
leaf_weight=30.415253533516079 7.0779943482484722 1.0238266019150675 5.1419027966912862 1.054630679078399 2.4092251104302731 13.890047282679005 0.69070022366940875 0.64849622361361881 47.544168372638524 1.4378444938920441 0.83059192821383465 3.3645641403272748 1.7032685659360138 2.2498670055065295 3.9770414845552295 3.4681196657475084 1.1611469248309729 12.096133193932475 1.6035084943287072 0.30439821910113085 1.5690780896693457 6.2977089842315763 0.11355628026649345 1.8113498191814859 0.58761334558948863 0.49356601969338942
leaf_count=806 1384 135 1543 41 235 1791 19 24 2645 139 30 611 481 336 728 795 84 3613 199 18 353 1742 22 618 201 127
internal_value=-2.71702e-05 0.00328383 -0.00715988 -0.000178469 -0.00138586 0.000337136 0.00438287 0.0042626 0.00438673 0.00539176 0.0108887 -0.00778538 -0.00481825 -0.0040992 -0.000429966 -0.00626569 0.00140445 -0.00867923 -0.00743123 0.000383406 -0.00911696 -0.00749661 -0.0100384 -0.0100335 -0.0100335 -0.0100373
internal_weight=152.966 104.47 48.4951 25.1719 20.6877 16.2993 79.2986 78.6079 77.9594 4.48421 1.88522 4.38839 19.0834 16.773 6.22691 10.5461 2.59899 29.4117 7.63742 1.90791 21.7743 7.86679 2.31039 13.9075 5.72952 2.19683
internal_count=18720 6560 12160 3066 2772 2026 3494 3475 3451 294 71 746 3873 3243 1064 2179 223 8287 1961 217 6326 2095 630 4231 1744 608
is_linear=0
shrinkage=0.01


Tree=133
num_leaves=27
num_cat=0
split_feature=7 7 7 7 1 1 1 1 7 1 7 1 1 1 1 1 1 7 7 1 1 7 7 7 1 7
split_gain=35.5481 3.86948 1.72628 1.65316 2.25544 2.9156 1.25094 1.42956 1.04835 0.947347 1.18339 0.743803 0.715445 1.32086 2.28055 0.738618 0.652647 0.161452 1.54823 1.73108 0.325524 1.2152 0.0893948 5.14904e-07 8.31647e-08 4.89609e-08
threshold=140.25000000000003 62.850000000000001 304.55000000000007 130.75000000000003 0.13833333333333339 0.14166666666666669 0.18833333333333335 0.18500000000000003 1.0000000180025095e-35 0.13833333333333339 135.55000000000004 0.12833333333333338 0.17166666666666672 0.15500000000000005 0.16166666666666671 0.14166666666666669 0.16500000000000004 449.45000000000005 429.95000000000005 0.17500000000000002 0.13166666666666668 1248.5000000000002 1137.5000000000002 296.25000000000006 0.17500000000000002 257.05000000000007
decision_type=2 2 2 2 2 2 2 2 2 2 2 2 2 2 2 2 2 2 2 2 2 2 2 2 2 2
left_child=1 6 12 4 11 -6 7 8 -1 10 -5 -3 13 15 -15 -2 -11 18 24 -20 21 -19 -22 25 -4 -14
right_child=2 3 17 9 5 -7 -8 -9 -10 16 -12 -13 23 14 -16 -17 -18 20 19 -21 22 -23 -24 -25 -26 -27
leaf_value=-0.010042504594664044 -0.0043887650272227286 -0.00031139637171267342 -0.010033551651572228 0.017612171218262619 0.010427264239067723 -0.0014380305370508542 0.017617885765150908 -0.010652879177450524 0.0044184440680723556 -0.0031341281347295083 0.001719530112606894 -0.01005817435976585 -0.010036134921345379 0.0075713131722953079 -0.005007445987896644 -0.010044859673858802 0.0069334723428111315 -0.010035931238094056 -0.0038240259389567184 0.021958764725819323 -0.01003301939312439 0.006719410197007173 -0.0086223777376031562 -0.010058888828454817 -0.010029560615599384 -0.010039729700285783
leaf_weight=0.50457152165472408 7.0472220121882909 1.0235099387355209 5.090910782339054 1.0725633427500714 2.43443685024977 13.870271663647143 0.70133186876773734 0.6424471577629437 77.770947838202119 1.4334127972833814 0.83195392787456501 3.3312798563856632 1.6863816862460224 2.2670202329754821 3.9573193779215217 3.4337652600370347 1.1690834383480249 1.5777319190092414 1.5974526433274148 0.31112909968942393 12.339650494745003 0.59650503983721126 7.0642258017323902 0.11243298766203214 0.58178369444794942 0.48867436102591444
leaf_count=120 1384 135 1543 41 235 1791 19 24 3331 139 30 611 481 336 728 795 84 450 199 18 3813 135 1928 22 201 127
internal_value=-2.71148e-05 0.00324108 -0.00713915 -0.000176926 -0.00137403 0.000333563 0.00432146 0.0042033 0.00432523 0.0053104 0.0106698 -0.00776738 -0.00479307 -0.00407487 -0.000426028 -0.00624181 0.0013884 -0.00866725 -0.0074119 0.000378978 -0.00910831 -0.00543908 -0.00951946 -0.010038 -0.0100331 -0.0100369
internal_weight=152.938 104.786 48.1522 25.1665 20.6595 16.3047 79.6193 78.918 78.2755 4.50701 1.90452 4.35479 18.9928 16.7053 6.22434 10.481 2.6025 29.1594 7.58128 1.90858 21.5781 2.17424 19.4039 2.28749 5.67269 2.17506
internal_count=18720 6560 12160 3066 2772 2026 3494 3475 3451 294 71 746 3873 3243 1064 2179 223 8287 1961 217 6326 585 5741 630 1744 608
is_linear=0
shrinkage=0.01


Tree=134
num_leaves=27
num_cat=0
split_feature=7 7 7 1 1 1 1 7 7 1 7 7 1 1 7 1 7 7 1 7 7 7 7 1 1 7
split_gain=34.9809 3.77387 1.72713 1.48764 1.37968 2.93033 2.15417 3.21101 2.105 1.27315 1.19348 1.06927 0.714554 1.30842 2.23672 0.739002 0.162223 1.54334 1.66641 0.327597 2.04464 1.9958e-05 4.99656e-07 2.3835e-07 8.06965e-08 4.75049e-08
threshold=140.25000000000003 46.350000000000001 304.55000000000007 0.18833333333333335 0.1483333333333334 0.15500000000000005 0.13833333333333339 130.75000000000003 71.65000000000002 0.18500000000000003 50.850000000000001 1.0000000180025095e-35 0.17166666666666672 0.15500000000000005 272.95000000000005 0.14166666666666669 449.45000000000005 429.95000000000005 0.17500000000000002 1137.5000000000002 1272.5000000000002 64.050000000000011 296.25000000000006 0.17500000000000002 0.17500000000000002 257.05000000000007
decision_type=2 2 2 2 2 2 2 2 2 2 2 2 2 2 2 2 2 2 2 2 2 2 2 2 2 2
left_child=1 3 12 9 6 21 7 -3 -8 11 -7 -1 13 15 -15 -2 17 24 -19 23 -21 -6 25 -18 -4 -14
right_child=2 4 16 -5 5 10 8 -9 -10 -11 -12 -13 22 14 -16 -17 19 18 -20 20 -22 -23 -24 -25 -26 -27
leaf_value=-0.010042079927533969 -0.0043638384073982194 -0.0041876189250193239 -0.010033216795244075 0.019552245735601145 -0.010127766096449718 -0.010110765727400623 0.011925168964842541 0.010457505555922677 0.001910545440243115 -0.010732995785193447 0.0012167566675810274 0.0046417100927837714 -0.010035774241824825 -0.0037494607348624843 0.010382245586748631 -0.010044411535220425 -0.010033368720470734 -0.0038001208789478053 0.021281621768122119 0.0027729734282740384 -0.010036441683252571 -0.010075258265078508 -0.01005830036732086 -0.010029440119906976 -0.010029265780943221 -0.010039332845430538
leaf_weight=0.49957198323681851 7.016754736658191 6.7526845734100807 5.0404227508697685 0.65517601929604907 1.1157365916296869 0.99568130169063707 3.619901030790059 1.9235909078270195 4.9950032141059637 0.55060748849064012 14.128981977468355 67.802141021005809 1.6696616201661525 4.7568577374331644 1.464933027513325 3.399749664356932 11.857412817189472 1.5914567587897179 0.317784166894853 1.5601569542195637 6.1907276844140142 2.0611326801590621 0.11132074124179769 1.775581954512744 0.57601169892586757 0.48383099935017515
leaf_count=120 1384 961 1543 16 90 93 248 71 542 14 1596 2524 481 898 166 795 3613 199 18 353 1742 285 22 618 201 127
internal_value=-2.70545e-05 0.00319894 -0.00711833 0.00455493 0.000550885 -0.00136283 0.00257642 -0.000940692 0.0061186 0.00441222 0.000471047 0.00453431 -0.0047679 -0.00405058 -0.000422122 -0.00621787 -0.0086552 -0.00739248 0.000374617 -0.00909959 -0.00745807 -0.0100937 -0.0100376 -0.0100329 -0.0100328 -0.0100366
internal_weight=152.913 105.1 47.8127 69.5075 35.5927 18.3015 17.2912 8.67628 8.6149 68.8523 15.1247 68.3017 18.9031 16.6383 6.22179 10.4165 28.9096 7.52568 1.90924 21.3839 7.75088 3.17687 2.26481 13.633 5.61643 2.15349
internal_count=18720 6560 12160 2674 3886 2064 1822 1032 790 2658 1689 2644 3873 3243 1064 2179 8287 1961 217 6326 2095 375 630 4231 1744 608
is_linear=0
shrinkage=0.01


Tree=135
num_leaves=23
num_cat=0
split_feature=0 0 0 1 0 1 0 0 0 0 0 0 0 0 1 1 1 1 1 0 1 1
split_gain=1.26731 0.936316 1.70951 1.82964 3.19621 1.28735 3.00675 3.50763 2.82793 3.57262 2.08598 1.78841 1.2139 1.45206 1.03692 0.821367 2.65822e-05 8.38274e-06 2.33518e-06 1.29619e-06 3.06877e-07 2.30431e-08
threshold=15.820000000000002 71.163333333333341 76.315000000000012 0.14166666666666669 72.968333333333348 0.1483333333333334 44.245000000000005 33.466666666666676 58.098333333333343 58.371666666666677 63.031666666666673 52.880000000000003 77.526666666666685 82.076666666666668 0.13833333333333339 0.13166666666666668 0.15833333333333341 0.14500000000000005 0.15500000000000005 13.535000000000002 0.16833333333333336 0.17166666666666672
decision_type=2 2 2 2 2 2 2 2 2 2 2 2 2 2 2 2 2 2 2 2 2 2
left_child=16 5 3 15 -5 6 7 -2 11 -10 -8 -7 14 -14 -4 -3 17 -1 -19 20 -18 -22
right_child=1 2 12 4 -6 8 10 -9 9 -11 -12 -13 13 -15 -16 -17 19 18 -20 -21 21 -23
leaf_value=-0.010196025262890658 -0.0036231584969491303 -0.00028899907116588299 0.0017847994687254566 0.01248098171257434 -0.010163394989065955 -0.00073686810321924587 -0.001468117794312902 0.0087873490537477873 0.022540792716014894 0.0021171202608160152 0.0027441933244976443 -0.0053137601560118517 -0.0041945371623080506 0.0095031735917950229 0.018393121749407965 -0.010230990687006194 -0.010051533595679164 -0.010091984774420606 -0.010140005001777067 -0.010076445337754581 -0.010035458940312237 -0.010026983441001938
leaf_weight=0.25740152411162742 3.0047827858943483 1.0096424750518034 0.81477468088269123 1.3197856929618867 1.181196423480287 51.752188052516431 28.531652382109314 9.4074310611467791 0.91313618724234302 13.805212940322233 19.995056818937883 10.224001223687081 3.2858061634469777 1.0123423838522283 0.69792877836152911 4.6959581007249653 0.18702979548834264 0.14673935133032501 0.3267967002466321 0.1893386144656688 0.068224306451156735 0.060546281514689326
leaf_count=30 330 144 78 120 168 7020 3504 936 90 1386 2268 1254 366 114 60 636 54 30 42 42 24 24
internal_value=-2.7003e-05 5.51941e-05 -0.00240697 -0.00534557 0.0017862 0.000305956 0.00139093 0.00578298 -0.000556132 0.00338422 0.000267533 -0.0014919 0.00174317 -0.000968317 0.00944752 -0.00847169 -0.0101115 -0.0101501 -0.0101251 -0.0100558 -0.0100434 -0.0100315
internal_weight=152.887 151.651 14.0174 8.20658 2.50098 137.633 60.9389 12.4122 76.6945 14.7183 48.5267 61.9762 5.81085 4.29815 1.5127 5.7056 1.23608 0.730938 0.473536 0.505139 0.3158 0.128771
internal_count=18720 18474 1686 1068 288 16788 7038 1266 9750 1476 5772 8274 618 480 138 780 246 102 72 144 102 48
is_linear=0
shrinkage=0.01


Tree=136
num_leaves=28
num_cat=0
split_feature=7 7 7 7 1 1 1 1 1 7 7 1 1 1 7 1 7 7 7 7 1 7 7 7 1 1 1
split_gain=34.4196 3.68233 1.72787 1.59231 1.38252 1.3302 1.72519 1.15085 1.379 1.12655 1.03199 0.913767 0.713385 2.77385 4.46874 0.739275 0.258315 7.52922 0.163019 1.5385 1.61108 0.329755 2.03375 1.31335e-05 1.17297e-06 2.36529e-07 8.0479e-08
threshold=140.25000000000003 62.850000000000001 304.55000000000007 122.65000000000002 0.13833333333333339 0.17166666666666672 0.16500000000000004 0.18833333333333335 0.18500000000000003 81.750000000000014 16.550000000000004 0.12833333333333338 0.16500000000000004 0.15500000000000005 272.95000000000005 0.14166666666666669 200.65000000000001 198.05000000000004 449.45000000000005 429.95000000000005 0.17500000000000002 1137.5000000000002 1272.5000000000002 300.95000000000005 0.18166666666666673 0.17500000000000002 0.17500000000000002
decision_type=2 2 2 2 2 2 2 2 2 2 2 2 2 2 2 2 2 2 2 2 2 2 2 2 2 2 2
left_child=1 7 12 4 11 6 -5 8 10 -6 -1 -3 13 15 -15 -2 17 -14 19 26 -21 25 -23 -18 -7 -20 -4
right_child=2 3 18 5 9 24 -8 -9 -10 -11 -12 -13 16 14 -16 -17 23 -19 21 20 -22 22 -24 -25 -26 -27 -28
leaf_value=0.0056366492798338502 -0.0043410173430074644 0.0018612732296196133 -0.010032904353153778 0.0028003857303755624 0.0028542316068433612 -0.010069064485152825 0.016397728545158762 0.016773009384035382 -0.010638700399603662 -0.0027963833557113254 0.0032922632661980178 -0.010053246069303037 -0.010046707188431172 -0.0024886376517189155 0.023344201791893195 -0.010044029341604548 -0.010045963961704161 0.069862910200743991 -0.010033055941597226 -0.0037785818168561297 0.020701164921624673 0.0027385518457118153 -0.010036090730990878 -0.01012472953398301 -0.010099397525433387 -0.010029121133193913 -0.010028936673553299
leaf_weight=30.809593380894512 6.9890015707351285 0.83786531444639623 4.990398715715858 5.3889169511385253 6.1718449899926773 0.45084527181461442 1.1285013454034922 0.72195389308035274 0.63062254479154844 8.2371294524054957 48.076162070035934 2.7776769390329719 2.0436210935004051 2.641942050075158 0.89699540892615903 3.3685058415867388 2.5167712727561597 0.12512988271191705 11.740525389323013 1.5860754265449939 0.32371816784143437 1.564340031472965 6.1285256810951978 0.23113432433456171 0.17774373106658459 1.756218057591467 0.56956914183683682
leaf_count=806 1384 118 1543 430 686 71 68 19 24 1126 2645 546 487 473 95 795 594 24 3613 199 18 353 1742 21 21 618 201
internal_value=-2.68321e-05 0.00315742 -0.00709722 -0.000179665 -0.00176335 0.00381489 0.00515479 0.00420426 0.00409014 -0.000376036 0.00420789 -0.00729218 -0.00474251 -0.00358422 0.00405907 -0.00619577 -0.00801628 -0.00543618 -0.00864294 -0.00737268 0.00037084 -0.00909073 -0.00743837 -0.0100526 -0.0100776 -0.0100325 -0.0100325
internal_weight=152.881 105.409 47.4725 25.1705 18.0245 7.14601 6.51742 80.2383 79.5164 14.409 78.8858 3.61554 18.8131 13.8964 3.53894 10.3575 4.91666 2.16875 28.6594 7.46976 1.90979 21.1896 7.69287 2.74791 0.628589 13.4967 5.55997
internal_count=18720 6560 12160 3066 2476 590 498 3494 3475 1812 3451 664 3873 2747 568 2179 1126 511 8287 1961 217 6326 2095 615 92 4231 1744
is_linear=0
shrinkage=0.01


Tree=137
num_leaves=27
num_cat=0
split_feature=7 7 7 7 1 1 7 1 1 7 1 1 1 1 1 1 7 7 7 1 1 7 7 7 1 1
split_gain=33.8727 3.58531 1.72839 1.55931 1.28558 2.72407 1.67366 1.10449 1.35436 1.00704 0.713295 1.28866 2.20593 0.739592 0.531824 1.22498 1.14852 0.163786 1.5336 1.55278 0.331969 1.22275 0.0913168 4.62256e-07 7.80923e-08 4.20628e-08
threshold=140.25000000000003 62.850000000000001 304.55000000000007 133.35000000000005 0.13833333333333339 0.14166666666666669 130.75000000000003 0.18833333333333335 0.18500000000000003 1.0000000180025095e-35 0.17166666666666672 0.15500000000000005 0.16166666666666671 0.14166666666666669 0.14500000000000005 0.16500000000000004 138.05000000000004 449.45000000000005 429.95000000000005 0.17500000000000002 0.13166666666666668 1248.5000000000002 1137.5000000000002 296.25000000000006 0.17500000000000002 0.17500000000000002
decision_type=2 2 2 2 2 2 2 2 2 2 2 2 2 2 2 2 2 2 2 2 2 2 2 2 2 2
left_child=1 7 10 4 6 -6 -3 8 9 -1 11 13 -13 -2 16 -16 -5 18 24 -20 21 -19 -22 25 -4 -12
right_child=2 3 17 14 5 -7 -8 -9 -10 -11 23 12 -14 -15 15 -17 -18 20 19 -21 22 -23 -24 -25 -26 -27
leaf_value=-0.010041858870283025 -0.0043161592108027329 -0.0077267738408918554 -0.010032575968857236 0.0040462517936589075 0.00963732588607699 -0.0016240467733136925 0.01289538597318848 0.016372151120924713 -0.01063218878078929 0.0042392104252482448 -0.010037750674007929 0.0073947308836644276 -0.0049589919961822186 -0.010043589418031594 -0.010100013559883445 0.0077877352187836419 0.020073911882444201 -0.010035072882087777 -0.0037547938885709869 0.020087873802076623 -0.010032049921839059 0.0068972496753251355 -0.0085876276051199789 -0.010057046378826809 -0.010028648032276989 -0.010034834390756271
leaf_weight=0.49688813136890431 6.9591113012284094 4.2805840761866483 4.9409042699262526 1.3891560118645427 2.5316412234678891 14.174952306784688 0.43339399248361576 0.73218170553445716 0.62472821585833926 78.695234502200037 0.78990009054541577 2.2897597174160174 3.9198610200546682 3.3351339553482831 0.58359948825091112 1.1129001518711445 0.65928297862410534 1.5371203760150849 1.5801922320388255 0.33023193292319764 11.973117812070997 0.59025902324356128 6.8987346261274061 0.10895916889421631 0.56391797936521459 1.322886246955022
leaf_count=120 1384 746 1543 56 242 1830 26 19 24 3331 216 336 728 795 60 75 31 450 199 18 3813 135 1928 22 201 392
internal_value=-2.68017e-05 0.0031167 -0.00707629 -0.000178061 -0.00121887 8.24504e-05 -0.00583081 0.00414606 0.00403391 0.0041496 -0.00471757 -0.00400147 -0.000403632 -0.00617173 0.00577523 0.00163431 0.0092047 -0.00863073 -0.00735309 0.0003666 -0.00908189 -0.00533706 -0.00950403 -0.010037 -0.0100322 -0.0100359
internal_weight=152.855 105.715 47.1401 25.1655 21.4206 16.7066 4.71398 80.549 79.8169 79.1921 18.7256 16.5039 6.20962 10.2942 3.74494 1.6965 2.04844 28.4145 7.41525 1.91042 20.9992 2.12738 18.8719 2.22175 5.50482 2.11279
internal_count=18720 6560 12160 3066 2844 2072 772 3494 3475 3451 3873 3243 1064 2179 222 135 87 8287 1961 217 6326 585 5741 630 1744 608
is_linear=0
shrinkage=0.01


Tree=138
num_leaves=27
num_cat=0
split_feature=7 7 7 1 1 1 7 7 1 1 7 7 1 1 1 1 7 7 1 7 7 7 7 1 1 1
split_gain=33.3342 3.49527 1.72894 1.34234 2.89891 2.03337 3.03803 1.99096 1.32639 1.20425 1.18342 1.02609 0.712302 1.27632 2.15771 0.739874 0.164548 1.52869 1.49746 0.333999 2.04035 2.02244e-05 4.48565e-07 2.22706e-07 7.57798e-08 4.08146e-08
threshold=140.25000000000003 46.350000000000001 304.55000000000007 0.1483333333333334 0.15500000000000005 0.13833333333333339 130.75000000000003 71.65000000000002 0.18833333333333335 0.18500000000000003 50.850000000000001 1.0000000180025095e-35 0.17166666666666672 0.15500000000000005 0.16166666666666671 0.14166666666666669 449.45000000000005 429.95000000000005 0.17500000000000002 1137.5000000000002 1272.5000000000002 64.050000000000011 296.25000000000006 0.17500000000000002 0.17500000000000002 0.17500000000000002
decision_type=2 2 2 2 2 2 2 2 2 2 2 2 2 2 2 2 2 2 2 2 2 2 2 2 2 2
left_child=1 8 12 5 21 6 -3 -7 9 11 -6 -1 13 15 -15 -2 17 24 -19 23 -21 -5 25 -18 -4 -14
right_child=2 3 16 4 10 7 -8 -9 -10 -11 -12 -13 22 14 -16 -17 19 18 -20 20 -22 -23 -24 -25 -26 -27
leaf_value=-0.010041440293003464 -0.0042913387878636879 -0.004129020197333997 -0.010032250735235693 -0.01012742089513646 -0.010110365179860732 0.011505688974607686 0.010015629519043978 0.001832550808155389 0.018229259269726718 -0.010709983847630208 0.0011907060666043587 0.0044522023233485516 -0.010037373735283135 0.0072673756199491488 -0.0049336335657884142 -0.010043153966831996 -0.010032399276429401 -0.003731068508812687 0.019504619818162688 0.0028109145547380965 -0.010035500232362852 -0.010074402085135586 -0.010056476334583035 -0.010028542908992737 -0.010028362054297649 -0.010034486703330474
leaf_weight=0.49196441285312076 6.9295172616839462 6.6861876633483934 4.8918992648832527 1.1124188471585541 0.99149972153827448 3.6893017510883492 1.9646601025015114 5.0272006159648299 0.68377493880689044 0.53514419682323833 14.160585467936469 68.639688746538013 0.78206967934966076 2.3065020821522912 3.9007051021326333 3.3020912820938975 11.508800362702461 1.5743673183023927 0.33667285554110993 1.5555670305620868 6.0248202269431204 2.0368276908993721 0.10788109083659936 1.7215358377434302 0.55832274281419803 1.309768467210233
leaf_count=120 1384 961 1543 90 93 248 71 542 16 14 1596 2524 216 336 728 795 3613 199 18 353 1742 285 22 618 201 392
internal_value=-2.67362e-05 0.00307654 -0.00705522 0.000526551 -0.00136324 0.00251797 -0.000916684 0.00592675 0.00436942 0.00423338 0.000451203 0.00434906 -0.00469245 -0.00397734 -0.000399927 -0.00614765 -0.00861842 -0.00733342 0.000362422 -0.00907296 -0.00739929 -0.0100931 -0.0100366 -0.0100319 -0.0100319 -0.0100356
internal_weight=152.83 106.019 46.8105 35.6687 18.3013 17.3674 8.65085 8.7165 70.3506 69.6668 15.1521 69.1317 18.6385 16.4388 6.20721 10.2316 28.172 7.36126 1.91104 20.8107 7.58039 3.14925 2.19972 13.2303 5.45022 2.09184
internal_count=18720 6560 12160 3886 2064 1822 1032 790 2674 2658 1689 2644 3873 3243 1064 2179 8287 1961 217 6326 2095 375 630 4231 1744 608
is_linear=0
shrinkage=0.01


Tree=139
num_leaves=27
num_cat=0
split_feature=7 7 7 7 1 1 1 7 1 1 7 1 1 1 7 1 7 7 1 1 7 7 7 7 1 1
split_gain=32.805 3.41872 1.72941 1.51243 1.33878 1.29624 1.63953 1.09796 1.01562 1.30849 0.990161 0.92024 0.711276 1.26404 2.11918 0.740122 0.165308 1.52378 1.44492 0.336172 1.22011 0.092643 1.15288e-06 4.35272e-07 7.35341e-08 3.96036e-08
threshold=140.25000000000003 62.850000000000001 304.55000000000007 122.65000000000002 0.13833333333333339 0.17166666666666672 0.16500000000000004 81.750000000000014 0.18833333333333335 0.18500000000000003 16.550000000000004 0.12833333333333338 0.17166666666666672 0.15500000000000005 272.95000000000005 0.14166666666666669 449.45000000000005 429.95000000000005 0.17500000000000002 0.13166666666666668 1248.5000000000002 1137.5000000000002 133.35000000000005 296.25000000000006 0.17500000000000002 0.17500000000000002
decision_type=2 2 2 2 2 2 2 2 2 2 2 2 2 2 2 2 2 2 2 2 2 2 2 2 2 2
left_child=1 8 12 4 11 6 -5 -6 9 10 -1 -3 13 15 -15 -2 17 24 -19 20 -18 -21 -7 25 -4 -14
right_child=2 3 16 5 7 22 -8 -9 -10 -11 -12 -13 23 14 -16 -17 19 18 -20 21 -22 -23 -24 -25 -26 -27
leaf_value=0.0054299273690236868 -0.0042665567491825939 0.0019801344792802506 -0.010031928926858112 0.0026934954900904359 0.0027962224345661453 -0.010063971480901572 0.015821400622434253 -0.0027781520869955968 0.015597794782081545 -0.010618878393739255 0.003146862661247537 -0.0100520927710565 -0.010037000533577268 -0.0036874347578536655 0.0099810987870219518 -0.010042722935355797 -0.010034451218149911 -0.0037074069816040345 0.018949258484823511 -0.010031413448725325 0.0069386872502598161 -0.0085638401922487912 -0.010091140557631056 -0.010055911791631905 -0.010028079151416016 -0.010034142447825824
leaf_weight=31.190542773343623 6.9002166341524624 0.82965384796262442 4.8433786605019149 5.4319755639880887 6.1992707839235655 0.31811536429449905 1.153303502127528 8.2166756140068156 0.7526964582502832 0.61366045521572132 48.588962915819138 2.7181062803138047 0.77431659982539702 4.7107851172331712 1.4940273854881523 3.2693745549768209 1.5086404290050297 1.5686001493595538 0.34304191265255202 11.736773873912172 0.58882220764644433 6.7898565612267694 0.30682410253211856 0.10681362124159921 0.5527828549966215 1.2967803217470644
leaf_count=806 1384 118 1543 430 686 56 68 1126 19 24 2645 546 216 898 166 795 450 199 18 3813 135 1928 36 22 201 392
internal_value=-2.66786e-05 0.00303703 -0.00703408 -0.000182423 -0.0017353 0.00368646 0.00499263 -0.000381011 0.00403581 0.00392756 0.00403945 -0.00723832 -0.00466736 -0.00395326 -0.000396253 -0.00612351 -0.00860605 -0.00731367 0.000358305 -0.00906398 -0.00526957 -0.00949356 -0.0100773 -0.0100362 -0.0100315 -0.0100352
internal_weight=152.804 106.32 46.4842 25.1739 17.9637 7.21022 6.58528 14.4159 81.1459 80.3932 79.7795 3.54776 18.5523 16.3744 6.20481 10.1696 27.9319 7.3078 1.91164 20.6241 2.09746 18.5266 0.624939 2.17791 5.39616 2.0711
internal_count=18720 6560 12160 3066 2476 590 498 1812 3494 3475 3451 664 3873 3243 1064 2179 8287 1961 217 6326 585 5741 92 630 1744 608
is_linear=0
shrinkage=0.01


Tree=140
num_leaves=27
num_cat=0
split_feature=7 7 7 1 1 7 1 7 1 1 7 1 1 7 1 7 7 7 7 1 7 7 7 7 1 1
split_gain=32.285 3.32958 1.72974 1.49036 2.03539 2.96393 1.63253 1.57344 0.976115 1.28549 0.969263 0.710609 2.65062 4.16359 0.741691 0.264956 7.13154 0.166063 1.51886 1.39497 0.338262 2.04672 1.27724e-05 4.16325e-06 2.09707e-07 7.13518e-08
threshold=140.25000000000003 62.850000000000001 304.55000000000007 0.17166666666666672 0.16500000000000004 118.25000000000001 0.18500000000000003 138.05000000000004 0.18833333333333335 0.18500000000000003 1.0000000180025095e-35 0.16500000000000004 0.15500000000000005 272.95000000000005 0.12500000000000003 200.65000000000001 198.05000000000004 449.45000000000005 429.95000000000005 0.17500000000000002 1137.5000000000002 1272.5000000000002 300.95000000000005 81.750000000000014 0.17500000000000002 0.17500000000000002
decision_type=2 2 2 2 2 2 2 2 2 2 2 2 2 2 2 2 2 2 2 2 2 2 2 2 2 2
left_child=1 8 11 4 7 -6 23 -3 9 10 -1 12 14 -14 -2 16 -13 18 25 -20 24 -22 -17 -5 -19 -4
right_child=2 3 17 6 5 -7 -8 -9 -10 -11 -12 15 13 -15 -16 22 -18 20 19 -21 21 -23 -24 -25 -26 -27
leaf_value=-0.010041250231279761 0.0036683886264779111 -0.0013882282475966604 -0.010031610149989934 -0.01008296621610086 0.001032228409705221 0.019123187726441504 0.0096435606952111827 0.012250354501737616 0.015241636733830086 -0.010612573205199241 0.0040704419533537971 -0.010045444167047644 -0.0024891185813284405 0.022097870276705189 -0.0068505254817538986 -0.010044909373097264 0.066013385907875949 -0.010031755814750121 -0.003683810418819454 0.018419848063557526 0.0028824104309170873 -0.010034923111483175 -0.01012332070864793 -0.010056113773089062 -0.01002797617761773 -0.010027798976420529
leaf_weight=0.48971951426938076 0.72187039931305008 17.203845363808806 4.7953378108795759 0.89823951479047526 2.6911752517335108 1.3649407112970946 0.5045936140231787 0.8896254375576963 0.76253197528421779 0.60791357420384784 79.586819945368916 1.9812028396408998 2.6420496685896064 0.93159761512652028 9.3863167446106655 2.4453415728639816 0.13145730178803194 11.281634238315748 1.5628900961019097 0.34934008121490467 1.5469948777463276 5.9231287301518023 0.22702435683459032 1.6163936753291634 1.6875367362517852 0.54729779181070615
leaf_count=120 66 2189 1543 125 271 86 37 52 19 24 3331 487 473 95 2113 594 24 3613 199 18 353 1742 21 306 618 201
internal_value=-2.66015e-05 0.00299821 -0.00701286 -0.000180787 0.000717634 0.00712009 -0.00677176 -0.000717642 0.00398059 0.00387416 0.00398414 -0.0046423 -0.00348222 0.00392035 -0.00609932 -0.00795933 -0.00531279 -0.00859358 -0.00729383 0.000354246 -0.00905492 -0.00735986 -0.0100516 -0.0100657 -0.0100313 -0.0100312
internal_weight=152.777 106.616 46.161 25.1688 22.1496 4.05612 3.01923 18.0935 81.447 80.6845 80.0765 18.4669 13.6818 3.57365 10.1082 4.78503 2.11266 27.6942 7.25487 1.91223 20.4393 7.47012 2.67237 2.51463 12.9692 5.34264
internal_count=18720 6560 12160 3066 2598 357 468 2241 3494 3475 3451 3873 2747 568 2179 1126 511 8287 1961 217 6326 2095 615 431 4231 1744
is_linear=0
shrinkage=0.01


Tree=141
num_leaves=27
num_cat=0
split_feature=7 7 7 1 1 1 7 7 1 7 1 7 1 1 1 1 7 7 1 7 7 7 7 1 1 1
split_gain=31.7741 3.24666 1.72982 1.32649 2.86123 1.96087 2.93052 1.87555 1.18421 1.17013 1.14131 0.799914 0.710554 1.24151 2.08431 0.743988 0.166816 1.51394 1.34742 0.340395 2.03528 2.03573e-05 4.04977e-07 2.03492e-07 6.92378e-08 3.47525e-08
threshold=140.25000000000003 46.350000000000001 304.55000000000007 0.1483333333333334 0.15500000000000005 0.13833333333333339 130.75000000000003 50.850000000000001 0.18833333333333335 50.850000000000001 0.18500000000000003 44.95000000000001 0.17166666666666672 0.15500000000000005 0.16166666666666671 0.14166666666666669 449.45000000000005 429.95000000000005 0.17500000000000002 1137.5000000000002 1272.5000000000002 64.050000000000011 296.25000000000006 0.17500000000000002 0.17500000000000002 0.17500000000000002
decision_type=2 2 2 2 2 2 2 2 2 2 2 2 2 2 2 2 2 2 2 2 2 2 2 2 2 2
left_child=1 8 12 5 21 6 -3 -7 10 -6 11 -1 13 15 -15 -2 17 24 -19 23 -21 -5 25 -18 -4 -14
right_child=2 3 16 4 9 7 -8 -9 -10 -11 -12 -13 22 14 -16 -17 19 18 -20 20 -22 -23 -24 -25 -26 -27
leaf_value=0.0040241976633302165 -0.004208472836708165 -0.0040939910712196412 -0.010031294614098789 -0.0101270254635923 -0.01010999457884606 -0.010169755373898411 0.0097344500734388405 0.0071412841668516526 0.017027652011162592 0.0011456653451668774 -0.010688170606173315 0.011751987668221942 -0.010036323345526142 0.0070855058875194492 -0.0048871349445023093 -0.01004200738843237 -0.010031438861977063 -0.0036602792995569546 0.017914622439374861 0.0028454067584853184 -0.010034574444108227 -0.010073679722175891 -0.010054796873779756 -0.010027697042262416 -0.010027521557737507 -0.010033621270515497
leaf_weight=68.563942488282919 6.8321876404807025 6.6469107645098138 4.7477719967719194 1.1089656781405239 0.98779750894755025 0.67824515048414369 1.9916869923472402 8.1041740481741709 0.71191983856260677 14.215595641173421 0.52046387828886409 1.366157897748052 0.75975589873269189 2.3307497368659815 3.8657565906178206 3.2150662573985755 11.169731209753083 1.5572366700507698 0.35556826181709755 1.5514194832649071 5.8643953651189804 2.0154364826157689 0.10470647225156415 1.6707917298190285 0.54186699958518136 1.2743690675124524
leaf_count=2565 1384 961 1543 90 93 45 71 745 16 1596 14 79 216 336 728 795 3613 199 18 353 1742 285 22 618 201 392
internal_value=-2.65669e-05 0.00295991 -0.00699163 0.000501234 -0.0013768 0.00247702 -0.000905751 0.00580439 0.00419504 0.000414361 0.00406536 0.00417517 -0.00461748 -0.00390407 -0.000383754 -0.00607517 -0.00858104 -0.00727391 0.000350245 -0.00904581 -0.00734003 -0.0100926 -0.0100356 -0.010031 -0.0100309 -0.0100346
internal_weight=152.753 106.911 45.8414 35.7488 18.3278 17.421 8.6386 8.78242 71.1625 15.2034 70.4506 69.9301 18.3826 16.2438 6.19651 10.0473 27.4588 7.20244 1.9128 20.2563 7.41581 3.1244 2.13883 12.8405 5.28964 2.03412
internal_count=18720 6560 12160 3886 2064 1822 1032 790 2674 1689 2658 2644 3873 3243 1064 2179 8287 1961 217 6326 2095 375 630 4231 1744 608
is_linear=0
shrinkage=0.01


Tree=142
num_leaves=29
num_cat=0
split_feature=7 7 7 7 1 1 1 1 1 7 7 1 1 1 1 1 1 7 7 1 1 7 7 7 1 1 1 1
split_gain=31.2712 3.20151 1.72999 1.50853 1.32726 1.27123 1.26619 2.22753 1.20613 0.946176 1.15662 1.11113 1.00719 0.709428 1.22936 2.03919 0.744124 0.167565 1.50901 1.30213 0.343415 1.22888 0.0945719 3.92977e-07 6.71858e-08 3.37241e-08 9.11232e-09 9.85954e-10
threshold=140.25000000000003 64.050000000000011 304.55000000000007 122.65000000000002 0.18500000000000003 0.17166666666666672 0.14500000000000005 0.16500000000000004 0.13500000000000004 1.0000000180025095e-35 13.550000000000002 0.18166666666666673 0.17833333333333334 0.17166666666666672 0.15500000000000005 0.16166666666666671 0.14166666666666669 449.45000000000005 429.95000000000005 0.17500000000000002 0.13166666666666668 1248.5000000000002 1137.5000000000002 296.25000000000006 0.17500000000000002 0.17500000000000002 0.16833333333333336 0.15833333333333341
decision_type=2 2 2 2 2 2 2 2 2 2 2 2 2 2 2 2 2 2 2 2 2 2 2 2 2 2 2 2
left_child=1 9 13 4 5 -3 8 -8 -5 26 12 -12 -11 14 16 -16 -2 18 24 -20 21 -19 -22 25 -4 -15 27 -1
right_child=2 3 17 6 -6 -7 7 -9 -10 10 11 -13 -14 23 15 -17 -18 20 19 -21 22 -23 -24 -25 -26 -27 -28 -29
leaf_value=-0.010041523537059753 -0.0041838275114179932 -0.0013229471004657435 -0.010030982398320143 0.0011371071199550314 0.01685408728275967 -0.010062218938785339 -0.010089600629499618 0.0064211657361619391 0.012223567051122633 0.0051013593116584167 0.0034446561650130054 -0.0046055254026821152 0.011722588418418861 -0.010035960788700667 0.0069656280354176616 -0.0048617990576809633 -0.010041587899662155 -0.010033583276007719 -0.003636814808878452 0.017431973364822054 -0.01003048215393668 0.0071379969289764658 -0.0085285741946985651 -0.010054249255753238 -0.010027247094622056 -0.010033285698441701 -0.010038831164461927 -0.010042694372283594
leaf_weight=0.246973916888236 6.8038517425302469 14.839411131804818 4.7006764835678068 1.7531119477935129 0.36964836064726014 1.8747458497527976 1.4898471478372814 1.8096599201671777 2.2290261872112751 20.348606958985332 57.645864314865321 1.7671249699778844 2.5897626280784598 0.75222324719652522 2.3470701873302451 3.8471365715377033 3.1832081344909966 1.4678834718652098 1.5516392360441384 0.36172739788889874 11.390949511202054 0.58200876880437125 6.6343474683817467 0.10367024270817626 0.5364899463020264 1.2617308732587842 0.13835877366364002 0.10147300735116005
leaf_count=60 1384 2041 1543 103 24 338 172 160 155 429 2896 97 25 216 336 728 795 450 199 18 3813 135 1928 22 201 392 36 24
internal_value=-2.6502e-05 0.0029222 -0.00697025 -0.000264205 -0.00188868 -0.00230319 0.00354704 -0.00103404 0.00734282 0.00385943 0.0039416 0.00320522 0.0058489 -0.00459245 -0.00388015 -0.000380224 -0.00605089 -0.00856842 -0.00725391 0.000346299 -0.00903663 -0.0051582 -0.00947769 -0.0100353 -0.0100306 -0.0100343 -0.010041 -0.0100419
internal_weight=152.728 107.204 45.5246 24.3655 17.0838 16.7142 7.28165 3.29951 3.98214 82.8382 82.3514 59.413 22.9384 18.2989 16.1813 6.19421 9.98706 27.2257 7.15053 1.91337 20.0752 2.04989 18.0253 2.11762 5.23717 2.01395 0.486806 0.348447
internal_count=18720 6560 12160 2993 2403 2379 590 332 258 3567 3447 2993 454 3873 3243 1064 2179 8287 1961 217 6326 585 5741 630 1744 608 120 84
is_linear=0
shrinkage=0.01


Tree=143
num_leaves=30
num_cat=0
split_feature=7 7 7 7 1 1 1 1 7 1 1 7 1 1 1 1 1 7 1 7 7 1 7 7 1 7 1 1 1
split_gain=30.7772 3.11931 1.73005 1.47642 1.285 1.26302 1.24765 1.46866 0.902933 1.16269 2.48518 2.26741 1.04639 1.45812 1.07363 0.708269 1.21727 2.00996 0.744225 0.168308 1.50407 1.25893 0.344682 2.04139 1.25101e-06 3.81344e-07 1.91599e-07 6.51933e-08 3.27228e-08
threshold=140.25000000000003 64.050000000000011 304.55000000000007 122.65000000000002 0.18500000000000003 0.17166666666666672 0.17166666666666672 0.16500000000000004 16.550000000000004 0.12833333333333338 0.14166666666666669 23.350000000000005 0.17833333333333334 0.14500000000000005 0.18166666666666673 0.17166666666666672 0.15500000000000005 272.95000000000005 0.14166666666666669 449.45000000000005 429.95000000000005 0.17500000000000002 1137.5000000000002 1272.5000000000002 0.18166666666666673 296.25000000000006 0.17500000000000002 0.17500000000000002 0.17500000000000002
decision_type=2 2 2 2 2 2 2 2 2 2 2 2 2 2 2 2 2 2 2 2 2 2 2 2 2 2 2 2 2
left_child=1 8 15 4 5 -3 7 -5 12 11 -11 -10 13 -1 -14 16 18 -18 -2 20 27 -22 26 -24 -8 28 -21 -4 -17
right_child=2 3 19 6 -6 -7 24 -9 9 10 -12 -13 14 -15 -16 25 17 -19 -20 22 21 -23 23 -25 -26 -27 -28 -29 -30
leaf_value=0.0064139518072662592 -0.0041592253615957324 -0.0013114316111963 -0.010030673056412238 0.0025638112426995445 0.016416128286285487 -0.010061597431496561 -0.010067952888222584 0.014771003950027202 -0.01022071098998743 -0.0014938243905976483 0.0038560494399059349 0.011602523676400569 0.017045118321229447 0.001884445404155491 0.0053907047043815345 -0.010035601674859255 -0.0036304076954152666 0.0095999875583393408 -0.010041172482895025 -0.010030814318956773 -0.0036134177009726799 0.016970432223095581 0.0029161277521843588 -0.010034017017427441 -0.010099419414701343 -0.010053707315375932 -0.010027147100181533 -0.010026975164217756 -0.010032953436740917
leaf_weight=16.960658267140392 6.7757968148216658 14.820115901762628 4.6540467669256058 5.4854768910445264 0.37568403035402198 1.8562058964744199 0.44271665206179012 1.2014367477968333 0.55982708837836925 11.495430304668842 35.491149318404496 3.1830754019320011 1.414963394403457 12.233202213887123 1.7909077242948113 0.74476501066237633 4.6691762832924715 1.5227487017400561 3.1516644225921482 10.949237008579077 1.5460973111912606 0.36781837046146382 1.5429845063481469 5.7658077271189541 0.17680362006649375 0.10264421300962556 1.6377922189421941 0.53116610972210754 1.2492175984662024
leaf_count=321 1384 2041 1543 430 24 338 71 68 30 807 1778 138 22 446 25 216 898 166 795 3613 199 18 353 1742 21 22 618 201 392
internal_value=-2.64259e-05 0.00288523 -0.00694879 -0.000261815 -0.00187337 -0.00228539 0.00349928 0.00475708 0.00380737 0.00297447 0.00254718 0.00833842 0.00511147 0.00451594 0.0105346 -0.00456744 -0.0038563 -0.000376724 -0.00602656 -0.0085557 -0.00723383 0.000342409 -0.00902736 -0.00730007 -0.0100769 -0.0100349 -0.0100303 -0.0100303 -0.0100339
internal_weight=152.699 107.488 45.211 24.3584 17.052 16.6763 7.30643 6.68691 83.1292 50.7295 46.9866 3.7429 32.3997 29.1939 3.20587 18.216 16.1194 6.19192 9.92746 26.995 7.09913 1.91392 19.8958 7.30879 0.61952 2.09663 12.587 5.18521 1.99398
internal_count=18720 6560 12160 2993 2403 2379 590 498 3567 2753 2585 168 814 767 47 3873 3243 1064 2179 8287 1961 217 6326 2095 92 630 4231 1744 608
is_linear=0
shrinkage=0.01


Tree=144
num_leaves=23
num_cat=0
split_feature=0 0 0 1 0 1 0 0 0 0 0 0 1 1 1 1 0 1 1 0 1 1
split_gain=1.25055 0.956005 1.6901 1.81996 3.09075 1.24833 2.89732 3.41652 2.65998 3.41318 2.01281 1.81063 1.18112 1.50928 0.820461 2.7641e-05 1.69094e-05 9.10306e-06 2.40507e-06 1.6998e-06 3.74811e-07 2.76099e-08
threshold=15.820000000000002 71.163333333333341 76.315000000000012 0.14166666666666669 72.968333333333348 0.1483333333333334 44.245000000000005 33.466666666666676 58.098333333333343 58.371666666666677 63.031666666666673 52.880000000000003 0.14500000000000005 0.13500000000000004 0.13166666666666668 0.15833333333333341 79.815000000000012 0.14500000000000005 0.15500000000000005 13.535000000000002 0.16833333333333336 0.17166666666666672
decision_type=2 2 2 2 2 2 2 2 2 2 2 2 2 2 2 2 2 2 2 2 2 2
left_child=15 5 3 14 -5 6 7 -2 11 -10 -8 -7 13 -4 -3 17 -14 -1 -19 20 -17 -22
right_child=1 2 12 4 -6 8 10 -9 9 -11 -12 -13 16 -15 -16 19 -18 18 -20 -21 21 -23
leaf_value=-0.010203288016779567 -0.003627790311437677 -0.00030689430037528378 -0.0043669338917500505 0.012090235391536187 -0.010170926827005546 -0.00069438414083326609 -0.0014423157493055562 0.0086163918042959711 0.021755365611643977 0.0020151262137000818 0.0026962565069386731 -0.0053081627220087167 -0.010105132327252072 0.0072147635384585615 -0.01024208421342729 -0.010052677626545665 -0.010202800638808969 -0.010095340004125746 -0.010144373167509607 -0.010081984282071708 -0.010034331875293089 -0.010024695785467124
leaf_weight=0.25819235830567666 3.0000599545892319 1.0103563738521169 1.6782268402166653 1.3418939756229522 1.165304254973307 51.448532884707674 28.405744515592232 9.4802852098364365 0.93476302758790453 13.909646514104677 20.044261866947636 10.190571838989852 0.44067912222817529 3.4144541174173355 4.6875782436691225 0.18103110883384943 0.29655397566966712 0.14381518913432956 0.32859906204976141 0.18727188324555755 0.064111939631402493 0.055453790817409754
leaf_count=30 330 144 210 120 168 7020 3504 936 90 1386 2268 1254 72 306 636 54 30 30 42 42 24 24
internal_value=-2.63626e-05 5.48181e-05 -0.00243121 -0.00535629 0.00174362 0.000308733 0.0013766 0.0056731 -0.000541979 0.00325818 0.000269854 -0.00145716 0.00168561 0.00339817 -0.00848038 -0.0101166 -0.0101444 -0.0101555 -0.0101294 -0.0100583 -0.0100436 -0.0100299
internal_weight=152.667 151.449 14.035 8.20513 2.5072 137.414 60.9304 12.4803 76.4835 14.8444 48.45 61.6391 5.82991 5.09268 5.69793 1.21848 0.737233 0.730607 0.472414 0.487869 0.300597 0.119566
internal_count=18720 18474 1686 1068 288 16788 7038 1266 9750 1476 5772 8274 618 516 780 246 102 102 72 144 102 48
is_linear=0
shrinkage=0.01


Tree=145
num_leaves=30
num_cat=0
split_feature=7 7 7 7 1 1 1 1 1 7 7 7 1 1 1 1 1 1 1 1 7 7 1 1 7 7 7 1 1
split_gain=30.2851 3.03498 1.73 1.44665 1.24772 1.25361 1.23143 2.17789 1.15433 0.876969 1.44532 4.4309 1.79081 0.984258 0.959097 0.790645 0.706373 1.20808 1.99828 0.744088 0.169102 1.4993 1.2225 0.347113 1.22466 0.0959469 3.67403e-07 6.48742e-08 3.18867e-08
threshold=140.25000000000003 64.050000000000011 304.55000000000007 122.65000000000002 0.18500000000000003 0.17166666666666672 0.14500000000000005 0.16500000000000004 0.13500000000000004 17.750000000000004 22.350000000000005 23.350000000000005 0.14166666666666669 0.17833333333333334 0.18166666666666673 0.16833333333333336 0.17166666666666672 0.15500000000000005 0.16166666666666671 0.14166666666666669 449.45000000000005 429.95000000000005 0.17500000000000002 0.13166666666666668 1248.5000000000002 1137.5000000000002 296.25000000000006 0.17500000000000002 0.17500000000000002
decision_type=2 2 2 2 2 2 2 2 2 2 2 2 2 2 2 2 2 2 2 2 2 2 2 2 2 2 2 2 2
left_child=1 9 16 4 5 -3 8 -8 -5 13 12 -12 -11 15 -15 -1 17 19 -19 -2 21 27 -23 24 -22 -25 28 -4 -18
right_child=2 3 20 6 -6 -7 7 -9 -10 10 11 -13 -14 14 -16 -17 26 18 -20 -21 23 22 -24 25 -26 -27 -28 -29 -30
leaf_value=0.0048675906780407613 -0.0041368819173144581 -0.0013003278975583798 -0.010030382440023744 0.0010997610329733 0.016032354447927288 -0.010060922483886152 -0.010088948174580319 0.0062298318408835571 0.011901877478128495 -0.010166821687267758 0.017552889580151453 0.0028274207497729913 0.001617847335133107 0.01623883893639599 0.005320473500147839 -0.0013151981290932045 -0.010035224243665975 0.0068675138736192997 -0.0048323850202470235 -0.01004080577781641 -0.010033046086610223 -0.0035922288298638324 0.016581428825060238 -0.01002988487675105 0.0071596260751069013 -0.0085037633550523149 -0.010053088686053653 -0.01002667307567728 -0.010032595721193331
leaf_weight=29.164739439263943 6.7504322370514327 14.801479868590841 4.6074118812102851 1.7587152663618315 0.38113496080040832 1.8360220158938307 1.4783445224165919 1.8304284913465378 2.261120826471597 1.7321589505299915 2.153865764848887 39.842404107563198 5.0456623211503029 1.4563055504113429 1.7976627796888349 2.2261715549975625 0.7366966013796622 2.3605618840083471 3.825542796170339 3.1220289266202599 1.4424098168965458 1.5410960135050116 0.37311194092035282 11.162941444781611 0.5812778566032647 6.5290664897765955 0.10147715802304436 0.5252404543571173 1.2355396358761934
leaf_count=742 1384 2041 1543 103 24 338 172 160 155 112 77 2286 203 23 25 99 216 336 728 795 450 199 18 3813 135 1928 22 201 392
internal_value=-2.61924e-05 0.0028486 -0.0069269 -0.0002577 -0.00185728 -0.0022671 0.00345687 -0.00106132 0.00717585 0.00375523 0.00289109 0.00358265 -0.00139388 0.0049718 0.010207 0.00442912 -0.00454204 -0.00383277 -0.000367809 -0.00600392 -0.0085427 -0.00721311 0.000339963 -0.00901793 -0.00509468 -0.00946668 -0.0100345 -0.01003 -0.0100336
internal_weight=152.661 107.766 44.8948 24.3472 17.0186 16.6375 7.32861 3.30877 4.01984 83.419 48.7741 41.9963 6.77782 34.6449 3.25397 31.3909 18.1323 16.0586 6.1861 9.87246 26.7626 7.04686 1.91421 19.7157 2.02369 17.692 2.07371 5.13265 1.97224
internal_count=18720 6560 12160 2993 2403 2379 590 332 258 3567 2678 2363 315 889 48 841 3873 3243 1064 2179 8287 1961 217 6326 585 5741 630 1744 608
is_linear=0
shrinkage=0.01


Tree=146
num_leaves=29
num_cat=0
split_feature=7 7 7 7 1 1 1 1 7 7 7 1 1 1 7 1 7 7 1 7 7 1 7 1 1 1 1 1
split_gain=29.8073 2.95746 1.72986 1.41594 1.22425 1.39218 1.20889 1.24544 0.921603 1.07168 1.27426 0.75256 0.705152 1.19607 1.95776 0.744122 0.169836 1.49435 1.18289 0.349024 2.04755 1.23073e-06 3.56522e-07 1.84161e-07 6.29532e-08 3.09379e-08 8.78437e-09 1.06894e-09
threshold=140.25000000000003 64.050000000000011 304.55000000000007 122.65000000000002 0.17166666666666672 0.16500000000000004 0.18500000000000003 0.17166666666666672 1.0000000180025095e-35 10.65 11.65 0.13166666666666668 0.17166666666666672 0.15500000000000005 272.95000000000005 0.14166666666666669 449.45000000000005 429.95000000000005 0.17500000000000002 1137.5000000000002 1272.5000000000002 0.18166666666666673 296.25000000000006 0.17500000000000002 0.17500000000000002 0.17500000000000002 0.16833333333333336 0.15833333333333341
decision_type=2 2 2 2 2 2 2 2 2 2 2 2 2 2 2 2 2 2 2 2 2 2 2 2 2 2 2 2
left_child=1 8 12 6 5 -5 7 -3 26 11 -11 -10 13 15 -15 -2 17 24 -19 23 -21 -6 25 -18 -4 -14 27 -1
right_child=2 3 16 4 21 -7 -8 -9 9 10 -12 -13 22 14 -16 -17 19 18 -20 20 -22 -23 -24 -25 -26 -27 -28 -29
leaf_value=-0.010041354691527005 -0.0041123658166053751 -0.0012889802979822043 -0.010030079205987925 0.0025019508207631777 -0.010067632477023336 0.014288128336248236 0.015628453643374545 -0.010060313952957615 0.00030538219061383996 -0.0033304363175405169 0.003564055903194357 0.0073048495310286459 -0.010034872527637287 -0.0035999113489635984 0.0094204995229078877 -0.0100403981865805 -0.010030219295754331 -0.0035689623967561724 0.016155991074273218 0.0029877987066622316 -0.010033485097523061 -0.010098917575103172 -0.010052558282813968 -0.010026586401312739 -0.010026406907866351 -0.010032270471968748 -0.010038726535942488 -0.010042575831891934
leaf_weight=0.24594733770936628 6.7229068705346453 14.782562239095578 4.5617045975523096 5.511383900884538 0.44062206894159306 1.2249258877709506 0.38704490382224221 1.8178627041634161 1.7704312093555916 2.7923665419220915 67.052278168033808 11.603921076282857 0.72939177998341564 4.6472379628103218 1.5366598414257167 3.0910890470258892 10.732983705471272 1.5356585797853766 0.37907721288502205 1.5345269986428309 5.6684746560640633 0.17595865810289979 0.10047271754592646 1.6038987233769137 0.52002795925363887 1.2232852773740885 0.13781488314270973 0.10117213893681765
leaf_count=60 1384 2041 1543 430 71 68 24 338 22 77 3141 207 216 898 166 795 3613 199 18 353 1742 21 22 618 201 392 36 24
internal_value=-2.61361e-05 0.00281273 -0.00690527 -0.000255366 0.00341064 0.00464514 -0.00184217 -0.0022495 0.0037049 0.003785 0.00328842 0.00637829 -0.00451708 -0.00380902 -0.000364421 -0.0059795 -0.00852981 -0.00719286 0.000336161 -0.00900852 -0.00725943 -0.0100766 -0.0100342 -0.0100297 -0.0100297 -0.0100332 -0.0100409 -0.0100417
internal_weight=152.632 108.044 44.5874 24.3404 7.35289 6.73631 16.9875 16.6004 83.7039 83.219 69.8446 13.3744 18.051 15.9979 6.1839 9.814 26.5364 6.99647 1.91474 19.5399 7.203 0.616581 2.05315 12.3369 5.08173 1.95268 0.484934 0.347119
internal_count=18720 6560 12160 2993 590 498 2403 2379 3567 3447 3218 229 3873 3243 1064 2179 8287 1961 217 6326 2095 92 630 4231 1744 608 120 84
is_linear=0
shrinkage=0.01


Tree=147
num_leaves=31
num_cat=0
split_feature=7 7 7 7 1 1 1 1 1 7 7 1 1 1 1 7 1 7 7 7 7 1 1 7 7 7 1 1 1 1
split_gain=29.3375 2.88198 1.72961 1.38597 1.20244 1.33641 1.18456 1.00313 0.930002 0.905774 1.05884 1.07808 0.914314 0.707007 2.48908 3.79667 0.744119 0.275885 6.85862 0.17057 1.48939 1.14503 0.351369 1.22137 0.0973095 1.26895e-05 1.19424e-06 6.10958e-08 8.52312e-09 1.03888e-09
threshold=140.25000000000003 64.050000000000011 304.55000000000007 122.65000000000002 0.17166666666666672 0.16500000000000004 0.13833333333333339 0.18500000000000003 0.12833333333333338 1.0000000180025095e-35 13.550000000000002 0.18166666666666673 0.17833333333333334 0.16500000000000004 0.15500000000000005 272.95000000000005 0.14166666666666669 200.65000000000001 198.05000000000004 449.45000000000005 429.95000000000005 0.17500000000000002 0.13166666666666668 1248.5000000000002 1137.5000000000002 300.95000000000005 0.18166666666666673 0.17500000000000002 0.16833333333333336 0.15833333333333341
decision_type=2 2 2 2 2 2 2 2 2 2 2 2 2 2 2 2 2 2 2 2 2 2 2 2 2 2 2 2 2 2
left_child=1 9 13 6 5 -5 8 -8 -3 28 12 -12 -11 14 16 -16 -2 18 -15 20 27 -22 23 -21 -24 -19 -6 -4 29 -1
right_child=2 3 19 4 26 -7 7 -9 -10 10 11 -13 -14 17 15 -17 -18 25 -20 22 21 -23 24 -25 -26 -27 -28 -29 -30 -31
leaf_value=-0.010040941346573278 -0.004087896662032014 0.0022066717143328194 -0.010029779175996985 0.0024709510366243827 -0.010066955632409065 0.013951585483340703 -0.00097454892472007004 0.015240813612155591 -0.010050438352514009 0.0048320958355924154 0.0032662012545535226 -0.0046397322985492198 0.011060749664934382 -0.01004373395917625 -0.0024771474951262081 0.020601029673818046 -0.010039994728775923 -0.010043611239897056 0.063482459892458765 -0.010032469965301147 -0.003545766073102515 0.015748090448649787 -0.010029291464550108 0.0071964029603558879 -0.0084790512556070126 -0.010122615873105627 -0.010097926625393985 -0.010026143372051207 -0.010038339933630902 -0.010042151198629024
leaf_weight=0.24351009540259738 6.6956546183209884 0.8143977895379132 4.5164493260672343 5.5246557435020796 0.43626698805019248 1.2418425930663941 13.168971967650574 0.39289036951959211 2.5803453233093023 20.684386774897579 58.387584647163749 1.7773213596083213 2.6597588658332816 1.8938518345821642 2.637814569054171 0.9768353342078625 3.0604545485693961 2.3473609609063719 0.13597725331783284 1.4157869333867008 1.5302750482223926 0.3849767930805682 10.942543423967438 0.58004051819443692 6.4274525928776702 0.22257813019677986 0.17422485537827015 0.5148670533671974 0.13644883129745722 0.10016967728734016
leaf_count=60 1384 117 1543 430 71 68 1728 24 534 429 2896 97 25 487 473 95 795 594 24 450 199 18 3813 135 1928 21 21 201 36 24
internal_value=-2.60525e-05 0.00277735 -0.00688359 -0.000253012 0.00336528 0.00457797 -0.00182715 -0.000504786 -0.00710996 0.00365531 0.00373405 0.00303265 0.00554177 -0.00449218 -0.0033288 0.00375958 -0.00595505 -0.00787392 -0.00511825 -0.00851685 -0.00717253 0.000332412 -0.00899906 -0.0050253 -0.00945565 -0.0100505 -0.0100758 -0.0100294 -0.0100405 -0.0100413
internal_weight=152.606 108.323 44.2829 24.3336 7.37699 6.7665 16.9566 13.5619 3.39474 83.9892 83.5091 60.1649 23.3441 17.9705 13.3708 3.61465 9.75611 4.59977 2.02983 26.3124 6.94657 1.91525 19.3658 1.99583 17.37 2.56994 0.610492 5.03132 0.480129 0.34368
internal_count=18720 6560 12160 2993 590 498 2403 1752 651 3567 3447 2993 454 3873 2747 568 2179 1126 511 8287 1961 217 6326 585 5741 615 92 1744 120 84
is_linear=0
shrinkage=0.01


Tree=148
num_leaves=28
num_cat=0
split_feature=7 7 7 1 1 1 7 7 7 1 7 1 7 1 1 1 1 7 7 1 7 7 7 7 1 1 1
split_gain=28.8763 2.81123 1.72911 1.26001 2.82631 1.88463 2.76505 1.83742 1.17038 1.14327 0.787648 3.80017 0.921791 0.704091 1.17402 1.93049 0.744543 0.171296 1.48443 1.1088 0.353339 2.05316 2.202e-05 3.31027e-07 1.73418e-07 5.92773e-08 2.6781e-08
threshold=140.25000000000003 46.350000000000001 304.55000000000007 0.1483333333333334 0.15500000000000005 0.13833333333333339 130.75000000000003 50.850000000000001 50.850000000000001 0.18833333333333335 44.95000000000001 0.1516666666666667 29.550000000000004 0.17166666666666672 0.15500000000000005 0.16166666666666671 0.12500000000000003 449.45000000000005 429.95000000000005 0.17500000000000002 1137.5000000000002 1272.5000000000002 64.050000000000011 296.25000000000006 0.17500000000000002 0.17500000000000002 0.17500000000000002
decision_type=2 2 2 2 2 2 2 2 2 2 2 2 2 2 2 2 2 2 2 2 2 2 2 2 2 2 2
left_child=1 9 13 5 22 6 -3 -7 -6 10 12 -12 -1 14 16 -16 -2 18 25 -20 24 -22 -5 26 -19 -4 -15
right_child=2 3 17 4 8 7 -8 -9 -10 -11 11 -13 -14 23 15 -17 -18 20 19 -21 21 -23 -24 -25 -26 -27 -28
leaf_value=0.0042426927502881157 0.0039426279167999448 -0.0040827474049739002 -0.010029481910184322 -0.010127883391164921 -0.010110579082036863 -0.010170955027973161 0.0092236906227660866 0.0069112020432521041 0.0011204435906234762 0.016339194674709529 -0.010192224596692723 0.023845736537536851 0.0015682199113060177 -0.010034243807584839 0.0066982299007927537 -0.0047858036868810008 -0.0067080755127301829 -0.010029619280675252 -0.0035226399429849459 0.01535667208773517 0.0030567061174086576 -0.010032953030950521 -0.010072334046072108 -0.010051510202807678 -0.01002605859792031 -0.010025882722303132 -0.01003180055502048
leaf_weight=53.595084817614406 0.70803429023362952 6.6321821487508732 4.4716417122399461 1.1158782336860924 0.99252156214788456 0.68197686690837045 2.042588816024363 8.2121181082911772 14.244497892912475 0.72833350673317809 0.52273054653778561 0.88048843666911125 16.966866828966886 0.71570083429105524 2.3841683517675838 3.7918289634399116 8.9907608670182508 10.521085250889884 1.5249448730610309 0.39081152342259873 1.5264839828014363 5.5736869378015399 1.9795079147443173 0.098489776952192076 1.5722170888911922 0.50975723238661874 1.2022531274706123
leaf_count=1658 66 961 1543 90 93 45 71 745 1596 16 38 41 921 216 336 728 2113 3613 199 18 353 1742 285 22 618 201 392
internal_value=-2.6e-05 0.00274259 -0.00686188 0.000453114 -0.00138086 0.0023668 -0.000949572 0.00560139 0.000388868 0.0038733 0.00374714 0.0111658 0.00359961 -0.00446748 -0.00376045 -0.000352533 -0.00593055 -0.0085038 -0.00715212 0.000328712 -0.00898952 -0.00721877 -0.0100924 -0.0100336 -0.0100292 -0.0100291 -0.0100327
internal_weight=152.577 108.595 43.9819 35.9013 18.3324 17.5689 8.67477 8.89409 15.237 72.6935 71.9652 1.40322 70.562 17.8912 15.8748 6.176 9.6988 26.0906 6.89716 1.91576 19.1935 7.10017 3.09539 2.01644 12.0933 4.9814 1.91795
internal_count=18720 6560 12160 3886 2064 1822 1032 790 1689 2674 2658 79 2579 3873 3243 1064 2179 8287 1961 217 6326 2095 375 630 4231 1744 608
is_linear=0
shrinkage=0.01


Tree=149
num_leaves=23
num_cat=0
split_feature=0 0 0 1 0 1 0 0 0 0 0 0 1 1 1 1 0 1 1 0 1 1
split_gain=1.23582 0.955752 1.66728 1.80872 3.00716 1.22186 2.80921 3.32698 2.55635 3.26453 1.96818 1.80635 1.15283 1.44886 0.819773 2.76518e-05 1.71946e-05 9.26439e-06 2.45044e-06 1.8759e-06 4.02515e-07 2.93599e-08
threshold=15.820000000000002 71.163333333333341 76.315000000000012 0.14166666666666669 72.968333333333348 0.1483333333333334 44.245000000000005 33.466666666666676 58.098333333333343 58.371666666666677 69.321666666666687 52.880000000000003 0.14500000000000005 0.13500000000000004 0.13166666666666668 0.15833333333333341 79.815000000000012 0.14500000000000005 0.15500000000000005 13.535000000000002 0.16833333333333336 0.17166666666666672
decision_type=2 2 2 2 2 2 2 2 2 2 2 2 2 2 2 2 2 2 2 2 2 2
left_child=15 5 3 14 -5 6 7 -2 11 -10 -8 -7 13 -4 -3 17 -14 -1 -19 20 -17 -22
right_child=1 2 12 4 -6 8 10 -9 9 -11 -12 -13 16 -15 -16 19 -18 18 -20 -21 21 -23
leaf_value=-0.010205612202237145 -0.0036184047576518059 -0.00030920053139118104 -0.0043345616605338453 0.011789434629381604 -0.010173344685493134 -0.00067366422523321872 -0.00039744651572625535 0.0084649511235260228 0.021068093020271777 0.0019550495621035121 0.0063499848988553143 -0.0052915596620282382 -0.010105707099388557 0.0070185195549507693 -0.010246532191691226 -0.010053031838142599 -0.010204863011188687 -0.010096166674430241 -0.010145949212581162 -0.010084279643439876 -0.01003366678002382 -0.010023516123702217
leaf_weight=0.257119686808436 2.9927193776238701 1.0101217976771275 1.6672177056316275 1.3596224521752449 1.1513387085869906 51.296443352010101 43.611868420615792 9.5497992977034283 0.95469717332161863 13.972443262813611 4.798692110925912 10.145974367856978 0.43220586166717101 3.4505210046190768 4.6592156328260899 0.17732762498781085 0.29374606721103191 0.14157716068439186 0.32782414031680673 0.18513401970267296 0.061864392133429646 0.052826961502432823
leaf_count=30 330 144 210 120 168 7020 5310 936 90 1386 462 1254 72 306 636 54 30 30 42 42 24 24
internal_value=-2.5939e-05 5.43283e-05 -0.00243236 -0.00534662 0.00171895 0.00030828 0.00136413 0.00558179 -0.000534429 0.00317747 0.000271392 -0.00143622 0.00164716 0.00332 -0.00847597 -0.0101185 -0.0101458 -0.0101574 -0.0101309 -0.0100594 -0.0100436 -0.010029
internal_weight=152.55 151.347 14.024 8.1803 2.51096 137.323 60.9531 12.5425 76.3696 14.9271 48.4106 61.4424 5.84369 5.11774 5.66934 1.20367 0.725952 0.726521 0.469401 0.477153 0.292019 0.114691
internal_count=18720 18474 1686 1068 288 16788 7038 1266 9750 1476 5772 8274 618 516 780 246 102 102 72 144 102 48
is_linear=0
shrinkage=0.01


Tree=150
num_leaves=23
num_cat=0
split_feature=0 0 0 1 0 1 0 0 0 0 0 0 0 0 1 1 1 1 1 0 1 1
split_gain=1.22332 0.938819 1.64379 1.79319 2.93837 1.19626 2.73465 3.22923 2.50248 3.12141 1.94087 1.7831 1.14066 1.42499 0.997714 0.818241 2.68338e-05 8.99167e-06 2.37757e-06 1.82064e-06 3.90658e-07 2.84937e-08
threshold=15.820000000000002 71.163333333333341 76.315000000000012 0.14166666666666669 72.968333333333348 0.1483333333333334 44.245000000000005 33.466666666666676 58.098333333333343 58.371666666666677 63.031666666666673 52.880000000000003 77.526666666666685 82.076666666666668 0.14166666666666669 0.13166666666666668 0.15833333333333341 0.14500000000000005 0.15500000000000005 13.535000000000002 0.16833333333333336 0.17166666666666672
decision_type=2 2 2 2 2 2 2 2 2 2 2 2 2 2 2 2 2 2 2 2 2 2
left_child=16 5 3 15 -5 6 7 -2 11 -10 -8 -7 14 -14 -4 -3 17 -1 -19 20 -18 -22
right_child=1 2 12 4 -6 8 10 -9 9 -11 -12 -13 13 -15 -16 -17 19 18 -20 -21 21 -23
leaf_value=-0.010203558424251557 -0.0035945297080023711 -0.00030619961786912403 0.012365210315395852 0.011541337343320135 -0.010171628087351193 -0.00066736016070738759 -0.0014188269936263747 0.0083143705702458798 0.020448806384472697 0.0019318557620115885 0.0026439221585292188 -0.0052654100716984864 -0.0042223551837804497 0.0093008835835510593 -0.010191867796044037 -0.010244126496942842 -0.010052504391092036 -0.010095208512659919 -0.010144488422457699 -0.010083441739524275 -0.010033331296109772 -0.010023281509850508
leaf_weight=0.25461228797212132 2.9825227116234592 1.0098220780491809 1.3143727900460351 1.3748831362463536 1.1400741173420099 51.263363052392378 28.310918038478121 9.6251439596526307 0.97367633669637044 13.998661303659899 20.111865408485755 10.094656517961992 3.2861898196861148 1.0213850191794334 0.2304647818673401 4.6139334787148982 0.1755723498063162 0.14018168032635003 0.32460873911622912 0.18330705922562629 0.06125086871907115 0.052302542026154697
leaf_count=30 330 144 114 120 168 7020 3504 936 90 1386 2268 1254 366 114 24 636 54 30 42 42 24 24
internal_value=-2.57707e-05 5.36964e-05 -0.00241406 -0.00532066 0.00169847 0.000305054 0.00134871 0.00549715 -0.000529406 0.00313604 0.000268591 -0.00142383 0.00162804 -0.00101581 0.00900006 -0.00845964 -0.0101173 -0.0101558 -0.0101296 -0.0100588 -0.0100432 -0.0100287
internal_weight=152.544 151.352 13.9911 8.13871 2.51496 137.361 61.0305 12.6077 76.3304 14.9723 48.4228 61.358 5.85241 4.30757 1.54484 5.62376 1.19184 0.719403 0.46479 0.472433 0.289126 0.113553
internal_count=18720 18474 1686 1068 288 16788 7038 1266 9750 1476 5772 8274 618 480 138 780 246 102 72 144 102 48
is_linear=0
shrinkage=0.01


Tree=151
num_leaves=30
num_cat=0
split_feature=7 7 1 1 7 7 1 7 7 7 7 1 1 1 7 7 7 7 7 7 7 1 7 7 7 1 1 1 1
split_gain=28.4157 3.26746 1.31393 1.62104 2.2807 1.73349 1.50421 2.04498 1.29397 0.886539 1.00553 1.0565 0.878905 0.770454 1.26356 2.65747 0.986001 1.60963 0.595864 0.172113 1.47972 1.08301 0.355618 2.0457 2.88467e-06 1.75675e-07 6.05334e-08 9.04381e-09 1.22365e-09
threshold=154.05000000000004 64.050000000000011 0.17166666666666672 0.16500000000000004 149.35000000000005 78.450000000000017 0.18500000000000003 100.15000000000002 304.55000000000007 1.0000000180025095e-35 13.550000000000002 0.18166666666666673 0.17833333333333334 0.12500000000000003 187.05000000000004 210.35000000000005 257.05000000000007 260.95000000000005 210.35000000000005 449.45000000000005 429.95000000000005 0.17500000000000002 1137.5000000000002 1161.5000000000002 81.750000000000014 0.17500000000000002 0.17500000000000002 0.16833333333333336 0.15833333333333341
decision_type=2 2 2 2 2 2 2 2 2 2 2 2 2 2 2 2 2 2 2 2 2 2 2 2 2 2 2 2 2
left_child=1 9 3 4 -3 -5 24 -8 13 27 12 -12 -11 14 -2 -16 18 -18 -15 20 26 -22 25 -24 -4 -21 -10 28 -1
right_child=8 2 6 5 -6 -7 7 -9 19 10 11 -13 -14 16 15 -17 17 -19 -20 22 21 -23 23 -25 -26 -27 -28 -29 -30
leaf_value=-0.010040632084767163 -0.010280598911079861 -0.0015844041887199585 -0.010075514112110133 -0.010076679185357897 0.01601349935251991 0.0083224522600539759 0.028940760335942738 -0.010131470057009784 -0.01002922197686318 0.0046998668536147479 0.0031880400950034873 -0.00463876869463835 0.010772340426763069 -0.0050597596836604768 0.045387429052810992 -0.010056647424490271 0.019539661039058832 -0.0031212558489372238 -0.010041980026584095 -0.01002936341390058 -0.0035047774423427797 0.015078806819183419 0.014611873621011408 -0.0085284908522044473 -0.010051820893618366 -0.010025758797622417 -0.010025562632945529 -0.010037959665840944 -0.010041949051549653
leaf_weight=0.24162970762699743 0.26430187560617824 18.762032757513236 0.73757187603041519 0.59206194523721833 0.76654483890160818 3.7898770440369844 0.25519276224076737 0.28195304097607732 4.4266567571321529 20.852035693824295 58.716245222836733 1.7768418253399421 2.6910763755440703 6.0207922775298339 0.17995420657098293 0.16637255949899554 0.33798224991187353 4.3188370985444635 3.9921898343600333 10.417647319845857 1.5208193347789345 0.39506014995276917 0.4053468992933621 6.6421211967244744 1.6942204735241828 1.5536899438593526 0.50346672208979715 0.13508393475785851 0.099646997172385454
leaf_count=60 10 2411 113 79 109 320 14 27 1543 429 2896 97 25 1505 18 30 75 795 1004 3613 199 18 71 2024 356 618 201 36 24
internal_value=-2.56051e-05 0.00259755 -0.000439334 0.000339745 -0.000893643 0.00583647 -0.00671369 0.00843137 -0.00712725 0.00356344 0.00364055 0.00295815 0.00539398 -0.00482003 0.00618596 0.0187525 -0.00527815 -0.00147657 -0.00704618 -0.00849031 -0.00713067 0.000327214 -0.00897973 -0.00719753 -0.010059 -0.0100289 -0.0100288 -0.0100401 -0.010041
internal_weight=152.537 111.392 26.8795 23.9105 19.5286 4.38194 2.96894 0.537146 41.1452 84.5126 84.0362 60.4931 23.5431 15.2804 0.610629 0.346327 14.6698 4.65682 10.013 25.8648 6.846 1.91588 19.0188 7.04747 2.43179 11.9713 4.93012 0.476361 0.341277
internal_count=18720 6996 3429 2919 2520 399 510 41 11724 3567 3447 2993 454 3437 58 48 3379 870 2509 8287 1961 217 6326 2095 469 4231 1744 120 84
is_linear=0
shrinkage=0.01


Tree=152
num_leaves=22
num_cat=0
split_feature=0 0 0 1 1 0 1 1 1 1 1 0 0 1 0 1 1 0 0 1 1
split_gain=1.21036 0.927728 2.44572 4.38934 2.15755 1.47007 3.31096 1.38439 1.12803 1.40587 0.833406 2.26093 0.900345 2.6216e-05 1.7381e-05 8.86045e-06 2.32446e-06 1.82886e-06 4.67137e-07 3.8193e-07 2.89734e-08
threshold=15.820000000000002 70.958333333333343 70.396666666666675 0.13500000000000004 0.14166666666666669 76.315000000000012 0.12500000000000003 0.14166666666666669 0.14500000000000005 0.13500000000000004 0.17500000000000002 44.245000000000005 42.176666666666677 0.15833333333333341 79.815000000000012 0.14500000000000005 0.15500000000000005 13.535000000000002 13.535000000000002 0.16833333333333336 0.17166666666666672
decision_type=2 2 2 2 2 2 2 2 2 2 2 2 2 2 2 2 2 2 2 2 2
left_child=13 2 10 -4 -5 6 -3 -8 9 -7 12 -12 -2 15 -10 -1 -17 19 -18 -15 -21
right_child=1 5 3 4 -6 8 7 -9 14 -11 11 -13 -14 17 -16 16 18 -19 -20 20 -22
leaf_value=-0.010202660161480926 0.0018632603351574864 0.032304367583262786 -0.010251761968661439 0.047596970302260289 0.013795143515813848 -0.0043213423501838374 -0.0085773489029305171 -0.00023990546985683744 -0.010104521245594786 0.0068562000885815438 -0.0068598572871527395 0.0011956634455189436 -7.3172701234744815e-05 -0.010052120378183562 -0.010204766993420071 -0.010094729963504943 -0.010132480567373725 -0.010083435692641869 -0.010156636280368166 -0.010033097918305721 -0.010022876966919595
leaf_weight=0.25257023819722124 33.080598026281223 0.23427090561017294 0.45190747454762348 0.34473390225321054 0.41756108729168773 1.6625430907588441 5.9344894983805698 2.9974921911489218 0.42550431354902674 3.4819575496949255 5.8778775183018288 8.5556326424702984 87.573475858196616 0.17308203817810863 0.29141201730817556 0.13867056102026254 0.17230139009188861 0.1815234316745773 0.14953992376103997 0.060325430473312736 0.051335531636141241
leaf_count=30 4038 12 48 24 60 210 804 318 72 306 1230 1098 10224 54 30 30 30 42 12 24 24
internal_value=-2.55438e-05 5.31009e-05 0.000313083 0.0144422 0.0290814 -0.00230495 -0.00480603 -0.00577938 0.00160631 0.00324396 0.000186087 -0.00208485 0.000457753 -0.0101169 -0.0101453 -0.0101551 -0.010129 -0.0100586 -0.0101437 -0.0100428 -0.0100284
internal_weight=152.509 151.329 136.302 1.2142 0.762295 15.0277 9.16625 8.93198 5.86142 5.1445 135.088 14.4335 120.654 1.17935 0.716916 0.713082 0.460512 0.466266 0.321841 0.284743 0.111661
internal_count=18720 18474 16722 132 84 1752 1134 1122 618 516 16590 2328 14262 246 102 102 72 144 42 102 48
is_linear=0
shrinkage=0.01


Tree=153
num_leaves=26
num_cat=0
split_feature=7 7 7 1 1 7 1 1 1 1 7 1 1 1 1 7 7 1 7 7 7 7 1 1 1
split_gain=27.9814 2.68286 1.72371 1.38556 1.8536 2.44827 1.48968 1.44177 0.88588 1.21658 0.813437 0.700916 1.17072 1.8982 0.748989 0.172906 1.47616 1.05622 0.357966 2.0441 3.62944e-06 3.17322e-07 1.77197e-07 6.0722e-08 2.75974e-08
threshold=140.25000000000003 62.850000000000001 304.55000000000007 0.17166666666666672 0.16500000000000004 118.25000000000001 0.18500000000000003 0.1483333333333334 0.18833333333333335 0.18500000000000003 16.550000000000004 0.17166666666666672 0.15500000000000005 0.16166666666666671 0.14166666666666669 449.45000000000005 429.95000000000005 0.17500000000000002 1137.5000000000002 1272.5000000000002 81.750000000000014 296.25000000000006 0.17500000000000002 0.17500000000000002 0.17500000000000002
decision_type=2 2 2 2 2 2 2 2 2 2 2 2 2 2 2 2 2 2 2 2 2 2 2 2 2
left_child=1 8 11 4 7 -6 20 -3 9 10 -1 12 14 -14 -2 16 23 -18 22 -20 -5 24 -17 -4 -13
right_child=2 3 15 6 5 -7 -8 -9 -10 -11 -12 21 13 -15 -16 18 17 -19 19 -21 -22 -23 -24 -25 -26
leaf_value=0.0047712053363869076 -0.0040176049754470375 0.0012048720247022104 -0.010028944164627358 -0.010079052508635307 0.0010210035880848384 0.017078202948158296 0.0083391042326691565 -0.0048578717505891583 0.014031272715578172 -0.010631747242170187 0.002738768325929898 -0.010033700370368959 0.0066575180374879731 -0.0047404309737210711 -0.010039352872364625 -0.010029085859854864 -0.0034813385540908674 0.014797361356980138 0.0030549981011779716 -0.010032375662217175 -0.010053292768878902 -0.010050697676201481 -0.010025442680820966 -0.01002525627000319 -0.010031197568734732
leaf_weight=32.451735701411963 6.6176859352272022 12.345313795609409 4.3833377646515173 0.85127185890451063 2.6937594688497475 1.4665005919523535 0.53961571119725693 5.7491034073755136 0.79637276940047641 0.6104101212695231 50.082482928410172 0.70381864299997587 2.3899194716941556 3.7596885601524264 3.0027481510769576 10.316324651241304 1.5154753280803559 0.39945512637495983 1.5266575277782966 5.4675662058871239 1.5300540425814686 0.096815832424908765 1.5334914736449707 0.4970986193511634 1.1779037327505646
leaf_count=806 1384 1449 1543 125 271 86 37 792 19 24 2645 216 336 728 795 3613 199 18 353 1742 306 22 618 201 392
internal_value=-2.53629e-05 0.00267569 -0.00681825 -0.000187504 0.000662407 0.0066812 -0.00666298 -0.000721432 0.00353442 0.00343388 0.0035379 -0.00442262 -0.00371873 -0.000310851 -0.00589712 -0.00847659 -0.00710908 0.000331604 -0.00896973 -0.00717574 -0.0100625 -0.010033 -0.0100286 -0.0100286 -0.0100321
internal_weight=152.505 109.117 43.388 25.1756 22.2547 4.16026 2.92094 18.0944 83.941 83.1446 82.5342 17.7486 15.77 6.14961 9.62043 25.6394 6.79537 1.91493 18.844 6.99422 2.38133 1.97854 11.8498 4.88044 1.88172
internal_count=18720 6560 12160 3066 2598 357 468 2241 3494 3475 3451 3873 3243 1064 2179 8287 1961 217 6326 2095 431 630 4231 1744 608
is_linear=0
shrinkage=0.01


Tree=154
num_leaves=30
num_cat=0
split_feature=7 7 7 1 1 7 7 1 7 7 7 1 1 1 7 7 7 7 7 7 7 1 1 7 7 7 1 1 1
split_gain=27.5479 3.10502 1.2934 1.276 1.53684 2.21684 1.67279 1.47312 1.93999 0.869811 0.97565 2.31235 0.824198 0.759079 1.22396 3.07968 0.981989 1.56119 0.600015 0.173622 1.47115 1.0237 0.360721 1.23742 0.0999989 2.71181e-06 5.89205e-08 8.74938e-09 1.20415e-09
threshold=154.05000000000004 64.050000000000011 304.55000000000007 0.17166666666666672 0.16500000000000004 149.35000000000005 78.450000000000017 0.18500000000000003 100.15000000000002 1.0000000180025095e-35 9.4500000000000011 0.13833333333333339 0.18833333333333335 0.12500000000000003 187.05000000000004 207.05000000000004 257.05000000000007 260.95000000000005 210.35000000000005 449.45000000000005 429.95000000000005 0.17500000000000002 0.13166666666666668 1248.5000000000002 1137.5000000000002 81.750000000000014 0.17500000000000002 0.16833333333333336 0.15833333333333341
decision_type=2 2 2 2 2 2 2 2 2 2 2 2 2 2 2 2 2 2 2 2 2 2 2 2 2 2 2 2 2
left_child=1 9 13 4 5 -3 -6 25 -9 27 11 -11 -12 14 -2 -16 18 -18 -15 20 26 -22 23 -21 -24 -5 -4 28 -1
right_child=2 3 19 7 6 -7 -8 8 -10 10 12 -13 -14 16 15 -17 17 -19 -20 22 21 -23 24 -25 -26 -27 -28 -29 -30
leaf_value=-0.010040415555189593 -0.010276862933200421 -0.0015640552334834391 -0.010028655481887295 -0.010073967839902038 -0.010076049578414631 0.015680051817519004 0.0080447375926942233 0.027637160616907401 -0.010131384372626598 0.0126006406625417 0.0030612321836836483 0.0023965758566853296 0.013095661556704295 -0.0050097717822596864 0.049181432682660439 -0.010056821502370668 0.019093075041882394 -0.0030734054428544163 -0.010041452585168089 -0.010031542625878707 -0.0034584139223649661 0.014443127113265031 -0.010028168013717583 0.007506109801096437 -0.0084292643919774406 -0.010050753711033519 -0.010025004539848933 -0.010037783967559642 -0.010041725452568246
leaf_weight=0.24035258498042722 0.26093904674053092 18.717496185330685 4.3398471509572145 0.72233150200918306 0.58718805527314444 0.77643238659948011 3.8470975090749562 0.26391268707811821 0.28059989656321704 3.7949710711836797 74.609214995522052 5.353768352419138 0.82763188425451417 5.9613733319565636 0.16839119838550687 0.18328298511914909 0.34315152931958337 4.289404011098668 3.9338164674118161 1.3686346600297863 1.5102918324992058 0.40513069555163372 10.506992305861788 0.56982677523046721 6.231409835163503 1.6588952559977768 0.49216471170075227 0.13445722404867411 0.099120328668504953
leaf_count=60 10 2411 1543 113 79 109 320 14 27 43 3272 111 21 1505 15 33 75 795 1004 450 199 18 3813 135 1928 356 201 36 24
internal_value=-2.52828e-05 0.00253373 -0.00708533 -0.000430749 0.000331477 -0.000877232 0.00564518 -0.00666463 0.00817416 0.00346964 0.00354534 0.0066293 0.00317132 -0.0047714 0.00613248 0.0183081 -0.0052312 -0.00143145 -0.00701011 -0.00846328 -0.00708842 0.000327938 -0.00895999 -0.0048762 -0.00943292 -0.0100578 -0.0100283 -0.0100399 -0.0100408
internal_weight=152.478 111.913 40.5647 26.854 23.9282 19.4939 4.43429 2.92574 0.544513 85.0595 84.5856 9.14874 75.4368 15.1404 0.612613 0.351674 14.5277 4.63256 9.89519 25.4243 6.74743 1.91542 18.6769 1.93846 16.7384 2.38123 4.83201 0.47393 0.339473
internal_count=18720 6996 11724 3429 2919 2520 399 510 41 3567 3447 154 3293 3437 58 48 3379 870 2509 8287 1961 217 6326 585 5741 469 1744 120 84
is_linear=0
shrinkage=0.01


Tree=155
num_leaves=30
num_cat=0
split_feature=7 7 7 7 1 1 1 1 7 1 7 7 1 1 1 1 7 1 7 7 1 7 7 7 1 1 7 1 1
split_gain=27.1351 2.54124 1.71857 1.32095 1.19863 2.05711 1.16832 1.0907 0.99686 0.927569 0.85528 0.9464 2.22756 0.795152 0.700118 1.16378 1.86389 0.750187 0.17433 1.46613 0.992507 0.362305 2.04931 3.07638e-07 1.66879e-07 5.71701e-08 2.91478e-08 8.48996e-09 1.16762e-09
threshold=140.25000000000003 64.050000000000011 304.55000000000007 122.65000000000002 0.14500000000000005 0.16500000000000004 0.13833333333333339 0.13500000000000004 81.750000000000014 0.12833333333333338 1.0000000180025095e-35 9.4500000000000011 0.13833333333333339 0.18833333333333335 0.17166666666666672 0.15500000000000005 272.95000000000005 0.14166666666666669 449.45000000000005 429.95000000000005 0.17500000000000002 1137.5000000000002 1272.5000000000002 296.25000000000006 0.17500000000000002 0.17500000000000002 257.05000000000007 0.16833333333333336 0.15833333333333341
decision_type=2 2 2 2 2 2 2 2 2 2 2 2 2 2 2 2 2 2 2 2 2 2 2 2 2 2 2 2 2
left_child=1 10 14 6 7 -6 9 -5 -8 -3 27 12 -12 -13 15 17 -17 -2 19 25 -21 24 -23 26 -20 -4 -16 28 -1
right_child=2 3 18 4 5 -7 8 -9 -10 -11 11 13 -14 -15 23 16 -18 -19 21 20 -22 22 -24 -25 -26 -27 -28 -29 -30
leaf_value=-0.010040011867613415 -0.0039777699101429106 0.0022203177627942677 -0.010028369350098489 0.0010097743312718701 -0.010087872864658974 0.0057285401544500359 0.0028511029996766669 0.011439972668062419 -0.0026923290288021935 -0.010049767190304768 0.012349081923912583 0.0030219160893335778 0.0023676109838156358 0.012825629513643829 -0.010030961694361613 -0.0034924198140886022 0.009179799082162092 -0.010038875724287539 -0.010028508448260713 -0.0034355630623697231 0.014102296823427818 0.0031226402552750969 -0.010031867341099907 -0.010050037352616772 -0.010024937482574428 -0.010024755069026656 -0.010033963584554309 -0.010037406509959598 -0.010041308183877244
leaf_weight=0.23797055706381698 6.5743676922284084 0.81349408812821566 4.2967868488049161 1.7721451260149468 1.4575906465761366 1.8867758794222025 5.4019249570555976 2.3087461665272713 8.120503237936644 2.5390504954848439 3.8333586379885656 74.823021610733122 5.3650151863694191 0.83656090125441451 1.4347499473951746 4.5713756119366726 1.5556785566732285 2.9620950792450458 10.112629281939009 1.5051597431302068 0.4107441809028386 1.5188416868913908 5.3766656443476677 0.095566075760871061 1.5031971868593235 0.48727964819408942 0.41760370391421009 0.1331243310123682 0.098138119094073772
leaf_count=60 1384 117 1543 103 172 160 626 155 1126 534 43 3272 111 21 481 898 166 795 3613 199 18 353 1742 22 618 201 127 36 24
internal_value=-2.52216e-05 0.00261159 -0.00677553 -0.000241411 0.00327341 -0.0011648 -0.00178799 0.00691061 -0.000477845 -0.00707243 0.00342409 0.00349854 0.00652732 0.00313031 -0.00437865 -0.00367553 -0.000274903 -0.00586039 -0.00844988 -0.00706768 0.00032432 -0.00895015 -0.00713438 -0.0100325 -0.010028 -0.010028 -0.0100316 -0.0100395 -0.0100404
internal_weight=152.45 109.627 42.8227 24.3002 7.42526 3.34437 16.875 4.08089 13.5224 3.35254 85.3272 84.858 9.19837 75.6596 17.6114 15.6635 6.12705 9.53646 25.2113 6.69997 1.9159 18.5113 6.89551 1.94792 11.6158 4.78407 1.85235 0.469233 0.336109
internal_count=18720 6560 12160 2993 590 332 2403 258 1752 651 3567 3447 154 3293 3873 3243 1064 2179 8287 1961 217 6326 2095 630 4231 1744 608 120 84
is_linear=0
shrinkage=0.01


Tree=156
num_leaves=31
num_cat=0
split_feature=7 7 7 1 1 7 7 1 7 1 7 7 7 7 7 7 1 1 1 1 7 7 7 1 1 7 7 7 7 1
split_gain=26.7231 2.94791 1.29229 1.26305 1.48731 2.16459 1.63599 1.45494 2.06621 0.749193 1.19218 0.970174 1.52226 0.74641 1.40411 4.1362 1.73213 0.906871 0.914737 0.731793 0.604569 0.175036 1.46111 0.96257 0.365012 1.23337 0.10139 2.67333e-06 7.53465e-08 5.54845e-08
threshold=154.05000000000004 64.050000000000011 304.55000000000007 0.17166666666666672 0.16500000000000004 149.35000000000005 78.450000000000017 0.18500000000000003 94.550000000000011 0.12500000000000003 189.15000000000001 257.05000000000007 260.95000000000005 17.750000000000004 22.350000000000005 23.350000000000005 0.14166666666666669 0.17833333333333334 0.18166666666666673 0.16833333333333336 210.35000000000005 449.45000000000005 429.95000000000005 0.17500000000000002 0.13166666666666668 1248.5000000000002 1137.5000000000002 81.750000000000014 227.35000000000005 0.17500000000000002
decision_type=2 2 2 2 2 2 2 2 2 2 2 2 2 2 2 2 2 2 2 2 2 2 2 2 2 2 2 2 2 2
left_child=1 13 9 4 5 -3 -6 27 -9 10 -2 20 -13 17 16 -16 -15 19 -19 -1 -11 22 29 -24 25 -23 -26 -5 -12 -4
right_child=2 3 21 7 6 -7 -8 8 -10 11 28 12 -14 14 15 -17 -18 18 -20 -21 -22 24 23 -25 26 -27 -28 -29 -30 -31
leaf_value=0.0043827682521864163 0.018112343454939294 -0.0015416858679146118 -0.010028086488187524 -0.010073436933437816 -0.010075502227246633 0.0154147029516719 0.0078903668993712626 0.028751442802802486 -0.010131295679920185 -0.0049555883574481339 -0.010065333134281245 0.018710884249815325 -0.0030474738410776084 -0.010169814711243001 0.016500986087092155 0.0025357539201577338 0.0013256822901900884 0.015204880532602915 0.0047207902352457984 -0.0015034650332120905 -0.010040837471822715 -0.010031002398360068 -0.0034127861622446037 0.013774131935778517 -0.010027608824595878 0.0075368673498335892 -0.0084037548368344848 -0.010050292847447134 -0.010054604967152112 -0.01002450808374479
leaf_weight=30.060283544007689 0.3520809356123199 18.667990945046778 4.2541525969281819 0.71720869373530138 0.58302428480237622 0.78448637388646503 3.8796350308693945 0.25628184620290984 0.292813302250579 5.8983519298490119 0.13368862681090832 0.34770331555046041 4.273441887460649 1.7560368049889792 2.2373143117874852 40.73298540012911 5.1693344786763191 1.5094130467623466 1.8549233991652725 2.2717086300253859 3.8729739915579557 1.3434642921201909 1.5000785375013945 0.41629635542631138 10.299510311102496 0.56883165659382928 6.1356441085226825 1.6410040853079406 0.12828466645441949 0.48244295851327468
leaf_count=742 13 2411 1543 113 79 109 320 13 28 1505 21 75 795 112 77 2286 203 23 25 99 1004 450 199 18 3813 135 1928 356 24 201
internal_value=-2.51448e-05 0.00247277 -0.00704395 -0.000420003 0.000336604 -0.000857863 0.00554322 -0.00664375 0.00801663 -0.00472418 0.00609317 -0.0051857 -0.00141034 0.00337929 0.00258942 0.00326288 -0.00158918 0.00448335 0.00942449 0.00396919 -0.00697118 -0.0084364 -0.00704687 0.000320748 -0.00894026 -0.00480526 -0.00942138 -0.0100573 -0.0100601 -0.0100277
internal_weight=152.421 112.414 40.0069 26.8224 23.9151 19.4525 4.46266 2.90731 0.549095 15.0065 0.614054 14.3925 4.62115 85.592 49.8957 42.9703 6.92537 35.6963 3.36434 32.332 9.77133 25.0004 6.65297 1.91637 18.3475 1.9123 16.4352 2.35821 0.261973 4.7366
internal_count=18720 6996 11724 3429 2919 2520 399 510 41 3437 58 3379 870 3567 2678 2363 315 889 48 841 2509 8287 1961 217 6326 585 5741 469 45 1744
is_linear=0
shrinkage=0.01


Tree=157
num_leaves=29
num_cat=0
split_feature=7 7 7 1 1 1 7 7 7 1 7 1 7 1 1 7 1 7 7 7 7 1 7 7 7 7 1 1
split_gain=26.3156 2.40874 1.713 1.21826 2.78326 1.79633 2.70446 1.80874 1.16686 1.009 0.754038 3.59838 0.88305 0.701267 2.40868 3.57806 0.751295 0.284457 6.62175 0.175734 1.45608 0.93382 0.366653 2.05428 2.36256e-05 1.22264e-05 1.57152e-07 5.38396e-08
threshold=140.25000000000003 46.350000000000001 304.55000000000007 0.1483333333333334 0.15500000000000005 0.13833333333333339 130.75000000000003 50.850000000000001 50.850000000000001 0.18833333333333335 44.95000000000001 0.1516666666666667 42.150000000000013 0.16500000000000004 0.15500000000000005 272.95000000000005 0.14166666666666669 200.65000000000001 198.05000000000004 449.45000000000005 429.95000000000005 0.17500000000000002 1137.5000000000002 1272.5000000000002 64.050000000000011 300.95000000000005 0.17500000000000002 0.17500000000000002
decision_type=2 2 2 2 2 2 2 2 2 2 2 2 2 2 2 2 2 2 2 2 2 2 2 2 2 2 2 2
left_child=1 9 13 5 24 6 -3 -7 -6 10 12 -12 -1 14 16 -16 -2 18 -15 20 27 -22 26 -24 -5 -19 -21 -4
right_child=2 3 19 4 8 7 -8 -9 -10 -11 11 -13 -14 17 15 -17 -18 25 -20 22 21 -23 23 -25 -26 -27 -28 -29
leaf_value=0.0035307699343643285 -0.0039381592675295039 -0.0040643614454896901 -0.010027806273490631 -0.010128465086564556 -0.010110899882431105 -0.010172122742838493 0.0090596764268201652 0.0067227938813350999 0.0010931280616624196 0.015021655519104558 -0.010194438775708635 0.022637768015182358 -0.0024352223933541608 -0.010042709089671585 -0.0023902719021235939 0.019848138946964945 -0.010038410453099165 -0.010042036284471652 0.061295717393778246 -0.010027942341347221 -0.0033900849537647792 0.01345795182133158 0.0031893602753939022 -0.010031370722514605 -0.010070755352546834 -0.010120684292754869 -0.010024442265875457 -0.010024263685936913
leaf_weight=69.36705711344257 6.5315851098857838 6.6098976156208682 4.2119401514064547 1.1197278006002336 0.99428750108927388 0.68603194504976173 2.0593609837815166 8.3024286022409779 14.275485714897512 0.76278242655098338 0.52634289674460777 0.91260993294417858 2.5729855243116608 1.8187964020762581 2.6079548727720971 1.0012775142677126 2.9221257686149329 2.237833075691015 0.1401400421746074 9.9129446959123033 1.4950477592647073 0.42178797349333752 1.511210117721929 5.2875260390574113 1.9357750937342642 0.21681337431073178 1.4735000242944796 0.47765416023321439
leaf_count=2426 1384 961 1543 90 93 45 71 745 1596 16 38 41 153 487 473 95 795 594 24 3613 199 18 353 1742 285 21 618 201
internal_value=-2.50893e-05 0.00254939 -0.00673259 0.000426457 -0.00137974 0.00230093 -0.000946779 0.00543331 0.000363581 0.0035797 0.00346076 0.0106283 0.00331739 -0.00433487 -0.00317051 0.00377913 -0.00582374 -0.00778106 -0.00493924 -0.00842282 -0.00702597 0.000317222 -0.00893028 -0.00709269 -0.0100919 -0.010049 -0.0100275 -0.0100274
internal_weight=152.393 110.125 42.2681 35.983 18.3253 17.6577 8.66926 8.98846 15.2698 74.1418 73.379 1.43895 71.94 17.4765 13.0629 3.60923 9.45371 4.41358 1.95894 24.7916 6.60643 1.91684 18.1852 6.79874 3.0555 2.45465 11.3864 4.68959
internal_count=18720 6560 12160 3886 2064 1822 1032 790 1689 2674 2658 79 2579 3873 2747 568 2179 1126 511 8287 1961 217 6326 2095 375 615 4231 1744
is_linear=0
shrinkage=0.01


Tree=158
num_leaves=30
num_cat=0
split_feature=7 7 7 1 1 7 7 1 7 7 7 1 1 7 7 7 7 1 7 7 7 1 1 7 7 7 1 1 1
split_gain=25.9267 2.83116 1.29038 1.24502 1.45332 2.11777 1.59984 1.43716 1.97167 0.83706 0.897126 2.1379 0.739853 1.20916 3.80225 0.958984 1.48528 0.73454 0.607745 0.17643 1.45105 0.906193 0.369311 1.2292 0.102791 2.60353e-06 5.22414e-08 8.61641e-09 1.16044e-09
threshold=154.05000000000004 64.050000000000011 304.55000000000007 0.17166666666666672 0.16500000000000004 149.35000000000005 78.450000000000017 0.18500000000000003 94.550000000000011 1.0000000180025095e-35 9.4500000000000011 0.13833333333333339 0.12500000000000003 187.05000000000004 203.95000000000002 257.05000000000007 260.95000000000005 0.18833333333333335 210.35000000000005 449.45000000000005 429.95000000000005 0.17500000000000002 0.13166666666666668 1248.5000000000002 1137.5000000000002 81.750000000000014 0.17500000000000002 0.16833333333333336 0.15833333333333341
decision_type=2 2 2 2 2 2 2 2 2 2 2 2 2 2 2 2 2 2 2 2 2 2 2 2 2 2 2 2 2
left_child=1 9 12 4 5 -3 -6 25 -9 27 11 -11 13 -2 -15 18 -17 -12 -14 20 26 -22 23 -21 -24 -5 -4 28 -1
right_child=2 3 19 7 6 -7 -8 8 -10 10 17 -13 15 14 -16 16 -18 -19 -20 22 21 -23 24 -25 -26 -27 -28 -29 -30
leaf_value=-0.010039926584969827 -0.010276840457714986 -0.001537946892382994 -0.010027528774972599 -0.010072782205138287 -0.010074827047165984 0.015151151860669716 0.0077511424346140079 0.027655560827264676 -0.01013016436185504 0.011950557014969204 0.0029083897750063008 0.0022367620849327572 -0.0049066698940502798 0.05622053932989151 -0.010056456543029413 0.018349315381640679 -0.0030211540183787732 0.012217670029391742 -0.010040204780564521 -0.010030474122132 -0.0033674596908133563 0.013153122246013858 -0.010027060822706758 0.0075668978159561988 -0.0083779791195101906 -0.010049837606495986 -0.010024021712743072 -0.010037293330297155 -0.010041220273706556
leaf_weight=0.2374690817669024 0.26091918908059497 18.658515764866035 4.1701454319991198 0.71088930591940869 0.57788823684677382 0.79265208682045241 3.9095036434009671 0.26363214012235392 0.29000467504374683 3.8956694677472097 75.442212901078165 5.4152755625545979 5.8424892961047572 0.15045784879475832 0.20381719153374434 0.35212170425802369 4.2572795697487891 0.85721556376665731 3.8100690341088921 1.3187861707992876 1.490066851954907 0.42721975408494461 10.096114314626904 0.56786327902227629 6.0417616216000161 1.6249757241457699 0.47291278094053257 0.13261995417997241 0.097931239753961563
leaf_count=60 10 2411 1543 113 79 109 320 13 28 43 3272 111 1505 11 37 75 795 21 1004 450 199 18 3813 135 1928 356 201 36 24
internal_value=-2.50573e-05 0.00241363 -0.00700249 -0.000422822 0.000325616 -0.000857852 0.00545551 -0.00662338 0.00786274 0.00329767 0.00337058 0.00630098 -0.00467791 0.00605942 0.0180909 -0.00514107 -0.00138862 0.00301298 -0.00693298 -0.00840917 -0.007005 0.000313742 -0.00892025 -0.00473383 -0.00940967 -0.0100568 -0.0100272 -0.0100395 -0.0100403
internal_weight=152.368 112.906 39.462 26.8281 23.9386 19.4512 4.48739 2.8895 0.553637 86.0784 85.6104 9.31095 14.8772 0.615194 0.354275 14.262 4.6094 76.2994 9.65256 24.5849 6.56034 1.91729 18.0245 1.88665 16.1379 2.33587 4.64306 0.46802 0.3354
internal_count=18720 6996 11724 3429 2919 2520 399 510 41 3567 3447 154 3437 58 48 3379 870 3293 2509 8287 1961 217 6326 585 5741 469 1744 120 84
is_linear=0
shrinkage=0.01


Tree=159
num_leaves=30
num_cat=0
split_feature=7 7 7 1 1 7 1 7 7 7 7 1 1 1 7 7 7 7 7 7 7 1 7 7 7 1 1 1 1
split_gain=25.5308 2.7617 1.29031 1.22867 1.42076 1.88647 1.41751 2.0495 1.56344 0.823351 0.876873 1.04647 0.829437 0.727341 1.16885 4.44524 0.952583 1.4356 0.608782 0.177118 1.44601 0.900559 0.371008 2.059 2.52643e-06 1.47976e-07 5.0688e-08 8.36245e-09 1.12671e-09
threshold=154.05000000000004 64.050000000000011 304.55000000000007 0.17166666666666672 0.18500000000000003 94.550000000000011 0.16500000000000004 149.35000000000005 78.450000000000017 1.0000000180025095e-35 13.550000000000002 0.18166666666666673 0.17833333333333334 0.12500000000000003 187.05000000000004 198.05000000000004 257.05000000000007 260.95000000000005 210.35000000000005 449.45000000000005 429.95000000000005 0.14166666666666669 1137.5000000000002 1272.5000000000002 81.750000000000014 0.17500000000000002 0.17500000000000002 0.16833333333333336 0.15833333333333341
decision_type=2 2 2 2 2 2 2 2 2 2 2 2 2 2 2 2 2 2 2 2 2 2 2 2 2 2 2 2 2
left_child=1 9 13 6 24 -6 7 -3 -8 27 12 -12 -11 14 -2 -16 18 -18 -15 20 26 -22 25 -24 -5 -21 -4 28 -1
right_child=2 3 19 4 5 -7 8 -9 -10 10 11 -13 -14 16 15 -17 17 -19 -20 22 21 -23 23 -25 -26 -27 -28 -29 -30
leaf_value=-0.010039527755556677 -0.010274010690556732 -0.0015248705552424803 -0.010027254030070055 -0.01007205460120307 0.026668430344231588 -0.010128857144767623 -0.010074076901703078 0.014776576648031378 0.007615882144400796 0.0042750875656813172 0.0029210577119967887 -0.0047785532424181364 0.010093615378472998 -0.0048814189974288949 0.062185396110291231 -0.010057254451191608 0.017837166990509658 -0.0029999155142494678 -0.010039803318228504 -0.010027387614084731 -0.010068098144975399 0.0048350574469210794 0.0032551474902545747 -0.010030885911021262 -0.010049339707742879 -0.010023957202315992 -0.010023782228380008 -0.010036920722089136 -0.01004080886744638
leaf_weight=0.23511552019044657 0.25839379616081615 18.630476681981246 4.1287643590476391 0.70386642543598998 0.27062049601227034 0.28715594741515815 0.57218053378164668 0.8045568740926673 3.9389983518049121 21.410009305924181 59.876467927359045 1.8188064023852337 2.7665231376886359 5.8141273241490108 0.13798705488443375 0.22253930778242648 0.35857653757557173 4.2446094723418355 3.7723083307500929 9.7171919811517018 0.58224187744781364 1.3354859342798588 1.5037595401518036 5.2001125162933022 1.6088862656615672 1.4443881781771768 0.46821834903676052 0.13130521215498447 0.096960764843970537
leaf_count=60 10 2411 1543 113 13 28 79 109 320 429 2896 97 25 1505 8 40 75 795 1004 3613 88 129 353 1742 356 618 201 36 24
internal_value=-2.49918e-05 0.00238421 -0.00698124 -0.00041895 -0.00660128 0.00772435 0.000322151 -0.000850036 0.00537216 0.00325491 0.00332665 0.00269407 0.0049409 -0.00465299 0.00595861 0.0175927 -0.00511585 -0.00137676 -0.00691127 -0.00839542 -0.00698395 0.000310306 -0.00891012 -0.00705067 -0.0100563 -0.0100269 -0.0100269 -0.0100391 -0.0100399
internal_weight=152.341 113.152 39.1887 26.8167 2.87053 0.557776 23.9462 19.435 4.51118 86.3352 85.8718 61.6953 24.1765 14.8085 0.61892 0.360526 14.1896 4.60319 9.58644 24.3802 6.51471 1.91773 17.8655 6.70387 2.31275 11.1616 4.59698 0.463381 0.332076
internal_count=18720 6996 11724 3429 510 41 2919 2520 399 3567 3447 2993 454 3437 58 48 3379 870 2509 8287 1961 217 6326 2095 469 4231 1744 120 84
is_linear=0
shrinkage=0.01


Tree=160
num_leaves=26
num_cat=0
split_feature=7 7 7 1 1 7 7 1 1 1 7 1 1 1 1 7 7 1 7 7 1 7 1 7 7
split_gain=25.1478 2.24274 1.70183 1.312 1.62957 2.17965 1.41895 1.39852 0.743129 1.17623 0.721672 0.700248 1.15633 1.84876 0.753508 0.177881 3.18857 5.49463 0.561837 3.44391e-06 7.7451e-07 2.84014e-07 1.38754e-07 3.48591e-08 1.5624e-09
threshold=140.25000000000003 62.850000000000001 304.55000000000007 0.17166666666666672 0.16500000000000004 78.450000000000017 138.05000000000004 0.18500000000000003 0.18833333333333335 0.18500000000000003 25.750000000000004 0.17166666666666672 0.15500000000000005 0.16166666666666671 0.14166666666666669 1272.5000000000002 1248.5000000000002 0.14500000000000005 1137.5000000000002 81.750000000000014 0.13166666666666668 296.25000000000006 0.17166666666666672 257.05000000000007 1403.5000000000002
decision_type=2 2 2 2 2 2 2 2 2 2 2 2 2 2 2 2 2 2 2 2 2 2 2 2 2
left_child=1 8 11 4 6 -6 -3 19 9 10 -1 12 14 -14 -2 16 18 -18 -4 -5 24 23 -22 -13 -17
right_child=2 3 15 7 5 -7 -8 -9 -10 -11 -12 21 13 -15 -16 20 17 -19 -20 -21 22 -23 -24 -25 -26
leaf_value=0.0040283941329858205 -0.0038839645291992159 -0.0013242037951099422 -0.0088952699489208472 -0.010076422634694097 -0.010080933279233553 0.0093195051173958609 0.011398463223908327 0.0075366859815098391 0.012576522590379622 -0.010642964938812435 0.0021545040538272693 -0.01002989999309083 0.006688397550005506 -0.004617066234735543 -0.010037890727656222 -0.010043078895504159 0.080411748106044914 -0.010038037885693277 -0.001895380881008196 -0.010050795006412405 -0.010030470738556519 -0.010048597652330587 -0.010026777357331268 -0.010033226050549893 -0.010041722229500895
leaf_weight=48.728254438843578 6.4736244438681769 17.072074675699707 17.52044489234687 0.81907813064753998 0.69040605379268427 3.5925876987166703 0.92406999226659436 0.56344307959079731 0.84236212447285552 0.61490547517314453 35.542430520057678 1.3804841195233155 2.3853647320065638 3.6748086847364902 2.872571769868955 0.1059522251598527 0.11054696002975006 0.17113146581687033 1.2269401398953039 1.4573450051248071 3.1021740573924035 0.092841919278725871 1.5134211156982926 0.40830399398691941 0.42698054644279182
leaf_count=1422 1384 2189 6192 125 90 267 52 37 19 24 2029 481 336 728 795 25 24 46 283 306 1034 22 579 127 104
internal_value=-2.49262e-05 0.00246029 -0.00666847 -0.000167486 0.000648466 0.00619221 -0.000670917 -0.00656875 0.00323025 0.0031375 0.00323805 -0.00427268 -0.00356933 -0.000167086 -0.00577539 -0.00838156 -0.0079354 0.0254597 -0.00843716 -0.01006 -0.0100306 -0.0100315 -0.0100293 -0.0100307 -0.010042
internal_weight=152.313 110.847 41.4656 25.119 22.2791 4.28299 17.9961 2.83987 85.728 84.8856 84.2707 17.288 15.4064 6.06017 9.3462 24.1776 19.0291 0.281678 18.7474 2.27642 5.14853 1.88163 4.6156 1.78879 0.532933
internal_count=18720 6560 12160 3066 2598 357 2241 468 3494 3475 3451 3873 3243 1064 2179 8287 6545 70 6475 431 1742 630 1613 608 129
is_linear=0
shrinkage=0.01


Tree=161
num_leaves=30
num_cat=0
split_feature=7 7 7 1 1 7 1 7 7 7 7 1 1 7 7 7 7 1 7 7 7 1 1 7 7 7 1 1 1
split_gain=24.7641 2.62898 1.28898 1.19605 1.39044 1.79298 1.34582 1.99501 1.53904 0.8082 0.85147 8.00995 0.717482 1.13485 4.09218 0.948464 1.39423 0.675584 0.612523 0.179662 1.45397 0.894804 0.376035 1.22886 0.104899 2.37901e-06 4.79005e-08 8.21455e-09 1.10604e-09
threshold=154.05000000000004 64.050000000000011 304.55000000000007 0.17166666666666672 0.18500000000000003 94.550000000000011 0.16500000000000004 149.35000000000005 138.05000000000004 1.0000000180025095e-35 7.8500000000000005 0.13833333333333339 0.12500000000000003 187.05000000000004 198.05000000000004 257.05000000000007 260.95000000000005 0.14166666666666669 210.35000000000005 449.45000000000005 429.95000000000005 0.14166666666666669 0.13166666666666668 1248.5000000000002 1137.5000000000002 81.750000000000014 0.17500000000000002 0.16833333333333336 0.15833333333333341
decision_type=2 2 2 2 2 2 2 2 2 2 2 2 2 2 2 2 2 2 2 2 2 2 2 2 2 2 2 2 2
left_child=1 9 12 6 25 -6 7 -3 -8 27 11 -11 13 -2 -15 18 -17 -12 -14 20 26 -22 23 -21 -24 -5 -4 28 -1
right_child=2 3 19 4 5 -7 8 -9 -10 10 17 -13 15 14 -16 16 -18 -19 -20 22 21 -23 24 -25 -26 -27 -28 -29 -30
leaf_value=-0.010039291283273973 -0.010270159882737507 -0.0015047329411283111 -0.010026743354989971 -0.010070621094823935 0.025484116385307721 -0.010128596828414924 0.007405201178197751 0.014490834941720558 -0.010127578499892684 0.022074178662680417 0.0017621358807849341 -0.0036798648965368258 -0.0048325188871009648 0.058290584596117821 -0.010056461810584663 0.017458746586609255 -0.002952663190964338 0.0036692103602471858 -0.010039293127576015 -0.010029740073909228 -0.010066819109441835 0.004894867155431323 -0.010026288688482599 0.0076733976413201352 -0.008339480247250711 -0.010048358761806852 -0.010023336443296527 -0.010036699563647628 -0.010040564377527469
leaf_weight=0.23371747322380443 0.25495235435664554 18.587051474256452 4.0517850400647175 0.69002317078411568 0.27950530964881171 0.28606026712805033 3.987392254639416 0.81387579347938199 0.57255768822506059 2.1013390496373168 28.666371776722372 2.8395238127559423 5.7598852273076755 0.14578815037384629 0.21949295769445598 0.36349805677309532 4.2165349223650992 52.770971591584384 3.7176239644177258 1.2841631066985453 0.57144983718171705 1.3302234746515749 9.8095404532505182 0.56445111543871451 5.9065477744443333 1.5771810945589093 0.45948423293884832 0.13052438059821725 0.096384239383041859
leaf_count=60 10 2411 1543 113 13 28 337 109 62 22 1216 57 1505 8 40 75 795 2152 1004 450 88 129 3813 135 1928 356 201 36 24
internal_value=-2.48516e-05 0.00232712 -0.00693877 -0.000411197 -0.00655595 0.00747138 0.000315264 -0.000833713 0.00520375 0.00317201 0.00324246 0.00727328 -0.00460482 0.00592092 0.0172217 -0.00506923 -0.00133269 0.00299791 -0.00687492 -0.00836748 -0.00693491 0.000398904 -0.00889052 -0.00462431 -0.00939234 -0.0100551 -0.0100264 -0.0100388 -0.0100397
internal_weight=152.288 113.632 38.6554 26.7936 2.83277 0.565566 23.9609 19.4009 4.55995 86.8388 86.3782 4.94086 14.6778 0.620233 0.365281 14.0575 4.58003 81.4373 9.47751 23.9776 6.41294 1.90167 17.5647 1.84861 15.7161 2.2672 4.51127 0.460626 0.330102
internal_count=18720 6996 11724 3429 510 41 2919 2520 399 3567 3447 79 3437 58 48 3379 870 3368 2509 8287 1961 217 6326 585 5741 469 1744 120 84
is_linear=0
shrinkage=0.01


Tree=162
num_leaves=30
num_cat=0
split_feature=7 7 7 1 1 7 1 7 7 7 7 7 1 1 7 7 7 7 7 7 1 7 7 1 7 1 1 7 1
split_gain=24.3863 2.56487 1.28863 1.18027 1.37504 1.71983 1.31294 1.93186 1.50493 0.79515 0.837352 1.24913 0.736308 0.705336 1.11554 0.941962 1.34864 0.61349 0.180871 3.11244 4.9 0.566064 2.3086e-06 8.24811e-07 1.66886e-07 1.31327e-07 7.9672e-09 1.55036e-09 1.07353e-09
threshold=154.05000000000004 64.050000000000011 304.55000000000007 0.17166666666666672 0.18500000000000003 94.550000000000011 0.16500000000000004 149.35000000000005 138.05000000000004 1.0000000180025095e-35 10.65 11.65 0.13166666666666668 0.12500000000000003 189.15000000000001 257.05000000000007 260.95000000000005 210.35000000000005 1272.5000000000002 1248.5000000000002 0.14500000000000005 1137.5000000000002 81.750000000000014 0.13166666666666668 227.35000000000005 0.17166666666666672 0.16833333333333336 1403.5000000000002 0.15833333333333341
decision_type=2 2 2 2 2 2 2 2 2 2 2 2 2 2 2 2 2 2 2 2 2 2 2 2 2 2 2 2 2
left_child=1 9 13 6 22 -6 7 -3 -8 26 12 -12 -11 14 -2 17 -17 -15 19 21 -21 -4 -5 27 -16 -25 28 -20 -1
right_child=2 3 18 4 5 -7 8 -9 -10 10 11 -13 -14 15 24 16 -18 -19 23 20 -22 -23 -24 25 -26 -27 -28 -29 -30
leaf_value=-0.010038898172829928 0.017082041884227996 -0.001491890303191776 -0.0088745144372931687 -0.010069915235001312 0.024627299724702498 -0.010127305275753888 0.0072783903581747876 0.014141910208758711 -0.010126304281250902 -0.00040449712295799738 -0.003653303565933335 0.0030352925875360109 0.0063254453305091416 -0.0048072965498219666 -0.010068129701275802 0.016986605627032022 -0.0029317075983473825 -0.010038900728121747 -0.010042976849734122 0.073766436009894992 -0.010037345328265555 -0.0018102457364378064 -0.010047875600168158 -0.010029916250777307 -0.010052043512323085 -0.010026290116950913 -0.010036333161511422 -0.010041623831174289 -0.010040158678947751
leaf_weight=0.23140095546841521 0.36506543308496375 18.559721252182509 17.213629822363156 0.6832049679942428 0.28630232904106367 0.28324985760264099 4.0161495576612642 0.82555732084438105 0.56693162163719524 1.8750509470701207 2.9087901897728434 69.624990637879819 12.224017260596154 5.7323429887182993 0.1364092817530036 0.36983299162238736 4.2042692424729466 3.6807761274976656 0.10570359649136563 0.11930626118555565 0.16803840547800064 1.2143264678306867 1.5615625903010366 3.0460442855255678 0.1223290350753814 1.4860233708750454 0.12923033349215984 0.42597888223826885 0.095429033506661654
leaf_count=60 13 2411 6192 113 13 28 337 109 62 22 77 3141 207 1505 21 75 795 1004 25 24 46 283 356 1034 24 579 36 104 24
internal_value=-2.47974e-05 0.0022989 -0.00691729 -0.000407421 -0.0065337 0.00734313 0.000311914 -0.000826096 0.00512541 0.00313118 0.00320051 0.00276706 0.00543042 -0.00458 0.00582398 -0.005044 -0.00132124 -0.00685299 -0.00835343 -0.00789978 0.0247582 -0.00840901 -0.0100546 -0.0100301 -0.0100605 -0.0100287 -0.0100384 -0.0100419 -0.0100393
internal_weight=152.262 113.872 38.3901 26.7827 2.81432 0.569552 23.9684 19.3853 4.58308 87.0889 86.6328 72.5338 14.0991 14.611 0.623804 13.9872 4.5741 9.41312 23.7791 18.7153 0.287345 18.428 2.24477 5.06375 0.258738 4.53207 0.45606 0.531682 0.32683
internal_count=18720 6996 11724 3429 510 41 2919 2520 399 3567 3447 3218 229 3437 58 3379 870 2509 8287 6545 70 6475 469 1742 45 1613 120 129 84
is_linear=0
shrinkage=0.01


Tree=163
num_leaves=22
num_cat=0
split_feature=0 0 0 1 0 0 1 1 0 1 0 0 0 1 0 1 1 0 1 0 1
split_gain=1.19137 0.961198 2.3777 4.20051 1.98879 1.46578 2.04188 1.31051 1.12766 0.800043 2.96825 2.49226 0.00860854 2.70379e-05 9.5814e-06 9.44993e-06 2.4448e-06 2.22587e-06 4.13274e-07 4.10476e-07 4.14672e-08
threshold=15.820000000000002 70.958333333333343 70.396666666666675 0.13500000000000004 70.648333333333355 82.076666666666668 0.13833333333333339 0.12500000000000003 76.315000000000012 0.1483333333333334 44.245000000000005 58.098333333333343 84.558333333333351 0.15833333333333341 84.558333333333351 0.14500000000000005 0.15500000000000005 13.535000000000002 0.16833333333333336 13.535000000000002 0.17166666666666672
decision_type=2 2 2 2 2 2 2 2 2 2 2 2 2 2 2 2 2 2 2 2 2
left_child=13 2 9 -4 -5 7 14 -3 -9 10 -2 -11 -8 15 -7 -1 -17 18 -15 -18 -20
right_child=1 5 3 4 -6 6 12 8 -10 11 -12 -13 -14 17 -16 16 19 -19 20 -21 -22
leaf_value=-0.010209976717174326 0.0053480170707668707 0.014661763783492985 -0.010261606074771557 0.045469642133905495 0.013421151496905311 -0.01005044425004856 0.018408672390219788 -0.0057966747406093854 0.00025277080092542113 -0.0013832786847883902 -0.00011016729144060123 0.0031780967452112482 0.0206791925855303 -0.010053331206484183 -0.010159205754365864 -0.010098271613368631 -0.010138190693378584 -0.010089054552647319 -0.010033553037640038 -0.010160776342215192 -0.010020807185729057
leaf_weight=0.25317709543742128 12.700798941310493 0.39963846257887681 0.44684774475172051 0.35927445348352194 0.41997653874568641 0.12429048703051992 0.34715223428793252 8.9345141340745595 4.7036050180904558 60.953871414531022 46.22594290249981 14.908179213525726 0.32175425626337528 0.16537001915276051 0.23254759446717799 0.13581859145779163 0.17066402232740074 0.17902810813393444 0.056805395055562258 0.15225695073604584 0.046353720128536224
leaf_count=30 1266 24 48 36 48 30 30 1122 492 8274 5610 1440 18 54 36 30 30 42 24 12 24
internal_value=-2.47264e-05 5.27716e-05 0.000318217 0.014181 0.0281971 -0.00234405 0.00919581 -0.00318727 -0.0037103 0.000192115 0.00106626 -0.000486891 0.0195008 -0.0101226 -0.0101213 -0.0101609 -0.0101339 -0.0100617 -0.0100435 -0.0101488 -0.0100278
internal_weight=152.238 151.078 136.015 1.2261 0.779251 15.0635 1.02574 14.0378 13.6381 134.789 58.9267 75.8621 0.668906 1.15947 0.356838 0.711917 0.45874 0.447557 0.268529 0.322921 0.103159
internal_count=18720 18474 16722 132 84 1752 114 1638 1614 16590 6876 9714 48 246 66 102 72 144 102 42 48
is_linear=0
shrinkage=0.01


Tree=164
num_leaves=31
num_cat=0
split_feature=7 7 7 1 1 7 1 7 7 1 7 7 7 7 7 7 7 1 1 1 1 7 7 7 1 7 7 7 1 1
split_gain=24.0067 2.49974 1.28819 1.16216 1.36193 1.65342 1.28608 1.8722 1.48592 0.69063 1.11021 3.70249 0.935464 1.30365 0.668081 1.36781 3.87495 1.68124 0.858624 0.870508 0.688805 0.614623 0.18225 1.4624 0.889517 0.380166 2.04072 2.23033e-06 1.35276e-07 4.6273e-08
threshold=154.05000000000004 64.050000000000011 304.55000000000007 0.17166666666666672 0.18500000000000003 94.550000000000011 0.16500000000000004 149.35000000000005 78.450000000000017 0.12500000000000003 187.05000000000004 198.05000000000004 257.05000000000007 260.95000000000005 17.750000000000004 22.350000000000005 23.350000000000005 0.14166666666666669 0.17833333333333334 0.18166666666666673 0.16833333333333336 210.35000000000005 449.45000000000005 429.95000000000005 0.14166666666666669 1137.5000000000002 1161.5000000000002 81.750000000000014 0.17500000000000002 0.17500000000000002
decision_type=2 2 2 2 2 2 2 2 2 2 2 2 2 2 2 2 2 2 2 2 2 2 2 2 2 2 2 2 2 2
left_child=1 14 9 6 27 -6 7 -3 -8 10 -2 -12 21 -14 18 17 -17 -16 20 -20 -1 -11 23 29 -25 28 -27 -5 -24 -4
right_child=2 3 22 4 5 -7 8 -9 -10 12 11 -13 13 -15 15 16 -18 -19 19 -21 -22 -23 25 24 -26 26 -28 -29 -30 -31
leaf_value=0.0040220971472899126 -0.010272719736869116 -0.0014810636042140298 -0.010026256880475296 -0.010069137058866631 0.023864291441911753 -0.010125853449997654 -0.010073625725322855 0.013808523104943776 0.0071933904927571051 -0.0047806250148286428 0.053940708210821697 -0.010055513533864436 0.01652139016611797 -0.0029092659924025007 -0.010171429380683758 0.015600765478685665 0.0023040702418571711 0.0010900125121844327 0.014423861522318282 0.0043228492929003656 -0.0016435235491561958 -0.010038525522698403 -0.010026386162319838 -0.010065584718762613 0.0049604155586412662 0.014897014301622841 -0.0083970785298264766 -0.010047354576880177 -0.010023042168354469 -0.010022875003929508
leaf_weight=30.761050978209823 0.2571476586163034 18.536519002402212 3.9763886311557171 0.6756797651760279 0.29263686388730992 0.28008862212300301 0.56863200664520164 0.83703378355130453 4.0338996183127165 5.7034795857034606 0.15559872938320041 0.21576230437494814 0.37629331601783533 4.19120380631648 1.7708455668762315 2.3139816587790838 41.469404643401504 5.273613010533154 1.5521773342043155 1.8945727432146666 2.3067791922949246 3.6434594109887257 9.3587455706438067 0.56077695358544577 1.3245073789730666 0.40072563360445101 6.117392081185244 1.5446570336353032 1.3893160261213768 0.45041566295549262
leaf_count=742 10 2411 1543 113 13 28 79 109 320 1505 8 40 75 795 112 77 2286 203 23 25 99 1004 3613 88 129 71 2024 356 618 201
internal_value=-2.45518e-05 0.0022707 -0.00689514 -0.000402782 -0.00650748 0.00724158 0.000308377 -0.000820477 0.00506009 -0.00455449 0.00569904 0.0167586 -0.00501764 -0.00130847 0.00309009 0.0023488 0.00300681 -0.0017409 0.00412194 0.00887165 0.00362687 -0.00683017 -0.00833884 -0.00688476 0.000490939 -0.00887042 -0.00696499 -0.010054 -0.010026 -0.0100259
internal_weight=152.233 114.112 38.1212 26.7691 2.79306 0.572725 23.9761 19.3736 4.60253 14.5429 0.628509 0.371361 13.9144 4.5675 87.3424 50.8278 43.7834 7.04446 36.5146 3.44675 33.0678 9.34694 23.5783 6.31209 1.88528 17.2662 6.51812 2.22034 10.7481 4.4268
internal_count=18720 6996 11724 3429 510 41 2919 2520 399 3437 58 48 3379 870 3567 2678 2363 315 889 48 841 2509 8287 1961 217 6326 2095 469 4231 1744
is_linear=0
shrinkage=0.01


Tree=165
num_leaves=22
num_cat=0
split_feature=0 0 0 1 0 0 1 1 0 1 0 0 0 1 0 1 1 0 0 1 1
split_gain=1.17879 0.946106 2.29795 3.99621 1.78344 1.43471 1.9647 1.27251 1.11474 0.787431 2.90644 2.42946 0.00757497 2.64412e-05 9.35721e-06 9.25868e-06 2.40713e-06 2.19905e-06 4.02756e-07 4.01567e-07 4.21121e-08
threshold=15.820000000000002 70.958333333333343 70.396666666666675 0.13500000000000004 70.648333333333355 82.076666666666668 0.13833333333333339 0.12500000000000003 76.315000000000012 0.1483333333333334 53.748333333333342 58.098333333333343 84.558333333333351 0.15833333333333341 84.558333333333351 0.14500000000000005 0.15500000000000005 13.535000000000002 13.535000000000002 0.16833333333333336 0.17166666666666672
decision_type=2 2 2 2 2 2 2 2 2 2 2 2 2 2 2 2 2 2 2 2 2
left_child=13 2 9 -4 -5 7 14 -3 -9 10 -2 -11 -8 15 -7 -1 -17 19 -18 -15 -21
right_child=1 5 3 4 -6 6 12 8 -10 11 -12 -13 -14 17 -16 16 18 -19 -20 20 -22
leaf_value=-0.01020887646908596 0.0037183298156809041 0.014285186362677593 -0.010260426678337388 0.043069508742785263 0.013151876810111355 -0.010049944747358574 0.017944662856639967 -0.0057726821345408033 0.00024691660436530755 -0.0013711389912441944 -0.00079515322290479265 0.003126376328424696 0.020055439194577668 -0.010052933171538048 -0.010158120084152032 -0.010097682988587618 -0.010137505156133191 -0.010088739402136122 -0.010159964687616379 -0.010033403044688275 -0.010020451209079207
leaf_weight=0.2510230365442101 24.198662303155288 0.40563801350071926 0.44253962417133041 0.37539392872713506 0.42464852030389011 0.12259032437577733 0.3527194990310818 8.8869607462547702 4.7051156489178529 60.858417133218609 34.762867324054241 14.963728306349365 0.32823566859588027 0.16304142482113093 0.22996360622346401 0.13433187757618725 0.16902730346191674 0.17713085748255253 0.15132561512291431 0.056001400109380484 0.045501184300519526
leaf_count=30 2688 24 48 36 48 30 30 1122 492 8274 4188 1440 18 54 36 30 30 42 12 24 24
internal_value=-2.4499e-05 5.21994e-05 0.000315277 0.0138521 0.0271898 -0.00232855 0.00904135 -0.00316803 -0.0036889 0.000190481 0.00105725 -0.000483541 0.0189621 -0.0101222 -0.0101205 -0.0101601 -0.0101332 -0.0100615 -0.0101481 -0.0100432 -0.0100276
internal_weight=152.205 151.057 136.026 1.24258 0.800042 15.0312 1.03351 13.9977 13.5921 134.784 58.9615 75.8221 0.680955 1.14738 0.352554 0.705708 0.454685 0.441675 0.320353 0.264544 0.101503
internal_count=18720 18474 16722 132 84 1752 114 1638 1614 16590 6876 9714 48 246 66 102 72 144 42 102 48
is_linear=0
shrinkage=0.01


Tree=166
num_leaves=22
num_cat=0
split_feature=0 0 0 1 1 0 1 1 1 1 1 0 0 1 0 1 1 0 0 1 1
split_gain=1.16687 0.929132 2.22016 3.80288 1.70293 1.40325 2.99538 1.39527 1.09145 1.32873 0.771198 2.84614 2.37819 2.56583e-05 2.14199e-05 8.98588e-06 2.3355e-06 2.13426e-06 3.90241e-07 3.89737e-07 4.08666e-08
threshold=15.820000000000002 70.958333333333343 70.396666666666675 0.13500000000000004 0.14166666666666669 76.315000000000012 0.12500000000000003 0.14166666666666669 0.14500000000000005 0.13500000000000004 0.1483333333333334 44.245000000000005 58.098333333333343 0.15833333333333341 79.815000000000012 0.14500000000000005 0.15500000000000005 13.535000000000002 13.535000000000002 0.16833333333333336 0.17166666666666672
decision_type=2 2 2 2 2 2 2 2 2 2 2 2 2 2 2 2 2 2 2 2 2
left_child=13 2 10 -4 -5 6 -3 -8 9 -7 11 -2 -12 15 -10 -1 -17 19 -18 -15 -21
right_child=1 5 3 4 -6 8 7 -9 14 -11 12 -13 -14 17 -16 16 18 -19 -20 20 -22
leaf_value=-0.010206788610331769 0.0052181602553262518 0.029182581123061737 -0.01025784773953251 0.04157992246996349 0.012717634123100658 -0.0043263750514785024 -0.0085741983926694004 -0.00016377614800090062 -0.010108052053365091 0.0065272057937946926 -0.0013592140584923877 -0.00011012094154226348 0.0030858490944677213 -0.010052407136150337 -0.010219609755345199 -0.010096709758625469 -0.010136136623055427 -0.010087857476114001 -0.010158353635352311 -0.010033070379665485 -0.010020247720233822
leaf_weight=0.24857589462771901 12.801706112688406 0.25252975849434633 0.43824588740244397 0.38422317616641521 0.43685246584936976 1.6547755857463915 5.8668228550814074 2.9716298775747418 0.41493750060908485 3.5429596535395831 60.778833170421422 46.218228177167475 15.008421759121118 0.16142753849271685 0.29411224904470146 0.13300800905562937 0.16736793692689389 0.17538363393396139 0.1498435391113162 0.05544600635766983 0.045049350359477103
leaf_count=30 1266 12 48 24 60 210 804 318 72 306 8274 5610 1440 54 30 30 30 42 12 24 24
internal_value=-2.4324e-05 5.16091e-05 0.000311982 0.0135281 0.0262238 -0.00231061 -0.00477622 -0.00574648 0.00148414 0.00307181 0.000188521 0.00104561 -0.000478942 -0.0101209 -0.0101543 -0.0101585 -0.0101319 -0.0100609 -0.0101466 -0.0100428 -0.0100273
internal_weight=152.2 151.064 136.067 1.25932 0.821076 14.9978 9.09098 8.83845 5.90678 5.19774 134.807 59.0199 75.7873 1.1361 0.70905 0.698795 0.450219 0.437307 0.317211 0.261923 0.100495
internal_count=18720 18474 16722 132 84 1752 1134 1122 618 516 16590 6876 9714 246 102 102 72 144 42 102 48
is_linear=0
shrinkage=0.01


Tree=167
num_leaves=28
num_cat=0
split_feature=7 7 7 1 1 1 7 1 7 1 7 7 7 1 1 1 1 1 7 7 1 7 1 7 1 7 7
split_gain=23.6359 2.0436 1.68717 1.37443 1.31439 3.88249 2.11371 1.14149 3.27291 1.70579 1.07361 1.03072 3.20458 1.75604 0.699244 1.17458 1.80917 0.756056 0.183508 3.04675 7.33316 0.565134 7.94455e-07 2.68317e-07 1.3369e-07 4.5393e-08 1.81531e-09
threshold=140.25000000000003 35.750000000000007 304.55000000000007 0.18833333333333335 0.1483333333333334 0.15833333333333341 7.8500000000000005 0.13833333333333339 130.75000000000003 0.12833333333333338 135.55000000000004 81.750000000000014 80.15000000000002 0.17166666666666672 0.17166666666666672 0.15500000000000005 0.16166666666666671 0.14166666666666669 1272.5000000000002 1248.5000000000002 0.14166666666666669 1137.5000000000002 0.13166666666666668 296.25000000000006 0.17166666666666672 257.05000000000007 1403.5000000000002
decision_type=2 2 2 2 2 2 2 2 2 2 2 2 2 2 2 2 2 2 2 2 2 2 2 2 2 2 2
left_child=1 3 14 4 6 -6 -1 8 9 -3 -10 12 -9 -13 15 17 -17 -2 19 21 -21 -4 26 25 -24 -16 -20
right_child=2 7 18 -5 5 -7 -8 11 10 -11 -12 13 -14 -15 23 16 -18 -19 22 20 -22 -23 24 -25 -26 -27 -28
leaf_value=0.012806307851792044 -0.0038220145125194959 0.001685123589096087 -0.0088528301429916332 0.017507447356130888 -0.0036846184974376772 0.004156406165030985 0.0039225834831903613 0.0020406913094936805 0.015322681477889261 -0.0082492325903379699 0.0007844408870506987 0.00074760072279439591 0.020553162746916688 -0.010067243609851511 -0.010028930993323573 0.0067379122746049807 -0.0045019370448694512 -0.010037463489590162 -0.010042417217435847 0.097506109745459299 -0.010039009217209141 -0.0017766586779344694 -0.010029411282863663 -0.01004746210556374 -0.010025713929368785 -0.010032764768302196 -0.010040942018909062
leaf_weight=2.9296645261347285 6.4074814317282307 2.5220966269262117 16.904007258708599 0.69219894520938297 8.9938655630685407 21.200211214832962 31.211657798849046 22.919277732260529 1.1665224190801375 5.4923577941954136 0.8997349478304385 11.052630050573496 0.97483760118484397 1.7373950509354461 1.3344528734451149 2.3783084501046678 3.5992922431323677 2.8177192087750882 0.10418295906856556 0.092968652490525439 0.19936964102089405 1.2093860437162209 2.9907884775893763 0.090693078469484933 1.4530955201480535 0.40184316388331343 0.41847851173952222
leaf_count=69 1384 224 6192 13 319 738 923 1674 41 903 30 1230 63 333 481 336 728 795 25 17 53 283 1034 22 579 127 104
internal_value=-2.41557e-05 0.00234494 -0.00657944 0.00349152 0.00334072 0.00182081 0.0046849 0.0007506 -0.00222977 -0.00512296 0.00899212 0.0015696 0.00279597 -0.000721486 -0.00418544 -0.00348299 -2.99373e-05 -0.00572044 -0.00832378 -0.0078635 0.0241622 -0.00838037 -0.0100296 -0.0100307 -0.0100282 -0.0100298 -0.0100412
internal_weight=152.195 111.792 40.4021 65.0276 64.3354 30.1941 34.1413 46.7649 10.0807 8.01445 2.06626 36.6841 23.8941 12.79 17.0298 15.2028 5.9776 9.2252 23.3723 18.4057 0.292338 18.1134 4.96655 1.82699 4.44388 1.7363 0.522661
internal_count=18720 6560 12160 2062 2049 1057 992 4498 1198 1127 71 3300 1737 1563 3873 3243 1064 2179 8287 6545 70 6475 1742 630 1613 608 129
is_linear=0
shrinkage=0.01


Tree=168
num_leaves=30
num_cat=0
split_feature=7 7 7 1 1 7 1 7 7 7 7 1 1 7 1 1 7 7 7 7 1 7 7 1 7 1 1 1 1
split_gain=23.2694 2.38993 1.2861 1.12887 1.35331 1.57423 1.25744 1.8286 1.46201 0.779781 0.789876 1.01684 0.794609 0.677431 1.88072 0.740317 1.07411 0.534696 0.184891 1.47134 0.884797 0.385016 2.02662 4.87272e-06 2.41598e-06 1.33576e-07 4.55894e-08 9.62513e-09 1.45089e-09
threshold=154.05000000000004 64.050000000000011 304.55000000000007 0.17166666666666672 0.18500000000000003 94.550000000000011 0.16500000000000004 149.35000000000005 138.05000000000004 1.0000000180025095e-35 13.550000000000002 0.18166666666666673 0.17833333333333334 300.95000000000005 0.16166666666666671 0.12500000000000003 187.05000000000004 257.05000000000007 449.45000000000005 429.95000000000005 0.14166666666666669 1137.5000000000002 1272.5000000000002 0.1516666666666667 81.750000000000014 0.17500000000000002 0.17500000000000002 0.16833333333333336 0.15833333333333341
decision_type=2 2 2 2 2 2 2 2 2 2 2 2 2 2 2 2 2 2 2 2 2 2 2 2 2 2 2 2 2
left_child=1 9 13 6 24 -6 7 -3 -8 27 12 -12 -11 15 23 16 -2 -17 19 26 -21 25 -23 -15 -5 -20 -4 28 -1
right_child=2 3 18 4 5 -7 8 -9 -10 10 11 -13 -14 14 -16 17 -18 -19 21 20 -22 22 -24 -25 -26 -27 -28 -29 -30
leaf_value=-0.010038893402770739 -0.010270214332856709 -0.0014791744723642248 -0.010025791889809697 -0.010069126719127247 0.023042530859958981 -0.010123010596978708 0.0070716501346140132 0.013554818657709163 -0.010126061714508338 0.0039514562111137019 0.0027060196629552923 -0.0048423679052780333 0.0095869633763697171 -0.01005887498838434 0.024399349582494897 -0.0067917875021488343 0.016301953269593824 -0.0023784902847115851 -0.010025919114428223 -0.010064398582292536 0.0050325855978821232 0.0032256254161923742 -0.01002927883906748 -0.010134571823034436 -0.010046330109141872 -0.010022561269780367 -0.010022400016572603 -0.010036090012480658 -0.010040356640239126
leaf_weight=0.2312824297696342 0.25475332699715814 18.530513366218667 3.9022369096055654 0.67141440091654647 0.29974178504198778 0.27389584365300834 4.0637247413396826 0.84597410261630912 0.56277903029695142 21.851273037493232 60.84119489043951 1.8385486458428193 2.8255273550748816 0.20051216846332032 0.28960030572488904 9.2374733246397209 0.37760412669740617 3.9060709129553279 9.184125931584278 0.55024287709966291 1.3182729911059139 1.507023534271865 4.9172714570304379 0.14766394486650825 1.5114002048503605 1.360143131460062 0.44105221715290088 0.12826196383684874 0.095848132856190205
leaf_count=60 10 2411 1543 113 13 28 337 109 62 429 2896 97 25 35 26 2509 48 796 3613 88 129 353 1742 13 356 618 201 36 24
internal_value=-2.41225e-05 0.00221592 -0.00685086 -0.00040041 -0.00646136 0.00720692 0.000295616 -0.000822793 0.00497968 0.00301321 0.00308125 0.00248461 0.00459673 -0.00450527 0.00557032 -0.00497174 0.00559701 -0.00548022 -0.00830936 -0.00683327 0.000586807 -0.00884972 -0.00691992 -0.010091 -0.0100533 -0.0100255 -0.0100254 -0.0100384 -0.0100393
internal_weight=152.165 114.571 37.594 26.7594 2.75645 0.573638 24.003 19.3765 4.6265 87.8119 87.3565 62.6797 24.6768 14.4137 0.637776 13.7759 0.632357 13.1435 23.1804 6.2118 1.86852 16.9686 6.42429 0.348176 2.18281 10.5443 4.34329 0.455393 0.327131
internal_count=18720 6996 11724 3429 510 41 2919 2520 399 3567 3447 2993 454 3437 74 3363 58 3305 8287 1961 217 6326 2095 48 469 4231 1744 120 84
is_linear=0
shrinkage=0.01


Tree=169
num_leaves=22
num_cat=0
split_feature=0 0 0 1 0 0 1 1 0 1 1 0 1 0 0 1 1 0 1 0 1
split_gain=1.1531 0.921111 2.14826 3.6261 1.56057 1.39499 1.88288 1.1929 1.08567 0.772319 0.885458 0.00754147 2.50769e-05 9.48865e-06 9.28932e-06 9.11348e-06 2.19788e-06 2.0909e-06 3.85887e-07 3.65297e-07 4.12671e-08
threshold=15.820000000000002 70.958333333333343 70.396666666666675 0.13500000000000004 70.648333333333355 82.076666666666668 0.13833333333333339 0.12500000000000003 76.315000000000012 0.12166666666666669 0.1483333333333334 84.558333333333351 0.15833333333333341 84.558333333333351 40.02000000000001 0.14500000000000005 0.15500000000000005 13.535000000000002 0.16833333333333336 13.535000000000002 0.17166666666666672
decision_type=2 2 2 2 2 2 2 2 2 2 2 2 2 2 2 2 2 2 2 2 2
left_child=12 2 9 -4 -5 7 13 -3 -9 14 -11 -8 15 -7 -2 -1 -17 18 -14 -18 -20
right_child=1 5 3 4 -6 6 11 8 -10 10 -12 -13 17 -15 -16 16 19 -19 20 -21 -22
leaf_value=-0.010206656674882218 -0.010286205462216267 0.013476864783444039 -0.010258255960851568 0.03959763513655648 0.01232528953274538 -0.01004924950309787 0.017360110541132952 -0.0057281759136369216 0.00021897316377534945 0.0011684176268522898 -0.00047076266945218819 0.019445202267176522 -0.010052291195012346 -0.010159026267921393 -0.010213285475792621 -0.010096602085525411 -0.010135082794810232 -0.010087602596165016 -0.010032903613287257 -0.010156692225325965 -0.010019870360471471
leaf_weight=0.24703680886886903 0.38475072989240189 0.41912274574860831 0.43360801227390655 0.40141753712669015 0.43957880837842822 0.12022682605311164 0.35995021089911461 8.7986361894290877 4.7142471193801603 58.36075503192842 75.699750983389094 0.33481006277725101 0.15891526022460312 0.22816639905795455 0.31999573623761535 0.13149419636465609 0.16539778315927833 0.17321044660639018 0.054412065539509058 0.14842942589893937 0.043890065047889948
leaf_count=30 30 24 48 36 48 30 30 1122 492 6816 9714 18 54 36 30 30 30 42 24 12 24
internal_value=-2.40395e-05 5.10284e-05 0.000310147 0.0132316 0.0253427 -0.0023029 0.00885113 -0.00313805 -0.00365339 0.000187936 0.000242824 0.0183649 -0.0101207 -0.0101211 -0.0102531 -0.0101579 -0.0101309 -0.0100607 -0.0100427 -0.0101453 -0.0100271
internal_weight=152.138 151.015 136.04 1.2746 0.840996 14.9752 1.04315 13.932 13.5129 134.765 134.061 0.69476 1.12279 0.348393 0.704746 0.692358 0.445321 0.430428 0.257217 0.313827 0.0983021
internal_count=18720 18474 16722 132 84 1752 114 1638 1614 16590 16530 48 246 66 60 102 72 144 102 42 48
is_linear=0
shrinkage=0.01


Tree=170
num_leaves=28
num_cat=0
split_feature=7 7 7 1 1 1 7 1 7 1 7 7 7 1 1 1 1 1 7 7 1 7 1 7 1 7 7
split_gain=22.9162 1.94747 1.6818 1.32773 1.26472 3.78405 2.03443 1.11383 3.21719 1.68645 1.02799 0.989716 3.05829 1.72291 0.698558 1.16894 1.77676 0.757275 0.185692 2.94496 6.39854 0.559968 7.48147e-07 2.99845e-07 1.27801e-07 4.67786e-08 1.72196e-09
threshold=140.25000000000003 35.750000000000007 304.55000000000007 0.18833333333333335 0.1483333333333334 0.15833333333333341 7.8500000000000005 0.13833333333333339 130.75000000000003 0.12833333333333338 135.55000000000004 81.750000000000014 80.15000000000002 0.17166666666666672 0.17166666666666672 0.15500000000000005 0.16166666666666671 0.14166666666666669 1272.5000000000002 1248.5000000000002 0.14166666666666669 1137.5000000000002 0.13166666666666668 296.25000000000006 0.17166666666666672 257.05000000000007 1403.5000000000002
decision_type=2 2 2 2 2 2 2 2 2 2 2 2 2 2 2 2 2 2 2 2 2 2 2 2 2 2 2
left_child=1 3 14 4 6 -6 -1 8 9 -3 -10 12 -9 -13 15 17 -17 -2 19 21 -21 -4 26 25 -24 -16 -20
right_child=2 7 18 -5 5 -7 -8 11 10 -11 -12 13 -14 -15 23 16 -18 -19 22 20 -22 -23 24 -25 -26 -27 -28
leaf_value=0.012483364858698522 -0.0037810231131088653 0.0016441327696351397 -0.0088315034250696384 0.017087965943734351 -0.0036771413742936227 0.0040595799069529257 0.003821220784216602 0.0019937366533091354 0.014992619937314058 -0.0082346460991818467 0.00080010445347528851 0.00073241449437483125 0.019892103984408466 -0.010066350106951906 -0.010028424957334397 0.0066946763884626424 -0.0044544069221078347 -0.010037053697962782 -0.010041585670074505 0.087203102243744321 -0.01003873626591863 -0.0017881085516707859 -0.010028841926514112 -0.010047975218900955 -0.010025190014410369 -0.010032344138508875 -0.010040134593398949
leaf_weight=2.9674355685710898 6.3658522693440336 2.5304456301964802 16.609980563982401 0.70149635709822078 8.9839632096700388 21.334529695566744 31.423556827940047 23.005971271079037 1.181423760019243 5.4500059520360082 0.89848373271524895 11.067739277612416 0.9959966791793694 1.7050682357512403 1.3111532739130769 2.3843903793022028 3.5688312775455415 2.7798036674503237 0.10214580735191603 0.10281059425324102 0.19795289402827621 1.2110527474433173 2.9321094289189205 0.090892300708219298 1.4235170987667514 0.39668970112688828 0.4101527810562402
leaf_count=69 1384 224 6192 13 319 738 923 1674 41 903 30 1230 63 333 481 336 728 795 25 17 53 283 1034 22 579 127 104
internal_value=-2.38518e-05 0.00228976 -0.00653454 0.00340434 0.003256 0.00176704 0.00456864 0.000733119 -0.00221532 -0.00510228 0.0088617 0.00153972 0.00273646 -0.000709135 -0.00413944 -0.00343766 1.10352e-05 -0.00568253 -0.00829496 -0.00782916 0.0232016 -0.00835286 -0.010029 -0.0100303 -0.0100276 -0.0100293 -0.0100404
internal_weight=152.133 112.246 39.8873 65.411 64.7095 30.3185 34.391 46.8351 10.0604 7.98045 2.07991 36.7748 24.002 12.7728 16.8976 15.0989 5.95322 9.14566 22.9897 18.1218 0.300763 17.821 4.86793 1.79874 4.35563 1.70784 0.512299
internal_count=18720 6560 12160 2062 2049 1057 992 4498 1198 1127 71 3300 1737 1563 3873 3243 1064 2179 8287 6545 70 6475 1742 630 1613 608 129
is_linear=0
shrinkage=0.01


Tree=171
num_leaves=29
num_cat=0
split_feature=7 7 7 1 1 1 7 7 7 7 1 1 1 7 7 7 7 7 7 1 7 7 7 7 1 1 1 1
split_gain=22.5708 2.28831 1.28439 1.10053 1.34136 1.22323 1.78612 1.448 0.767319 0.752387 1.00204 0.762385 0.667847 1.08211 0.92628 1.27379 0.625701 0.187534 1.47945 0.880173 0.389586 2.00031 2.61817e-06 2.13475e-07 1.28321e-07 4.36741e-08 1.00129e-08 1.17356e-09
threshold=154.05000000000004 64.050000000000011 304.55000000000007 0.17166666666666672 0.18500000000000003 0.16500000000000004 149.35000000000005 78.450000000000017 1.0000000180025095e-35 13.550000000000002 0.18166666666666673 0.17833333333333334 0.12500000000000003 189.15000000000001 257.05000000000007 260.95000000000005 210.35000000000005 449.45000000000005 429.95000000000005 0.17500000000000002 1137.5000000000002 1272.5000000000002 81.750000000000014 227.35000000000005 0.17500000000000002 0.17500000000000002 0.16833333333333336 0.15833333333333341
decision_type=2 2 2 2 2 2 2 2 2 2 2 2 2 2 2 2 2 2 2 2 2 2 2 2 2 2 2 2
left_child=1 8 12 5 22 6 -3 -7 26 11 -11 -10 13 -2 16 -16 -14 18 25 -20 24 -22 -5 -15 -19 -4 27 -1
right_child=2 3 17 4 -6 7 -8 -9 9 10 -12 -13 14 23 15 -17 -18 20 19 -21 21 -23 -24 -25 -26 -27 -28 -29
leaf_value=-0.010038778199526888 0.016514198892491165 -0.0014736855652916837 -0.010025323528101661 -0.010069231030350774 0.0071334292329929688 -0.010073572974422034 0.013312065474391739 0.0069674055572093484 0.0038496127122657699 0.002644578950186491 -0.0048462248369129293 0.0093424187878104921 -0.0046679467498375081 -0.010069927391630212 0.016325342264153671 -0.0028258965010549038 -0.010037720013526886 -0.010025451469537965 -0.0030768990313216355 0.013329289011999042 0.0031382019965663925 -0.010028703551916793 -0.010045386235524111 -0.01005177402008429 -0.010022128537214904 -0.010021971679782551 -0.010035857872325627 -0.010040097799324401
leaf_weight=0.23052168544381757 0.37261082231998344 18.517244459362711 3.8301622157450792 0.66829337133094657 0.57580800633877505 0.56793101504444976 0.8547127153724422 4.0863215830177069 21.993674261495475 61.121976199094206 1.8395172520540644 2.8548901453614226 5.5845253490842861 0.13856880087405443 0.37907722149975498 4.1429637433029711 3.5490139453904703 9.015220219036566 1.4287609008606521 0.42405891604721535 1.5169498289469618 4.8196268130559474 1.4808307087514547 0.12164607178419828 1.3341079275123764 0.43264785851351906 0.12744357716292143 0.095236675813794136
leaf_count=60 13 2411 1543 113 41 79 109 320 429 2896 97 25 1505 21 75 795 1004 3613 199 18 353 1742 356 24 618 201 36 24
internal_value=-2.38133e-05 0.00216372 -0.00680726 -0.000398408 -0.00642116 0.000284663 -0.000821321 0.004888 0.00294026 0.00300724 0.00242572 0.00448069 -0.00445648 0.00558642 -0.00492189 -0.00122047 -0.00675448 -0.00828035 -0.00678235 0.000678021 -0.00882939 -0.0068766 -0.0100528 -0.0100614 -0.010025 -0.010025 -0.0100382 -0.0100392
internal_weight=152.104 115.014 37.0899 26.7511 2.72493 24.0262 19.372 4.65425 88.2633 87.8101 62.9615 24.8486 14.2884 0.632826 13.6556 4.52204 9.13354 22.8015 6.11563 1.85282 16.6859 6.33658 2.14912 0.260215 10.3493 4.26281 0.453202 0.325758
internal_count=18720 6996 11724 3429 510 2919 2520 399 3567 3447 2993 454 3437 58 3379 870 2509 8287 1961 217 6326 2095 469 45 4231 1744 120 84
is_linear=0
shrinkage=0.01


Tree=172
num_leaves=28
num_cat=0
split_feature=7 7 7 1 1 1 7 1 7 1 7 7 7 7 1 1 7 1 7 7 1 1 7 7 7 7 1
split_gain=22.2294 1.8538 1.67402 1.28205 1.22709 3.68823 1.95653 1.08726 3.15972 1.66968 0.986026 0.957834 2.92712 1.69302 0.697322 1.16091 1.77569 0.757956 0.188186 1.47346 0.873878 0.392229 1.24789 0.109945 2.90095e-07 4.95064e-08 4.23866e-08
threshold=140.25000000000003 35.750000000000007 304.55000000000007 0.18833333333333335 0.1483333333333334 0.15833333333333341 7.8500000000000005 0.13833333333333339 130.75000000000003 0.12833333333333338 135.55000000000004 81.750000000000014 80.15000000000002 104.25000000000001 0.17166666666666672 0.15500000000000005 272.95000000000005 0.14166666666666669 449.45000000000005 429.95000000000005 0.14166666666666669 0.13166666666666668 1248.5000000000002 1137.5000000000002 296.25000000000006 257.05000000000007 0.17500000000000002
decision_type=2 2 2 2 2 2 2 2 2 2 2 2 2 2 2 2 2 2 2 2 2 2 2 2 2 2 2
left_child=1 3 14 4 6 -6 -1 8 9 -3 -10 12 -9 -13 15 17 -17 -2 19 26 -21 22 -20 -23 25 -16 -4
right_child=2 7 18 -5 5 -7 -8 11 10 -11 -12 13 -14 -15 24 16 -18 -19 21 20 -22 23 -24 -25 -26 -27 -28
leaf_value=0.012173023198563782 -0.0037427901107842595 0.0016131796559771836 -0.010025070998870279 0.016676812556702579 -0.0036727265121453195 0.0039597686322280327 0.0037287841902763812 0.0019542868336188107 0.014672350841994681 -0.0082199586592175862 0.00080734709690622136 -0.0056375984613840236 0.019299156524398807 0.0019852248253645305 -0.010027963159356387 -0.0032109410574116793 0.0092391099768782178 -0.010036644794619272 -0.010028341322233531 -0.010062999207263666 0.00506216897360436 -0.010024626937799482 0.0081292542300038084 -0.008246858454401958 -0.010047362444083992 -0.010032019374060151 -0.010021752414570885
leaf_weight=3.0046171341091386 6.3270024126395601 2.536862990818916 3.7921465103281689 0.71082180552184482 8.9780932022258657 21.474802444223315 31.61976826377213 23.079243277665231 1.1962581984698775 5.4080998881254345 0.89791728369891632 4.5005440043751141 1.0157921649515618 8.2629363781306875 1.2895212535513554 4.383840574650093 1.5508367582224307 2.7429482337320223 1.2124171847244749 0.53827555757015932 1.315627471078187 9.1736070191254822 0.55028003267943848 5.6037803025683379 0.089740618830546626 0.39247986115515221 0.42835226701572526
leaf_count=69 1384 224 1543 13 319 738 923 1674 41 903 30 642 63 921 481 898 166 795 450 88 129 3813 135 1928 22 127 201
internal_value=-2.37241e-05 0.00223673 -0.00649023 0.00331966 0.00317376 0.00170956 0.00446155 0.000717602 -0.0021999 -0.00508019 0.00872747 0.00151224 0.00268551 -0.000702667 -0.00409676 -0.00339619 4.24788e-05 -0.00564619 -0.0082658 -0.00676052 0.000670619 -0.00881862 -0.00435989 -0.00935047 -0.0100298 -0.0100289 -0.0100247
internal_weight=152.077 112.686 39.3909 65.7881 65.0773 30.4529 34.6244 46.8977 10.0391 7.94496 2.09418 36.8585 24.095 12.7635 16.7764 15.0046 5.93468 9.06995 22.6145 6.0744 1.8539 16.5401 1.7627 14.7774 1.77174 1.682 4.2205
internal_count=18720 6560 12160 2062 2049 1057 992 4498 1198 1127 71 3300 1737 1563 3873 3243 1064 2179 8287 1961 217 6326 585 5741 630 608 1744
is_linear=0
shrinkage=0.01


Tree=173
num_leaves=26
num_cat=0
split_feature=7 7 7 1 1 1 7 7 7 1 1 7 1 1 7 7 7 7 1 7 1 7 1 1 7
split_gain=21.899 2.19049 1.2813 1.08819 1.32227 1.18669 1.75046 1.41677 0.66194 1.81303 0.724506 1.06319 0.585333 1.13255 0.631571 0.52454 0.189868 2.86528 8.52627 0.55944 5.04984e-06 2.7351e-06 7.72196e-07 1.17392e-07 1.66e-09
threshold=154.05000000000004 64.050000000000011 304.55000000000007 0.17166666666666672 0.18500000000000003 0.16500000000000004 149.35000000000005 78.450000000000017 300.95000000000005 0.16166666666666671 0.12500000000000003 187.05000000000004 0.18833333333333335 0.18500000000000003 25.750000000000004 257.05000000000007 1272.5000000000002 1248.5000000000002 0.13833333333333339 1137.5000000000002 0.1516666666666667 81.750000000000014 0.13166666666666668 0.17166666666666672 1403.5000000000002
decision_type=2 2 2 2 2 2 2 2 2 2 2 2 2 2 2 2 2 2 2 2 2 2 2 2 2
left_child=1 12 8 5 21 6 -3 -7 10 20 11 -2 13 14 -1 -12 17 19 -19 -4 -10 -5 24 -24 -18
right_child=2 3 16 4 -6 7 -8 -9 9 -11 15 -13 -14 -15 -16 -17 22 18 -20 -21 -22 -23 23 -25 -26
leaf_value=0.0036157910165547603 -0.010269569717496509 -0.0014605738128283061 -0.0087990297861487814 -0.010069360262557397 0.0069645201077512655 -0.010072977966848343 0.013120094325443454 0.0068347575315975285 -0.01005761886544502 0.023688283460256622 -0.0067139765332344861 0.016156936256142 0.010872558122954148 -0.010661899587995767 0.0018944175559986703 -0.0023147052163286848 -0.010041091829019261 0.10778290294140658 -0.01004028485508766 -0.001729472010976361 -0.010135088651937641 -0.010044907696230549 -0.010028036889069092 -0.010024487220557215 -0.010039658636931594
leaf_weight=50.063269727863371 0.25417763739824017 18.487863272195693 16.178574863937694 0.66542490944266308 0.5812967512756585 0.56340504577383299 0.86175265163183112 4.1177327129989862 0.19614141457714218 0.29565876489505172 9.023466383921912 0.37960976967588067 0.90455531515180965 0.62172365421429177 37.116749448236078 3.8738537926692507 0.10094325826503237 0.084848904516546919 0.22241246746852994 1.202559912810101 0.1473556743003428 1.4634150427300481 2.8507389152655378 1.3839892835821954 0.40532329585403204
leaf_count=1422 10 2411 6192 113 41 79 109 320 35 26 2509 48 21 24 2100 796 25 12 58 283 13 356 1034 579 104
internal_value=-2.36631e-05 0.00211317 -0.00676392 -0.000395645 -0.00640256 0.000281802 -0.000811211 0.0047998 -0.00440992 0.0055346 -0.00487965 0.0055587 0.00286946 0.00278701 0.00288292 -0.00539261 -0.00825111 -0.00777478 0.0224961 -0.0083099 -0.0100909 -0.0100526 -0.0100283 -0.0100269 -0.0100399
internal_weight=152.047 115.447 36.5997 26.7409 2.71014 24.0308 19.3496 4.68114 14.1703 0.639156 13.5311 0.633787 88.7063 87.8017 87.18 12.8973 22.4294 17.6884 0.307261 17.3811 0.343497 2.12884 4.74099 4.23473 0.506267
internal_count=18720 6996 11724 3429 510 2919 2520 399 3437 74 3363 58 3567 3546 3522 3305 8287 6545 70 6475 48 469 1742 1613 129
is_linear=0
shrinkage=0.01


Tree=174
num_leaves=30
num_cat=0
split_feature=7 7 7 1 1 1 7 7 7 1 1 7 7 7 7 1 1 7 1 7 7 7 1 7 1 7 1 1 7
split_gain=21.5658 2.13803 1.28038 1.07358 1.30829 1.1582 1.69726 1.40943 0.651034 1.74412 0.71333 1.06535 0.571691 1.34722 3.62046 1.64536 0.787477 3.37139 2.79414 0.521558 0.19099 2.78651 7.41406 0.558713 4.89949e-06 2.65421e-06 7.49291e-07 1.13921e-07 1.61127e-09
threshold=154.05000000000004 64.050000000000011 304.55000000000007 0.17166666666666672 0.18500000000000003 0.16500000000000004 149.35000000000005 138.05000000000004 300.95000000000005 0.16166666666666671 0.12500000000000003 189.15000000000001 17.750000000000004 22.350000000000005 23.350000000000005 0.14166666666666669 0.15833333333333341 15.450000000000001 0.15500000000000005 257.05000000000007 1272.5000000000002 1248.5000000000002 0.13833333333333339 1137.5000000000002 0.1516666666666667 81.750000000000014 0.13166666666666668 0.17166666666666672 1403.5000000000002
decision_type=2 2 2 2 2 2 2 2 2 2 2 2 2 2 2 2 2 2 2 2 2 2 2 2 2 2 2 2 2
left_child=1 12 8 5 25 6 -3 -7 10 24 11 -2 16 15 -15 -14 18 -18 -1 -12 21 23 -23 -4 -10 -5 28 -28 -22
right_child=2 3 20 4 -6 7 -8 -9 9 -11 19 -13 13 14 -16 -17 17 -19 -20 -21 26 22 -24 -25 -26 -27 27 -29 -30
leaf_value=0.0036292104765387047 0.016233905880511289 -0.0014480444710007674 -0.0087878749913255522 -0.010068667464044608 0.0068489897747942771 0.0067468628794453006 0.012821717910409159 -0.010126696019882043 -0.010057042370795353 0.02291427344781256 -0.0066914935310806644 -0.010061585490848717 -0.010173888153923449 0.014774813862247896 0.002119591202865674 0.00089567214137980524 0.0036851190674847584 0.018941813102322579 -0.01040123582285621 -0.0022968329808948805 -0.010040681457807754 0.095908368623141324 -0.010039882487078402 -0.0017151293862714041 -0.010133728801817416 -0.010044459185447224 -0.010027757258829782 -0.010024242979317716 -0.010039262409196096
leaf_weight=24.44277324387804 0.3764629736542674 18.461486136307951 16.037825661827821 0.6588489320129155 0.58517151442356397 4.1406446592882267 0.8729315297678103 0.56224886793643225 0.19420085009187538 0.30255373474210501 8.9635476350085792 0.26082030148245394 1.7913040444254864 2.3889690693467847 42.070794891566038 5.3624955751001835 9.6711129331961256 1.7035268004983652 1.5069084260612715 3.8650019071064881 0.099942921428008868 0.094348165672271445 0.2202082087751478 1.2005005308892567 0.1459089401178062 1.448918182402849 2.8224519395735115 1.3702515725744886 0.40130601683631539
leaf_count=533 13 2411 6192 113 41 337 109 62 35 26 2509 45 112 77 2286 203 267 47 42 796 25 12 58 283 13 356 1034 579 104
internal_value=-2.35951e-05 0.00208797 -0.00674176 -0.000391969 -0.00637946 0.000278819 -0.000803778 0.00472956 -0.00438519 0.00544781 -0.00485448 0.00547198 0.00283332 0.00215153 0.0027996 -0.00187613 0.00377613 0.00597004 0.00281446 -0.00536746 -0.00823625 -0.0077571 0.0217383 -0.00829532 -0.0100899 -0.010052 -0.010028 -0.0100266 -0.0100395
internal_weight=152.023 115.668 36.3553 26.7302 2.69294 24.0373 19.3344 4.70289 14.1085 0.642664 13.4658 0.637283 88.9379 51.6136 44.4598 7.1538 37.3243 11.3746 25.9497 12.8285 22.2468 17.5529 0.314556 17.2383 0.34011 2.10777 4.69395 4.1927 0.501249
internal_count=18720 6996 11724 3429 510 2919 2520 399 3437 74 3363 58 3567 2678 2363 315 889 314 575 3305 8287 6545 70 6475 48 469 1742 1613 129
is_linear=0
shrinkage=0.01


Tree=175
num_leaves=22
num_cat=0
split_feature=0 0 0 1 1 0 1 1 0 1 1 0 1 1 0 0 0 1 1 0 1
split_gain=1.13519 0.923326 2.08207 3.46557 1.43745 1.38198 1.80608 1.14578 1.07057 0.771165 0.856129 0.00597544 2.45548e-05 9.92219e-06 9.68245e-06 9.35604e-06 2.08725e-06 1.92921e-06 3.92186e-07 3.46321e-07 4.37713e-08
threshold=15.820000000000002 70.958333333333343 70.396666666666675 0.13500000000000004 0.14166666666666669 82.076666666666668 0.13833333333333339 0.12500000000000003 76.315000000000012 0.12166666666666669 0.1483333333333334 84.558333333333351 0.15833333333333341 0.14500000000000005 84.558333333333351 40.02000000000001 13.535000000000002 0.15500000000000005 0.16833333333333336 13.535000000000002 0.17166666666666672
decision_type=2 2 2 2 2 2 2 2 2 2 2 2 2 2 2 2 2 2 2 2 2
left_child=12 2 9 -4 -5 7 14 -3 -9 15 -11 -8 13 -1 -7 -2 18 -15 -14 -19 -20
right_child=1 5 3 4 -6 6 11 8 -10 10 -12 -13 16 17 -16 -17 -18 19 20 -21 -22
leaf_value=-0.010209265421736542 -0.010290553823299813 0.012965495126377917 -0.010262949077802648 0.038016849789357175 0.012138072589528757 -0.010048165380437868 0.017017194558226506 -0.005719177872332195 0.000186887713005267 0.0011531647471413765 -0.00045912967714023452 0.018858765794176613 -0.010052732680389521 -0.010097602937531088 -0.010160553143663322 -0.010217282980154991 -0.010088357629534455 -0.010133488278963607 -0.010032940129900953 -0.010154677834427955 -0.01001922798750666
leaf_weight=0.24655028199776896 0.38376161851920088 0.42810979275964101 0.42881711828522273 0.41210168367251754 0.44793953816406429 0.11638133786618599 0.36418766737915576 8.7673491605091822 4.7222393332049242 58.38500189431943 75.55361147550866 0.34133144840598106 0.15495489176828414 0.12962693301960826 0.22457716753706336 0.31924989656545222 0.17036660225130618 0.16227598977275193 0.052622345276176929 0.14700667234137654 0.041749462834559381
leaf_count=30 30 24 48 24 60 30 30 1122 492 6816 9714 18 54 30 36 30 42 30 24 12 24
internal_value=-2.35583e-05 5.04e-05 0.000309943 0.0129595 0.0245383 -0.00230721 0.00877543 -0.00314052 -0.00365167 0.000188854 0.000243683 0.0179082 -0.0101216 -0.0101585 -0.0101222 -0.0102573 -0.0100614 -0.01013 -0.0100429 -0.0101436 -0.0100269
internal_weight=152 150.895 135.93 1.28886 0.860041 14.9642 1.04648 13.9177 13.4896 134.642 133.939 0.705519 1.10515 0.68546 0.340959 0.703012 0.419693 0.43891 0.249327 0.309283 0.0943718
internal_count=18720 18474 16722 132 84 1752 114 1638 1614 16590 16530 48 246 102 66 60 144 72 102 42 48
is_linear=0
shrinkage=0.01


Tree=176
num_leaves=28
num_cat=0
split_feature=7 7 7 1 1 1 7 7 7 1 7 1 7 1 1 1 1 7 7 1 7 7 7 7 1 7 1
split_gain=21.2387 1.717 1.66155 1.23104 2.72286 1.64735 2.52338 1.81488 1.16347 0.807962 0.736467 3.3478 0.793317 0.697334 1.15661 1.75836 0.760239 0.19284 1.49439 0.875624 0.398647 2.00384 2.73673e-05 6.1486e-07 1.16364e-07 5.03435e-08 3.94658e-08
threshold=140.25000000000003 46.350000000000001 304.55000000000007 0.1483333333333334 0.15500000000000005 0.13833333333333339 130.75000000000003 50.850000000000001 50.850000000000001 0.18833333333333335 44.95000000000001 0.1516666666666667 42.150000000000013 0.17166666666666672 0.15500000000000005 0.16166666666666671 0.14166666666666669 449.45000000000005 429.95000000000005 0.14166666666666669 1137.5000000000002 1161.5000000000002 64.050000000000011 300.95000000000005 0.17500000000000002 257.05000000000007 0.17500000000000002
decision_type=2 2 2 2 2 2 2 2 2 2 2 2 2 2 2 2 2 2 2 2 2 2 2 2 2 2 2
left_child=1 9 13 5 22 6 -3 -7 -6 10 12 -12 -1 14 16 -16 -2 18 26 -20 24 -22 -5 25 -19 -15 -4
right_child=2 3 17 4 8 7 -8 -9 -10 -11 11 -13 -14 23 15 -17 -18 20 19 -21 21 -23 -24 -25 -26 -27 -28
leaf_value=0.0029543669000578004 -0.0036855759100672056 -0.0039720248430220994 -0.010024397427033423 -0.010131521456581818 -0.010112935989226116 -0.010178202368459314 0.0086234726819424661 0.0065003716611237369 0.00098879892865410862 0.012837471725504028 -0.010199346056568491 0.021024660342223674 -0.0026300138036511695 -0.010027305026553324 0.0067550630524614184 -0.004378381316975672 -0.010036177076776986 -0.010024525925619794 -0.010061282215586368 0.005256098896399876 0.014779094657394104 -0.0082959624256951844 -0.010069601605290739 -0.010062461038275815 -0.010021301024061957 -0.010031291779162423 -0.010021150240642592
leaf_weight=72.194134950172156 6.2698152533266711 6.5053856768645364 3.6894587740534943 1.1445380151271849 1.0102276764810074 0.70729016605764528 2.1053168959915638 8.4108014637604338 14.399544452317057 0.82642064802348514 0.53482720488682278 0.95931404829025269 2.6367916986346236 1.2588970971992228 2.3757815239951006 3.520804334199056 2.6954306584084406 8.6850860969861987 0.52361950371414412 1.2992061995901165 0.4026227502617975 5.764403015258722 1.896624384447932 0.054418617393821367 1.28434308618307 0.4232261050492524 0.41654656548053015
leaf_count=2426 1384 961 1543 90 93 45 71 745 1596 16 38 41 153 481 336 728 795 3613 88 129 71 2024 285 9 618 140 201
internal_value=-2.33729e-05 0.00215999 -0.00642327 0.000362571 -0.00144558 0.00224437 -0.000892426 0.00520662 0.000260996 0.00300288 0.00289639 0.00984804 0.00275759 -0.00403311 -0.00333247 0.000107372 -0.00559491 -0.00822124 -0.00667896 0.000856073 -0.0087879 -0.00678948 -0.0100929 -0.0100294 -0.0100241 -0.0100283 -0.0100241
internal_weight=151.995 113.331 38.6637 36.1797 18.4509 17.7288 8.6107 9.11809 15.4098 77.1515 76.3251 1.49414 74.8309 16.5984 14.8618 5.89659 8.96525 22.0653 5.92883 1.82283 16.1365 6.16703 3.04116 1.73654 9.96943 1.68212 4.10601
internal_count=18720 6560 12160 3886 2064 1822 1032 790 1689 2674 2658 79 2579 3873 3243 1064 2179 8287 1961 217 6326 2095 375 630 4231 621 1744
is_linear=0
shrinkage=0.01


Tree=177
num_leaves=30
num_cat=0
split_feature=7 7 7 1 1 1 7 7 7 1 1 7 1 7 1 1 7 7 7 7 7 1 7 1 1 7 1 1 7
split_gain=20.917 2.06021 1.27791 1.05609 1.2943 1.13512 1.65987 1.38405 0.641641 1.69337 0.706281 1.04852 0.551301 2.19987 2.41601 1.57241 3.20875 1.85935 0.51954 0.193636 2.73431 6.57393 0.556289 0.129723 4.89953e-06 2.58025e-06 7.09301e-07 1.09458e-07 1.53479e-09
threshold=154.05000000000004 64.050000000000011 304.55000000000007 0.17166666666666672 0.18500000000000003 0.16500000000000004 149.35000000000005 78.450000000000017 300.95000000000005 0.16166666666666671 0.12500000000000003 187.05000000000004 0.1483333333333334 7.8500000000000005 0.14166666666666669 0.15833333333333341 38.250000000000007 23.350000000000005 257.05000000000007 1272.5000000000002 1248.5000000000002 0.13833333333333339 1137.5000000000002 0.13500000000000004 0.1516666666666667 81.750000000000014 0.13166666666666668 0.17166666666666672 1403.5000000000002
decision_type=2 2 2 2 2 2 2 2 2 2 2 2 2 2 2 2 2 2 2 2 2 2 2 2 2 2 2 2 2
left_child=1 12 8 5 25 6 -3 -7 10 24 11 -2 13 23 -15 16 -14 -17 -12 20 22 -22 -4 -1 -10 -5 28 -28 -21
right_child=2 3 19 4 -6 7 -8 -9 9 -11 18 -13 15 14 -16 17 -18 -19 -20 26 21 -23 -24 -25 -26 -27 27 -29 -30
leaf_value=0.014360471983410689 -0.01026989812340485 -0.0014471974442751123 -0.0087655453527398647 -0.010068017459799851 0.0067336441006907643 -0.010072772185454578 0.012599311527010831 0.006649086528547934 -0.010056255209729937 0.022372028180049536 -0.006653695072153013 0.015918325681788671 -0.0039842518633791619 0.0013971955863538205 0.0066691679797516827 0.0056770876640138751 0.0073141742140554154 0.00082543270454914078 -0.0022511851466821735 -0.010039953017881662 0.087051982394900126 -0.010039162155276773 -0.0016964117439408582 0.010120099421140385 -0.010133303931307586 -0.010044032597679213 -0.010027267466879852 -0.010023790554235938 -0.010038555460396821
leaf_weight=1.1657670214772218 0.25446104258298596 18.458138672169309 15.760021526482896 0.65267844824120391 0.58908589207567263 0.56177240423858066 0.88144746329635282 4.1626746789552271 0.19145949836820442 0.30757624097168446 8.8643228267319483 0.38299278961494565 9.4243171587586385 29.495885915122926 12.324922872707246 15.330822557676585 3.4278976609930387 16.295175869483501 3.8424505849834523 0.098156140884383514 0.10294248629361291 0.21620013029314578 1.1977924059610803 1.8929083757102487 0.14506514230743051 1.4339390061795709 2.7718409723602235 1.3446882698917759 0.39399571274407208
leaf_count=11 10 2411 6192 113 41 79 109 320 35 26 2509 48 339 1216 406 457 207 873 796 25 12 58 283 58 13 356 1034 579 104
internal_value=-2.33041e-05 0.00203897 -0.00669737 -0.000396211 -0.00635609 0.000266474 -0.000806995 0.00466073 -0.00433658 0.00541181 -0.00480712 0.00546442 0.00276769 0.00354964 0.00295089 0.00197869 -0.000970775 0.00317729 -0.0053224 -0.00820628 -0.00772047 0.0212785 -0.00826623 0.0117363 -0.0100895 -0.0100515 -0.0100275 -0.0100261 -0.0100388
internal_weight=151.971 116.097 35.874 26.7397 2.6757 24.064 19.3396 4.72445 13.9883 0.644101 13.3442 0.637454 89.3577 44.8795 41.8208 44.4782 12.8522 31.626 12.7068 21.8856 17.277 0.319143 16.9578 3.05868 0.336525 2.08662 4.60868 4.11653 0.492152
internal_count=18720 6996 11724 3429 510 2919 2520 399 3437 74 3363 58 3567 1691 1622 1876 546 1330 3305 8287 6545 70 6475 69 48 469 1742 1613 129
is_linear=0
shrinkage=0.01


Tree=178
num_leaves=28
num_cat=0
split_feature=7 7 7 1 1 1 7 1 7 1 7 7 7 7 1 1 1 1 7 7 1 7 7 7 1 7 1
split_gain=20.6031 1.65287 1.64875 1.16548 1.15622 3.46539 1.79853 1.03467 3.06179 1.65417 0.938348 0.905117 2.80575 1.66045 0.696158 1.14487 1.72985 0.761086 0.195491 1.50113 0.869095 0.403153 1.96569 6.66412e-07 1.09997e-07 5.13914e-08 3.72985e-08
threshold=140.25000000000003 304.55000000000007 35.750000000000007 0.18833333333333335 0.1483333333333334 0.15833333333333341 7.8500000000000005 0.13833333333333339 130.75000000000003 0.12833333333333338 135.55000000000004 81.750000000000014 80.15000000000002 104.25000000000001 0.17166666666666672 0.15500000000000005 0.16166666666666671 0.14166666666666669 449.45000000000005 429.95000000000005 0.14166666666666669 1137.5000000000002 1161.5000000000002 300.95000000000005 0.17500000000000002 257.05000000000007 0.17500000000000002
decision_type=2 2 2 2 2 2 2 2 2 2 2 2 2 2 2 2 2 2 2 2 2 2 2 2 2 2 2
left_child=2 14 3 4 6 -6 -1 8 9 -4 -10 12 -9 -13 15 17 -17 -2 19 26 -21 24 -23 25 -20 -16 -3
right_child=1 18 7 -5 5 -7 -8 11 10 -11 -12 13 -14 -15 23 16 -18 -19 21 20 -22 22 -24 -25 -26 -27 -28
leaf_value=0.011511084150944524 -0.0036448349715037915 -0.010023943291760718 0.0016038646744436569 0.015631629061991836 -0.0036657078039284458 0.0037175919933985935 0.003519460329067681 0.0018628973527327873 0.014219647821608816 -0.0081987685648665463 0.00076105474428121863 -0.0056150007799714921 0.018670194430131907 0.0019422440878508996 -0.010026854956229372 0.0067015496429866997 -0.0043442765616712193 -0.010035758765742989 -0.010024069377273402 -0.010060139671475392 0.005309231739623178 0.014459236286169543 -0.0082690462494490399 -0.010063234617603013 -0.010020904482810547 -0.010030909942441322 -0.010020756860112041
leaf_weight=3.0871724747121325 6.2301062182523328 3.6211093782912966 2.538515886757521 0.73649748228490253 8.9690632680431026 21.827789224684238 32.071820108219981 23.249601707095284 1.2178533440455797 5.3483752810861915 0.90152535215020169 4.4773909535724661 1.0375639675185073 8.2912048336584103 1.2380453045479942 2.3833003523759535 3.4997195994947106 2.6585675782989711 8.5241926689632219 0.51397037529386569 1.2947775083594022 0.40786274382844467 5.677047134609893 0.055084156803786644 1.2605393137782801 0.41809147363528598 0.40882619796320785
leaf_count=69 1384 1543 224 13 319 738 923 1674 41 903 30 642 63 921 481 336 728 795 3613 88 129 71 2024 9 618 140 201
internal_value=-2.32559e-05 -0.00637838 0.00211038 0.0031217 0.00298201 0.00156733 0.00422117 0.000677213 -0.00217615 -0.00504364 0.00849473 0.00144771 0.00258092 -0.000707753 -0.00399094 -0.00329146 0.000130555 -0.00555634 -0.00819115 -0.00662665 0.0009419 -0.00876675 -0.0067456 -0.010029 -0.0100237 -0.0100279 -0.0100236
internal_weight=151.946 38.1912 113.754 66.6923 65.9558 30.7969 35.159 47.062 10.0063 7.88689 2.11938 37.0558 24.2872 12.7686 16.4829 14.7717 5.88302 8.88867 21.7083 5.83868 1.80875 15.8696 6.08491 1.71122 9.78473 1.65614 4.02994
internal_count=18720 12160 6560 2062 2049 1057 992 4498 1198 1127 71 3300 1737 1563 3873 3243 1064 2179 8287 1961 217 6326 2095 630 4231 621 1744
is_linear=0
shrinkage=0.01


Tree=179
num_leaves=31
num_cat=0
split_feature=7 7 7 7 1 1 1 1 7 7 7 7 7 1 1 7 1 1 1 7 7 1 7 1 1 1 7 1 1 7
split_gain=20.2904 1.97496 1.27481 1.04685 1.08994 1.26136 1.07488 0.633037 1.05466 0.896964 1.26753 0.648342 0.528707 1.02093 2.19243 2.04866 0.776212 1.02255 0.883456 0.196312 2.68525 5.89268 0.553748 1.74671e-06 3.39693e-06 6.71458e-07 2.1464e-07 1.30437e-07 1.03617e-07 1.45318e-09
threshold=154.05000000000004 64.050000000000011 304.55000000000007 67.050000000000011 0.17166666666666672 0.18500000000000003 0.16500000000000004 0.12500000000000003 189.15000000000001 257.05000000000007 260.95000000000005 210.35000000000005 16.550000000000004 0.12833333333333338 0.14166666666666669 23.350000000000005 0.17833333333333334 0.14500000000000005 0.18166666666666673 1272.5000000000002 1248.5000000000002 0.13833333333333339 1137.5000000000002 0.13833333333333339 0.14500000000000005 0.13166666666666668 227.35000000000005 0.13166666666666668 0.17166666666666672 1403.5000000000002
decision_type=2 2 2 2 2 2 2 2 2 2 2 2 2 2 2 2 2 2 2 2 2 2 2 2 2 2 2 2 2 2
left_child=1 12 7 23 6 -6 -5 8 -2 11 -11 -9 16 15 -15 -14 17 -1 -18 20 22 -22 -4 27 -25 29 -10 -3 -27 -21
right_child=2 3 19 4 5 -7 -8 9 26 10 -12 -13 13 14 -16 -17 18 -19 -20 25 21 -23 -24 24 -26 28 -28 -29 -30 -31
leaf_value=0.0046536986846761382 0.016091155166314441 -0.010061179634763925 -0.0087429125970504631 -0.00038193561891653637 -0.010051126123917304 0.006576502651540115 0.0050137066379324826 -0.0044541357398540891 -0.010069955569828674 0.016414657941950433 -0.0027298516791065897 -0.010036278417600589 -0.010238793783534546 -0.0020006692050620516 0.0028737465682411472 0.0098711052165789629 0.013603944896747931 0.001015591735514841 0.0035956557232226433 -0.010039228384071243 0.07981602256967113 -0.010038451840022587 -0.0016784974611865385 -0.010115760996294658 -0.010072377547139645 -0.010026773132644377 -0.010051752933026346 -0.010045797787149783 -0.010023359331573856 -0.010037856085525734
leaf_weight=18.776104076765481 0.37843943573534389 0.12139416206628328 15.487899226020099 18.49100421182812 1.9623867784393945 0.59441497037187208 4.6131997988559297 5.372025146847589 0.13862241851165891 0.37779483036138017 4.0882833853829652 3.3959778915159404 0.59381990693509479 12.177479392848907 38.089408461935818 3.4482273194007576 1.5966709936037653 13.126675941981373 1.9704715074039993 0.09638926899060507 0.11121861916035314 0.21230795257724822 1.1952102561481286 0.26027096249163151 0.58874899381771684 2.7218560074688867 0.12161074322648346 0.10099461209028959 1.3204273399896918 0.38690213905647397
leaf_count=321 13 21 6192 2406 449 41 380 1505 21 75 795 1004 30 807 1778 138 22 446 25 25 12 58 283 24 85 1034 24 23 579 104
internal_value=-2.31927e-05 0.00199142 -0.00665291 -0.000394542 9.8138e-06 -0.00618547 0.000695408 -0.00428888 0.00543503 -0.00475815 -0.00111038 -0.00661618 0.00270186 0.00208168 0.00169289 0.00691675 0.00365143 0.00315677 0.00807542 -0.00817601 -0.00768345 0.0208508 -0.0082368 -0.0100791 -0.0100857 -0.010027 -0.0100614 -0.0100542 -0.0100257 -0.0100381
internal_weight=151.916 116.511 35.405 26.7324 25.661 2.5568 23.1042 13.8728 0.638673 13.2341 4.46608 8.768 89.7789 54.3089 50.2669 4.04205 35.4699 31.9028 3.56714 21.5322 17.0066 0.323527 16.6831 1.07141 0.84902 4.52557 0.260233 0.222389 4.04228 0.483291
internal_count=18720 6996 11724 3429 3276 490 2786 3437 58 3379 870 2509 3567 2753 2585 168 814 767 47 8287 6545 70 6475 153 109 1742 45 44 1613 129
is_linear=0
shrinkage=0.01


Tree=180
num_leaves=31
num_cat=0
split_feature=7 7 7 7 1 1 1 7 1 1 7 1 7 1 1 7 7 7 7 7 1 7 7 1 1 1 1 1 1 1
split_gain=19.9821 1.92826 1.27347 1.03673 1.07423 1.24824 1.04802 0.632806 1.64788 0.687039 1.03268 0.524885 2.03326 2.31451 1.47769 3.09649 1.783 0.512381 0.198157 1.50766 0.862479 0.407661 1.9524 0.122755 4.87066e-06 1.69477e-06 3.29583e-06 1.2657e-07 1.03985e-07 3.52617e-08
threshold=154.05000000000004 64.050000000000011 304.55000000000007 67.050000000000011 0.17166666666666672 0.18500000000000003 0.16500000000000004 300.95000000000005 0.16166666666666671 0.12500000000000003 187.05000000000004 0.1483333333333334 7.8500000000000005 0.14166666666666669 0.15833333333333341 38.250000000000007 23.350000000000005 257.05000000000007 449.45000000000005 429.95000000000005 0.14166666666666669 1137.5000000000002 1272.5000000000002 0.13500000000000004 0.1516666666666667 0.13833333333333339 0.14500000000000005 0.13166666666666668 0.17500000000000002 0.17500000000000002
decision_type=2 2 2 2 2 2 2 2 2 2 2 2 2 2 2 2 2 2 2 2 2 2 2 2 2 2 2 2 2 2
left_child=1 11 7 25 6 -6 -5 9 24 10 -2 12 23 -14 15 -13 -16 -11 19 29 -21 28 -23 -1 -9 27 -27 -3 -20 -4
right_child=2 3 18 4 5 -7 -8 8 -10 17 -12 14 13 -15 16 -17 -18 -19 21 20 -22 22 -24 -25 -26 26 -28 -29 -30 -31
leaf_value=0.013731422827725917 -0.010270485756451455 -0.010060567616890614 -0.010023498202900476 -0.00037825813872623115 -0.010050616032341211 0.0064698797999700455 0.0049394035707153085 -0.010055285598536069 0.021921548297067932 -0.006593409004993233 0.015651356679931835 -0.0039495891117827904 0.0013301134586059247 0.0064648060900313088 0.0054848360407108209 0.0071099986616862737 0.00075472011800678475 -0.0021996994772674134 -0.010023621842849965 -0.010059019595563337 0.0053613944588856337 0.0030770880910243 -0.010026720690865281 0.0096522711310299165 -0.010132574098387668 -0.010114597528492666 -0.010071652517584606 -0.010045339933463029 -0.010020515758173965 -0.010020370914644399
leaf_weight=1.1929551512002938 0.25498627312481126 0.12019354477525002 3.5541018875082986 18.484103913651786 1.9429588189814233 0.59814973571337748 4.6356558594852677 0.18813708378002125 0.31187665881589055 8.7106415582820755 0.38685053307563066 9.376417314168064 29.651138380169868 12.470905117690561 15.503624914679678 3.4678971003741017 16.397737700026482 3.8173468788154414 8.3664581275079382 0.50450880150310684 1.29045865079388 1.5236947855446477 4.4806642263429239 1.9333221968263385 0.14390536723658442 0.2577107222750783 0.58293259656056762 0.099994232412427664 1.23720326530747 0.40125753905158479
leaf_count=11 10 21 1543 2406 449 41 380 35 26 2509 48 339 1216 406 457 207 873 796 3613 88 129 353 1742 58 13 24 85 23 618 201
internal_value=-2.31235e-05 0.00196798 -0.00663043 -0.000390836 9.65034e-06 -0.00616187 0.000687966 -0.00426438 0.00541514 -0.00473764 0.00535323 0.00266837 0.00342782 0.00285032 0.00190039 -0.000963559 0.00305349 -0.00525462 -0.00816069 -0.0065738 0.0010272 -0.00874534 -0.00670144 0.0112088 -0.0100888 -0.0100783 -0.0100848 -0.0100537 -0.0100232 -0.0100232
internal_weight=151.888 116.716 35.1721 26.7217 25.6609 2.54111 23.1198 13.8137 0.643919 13.1698 0.641837 89.994 45.2483 42.122 44.7457 12.8443 31.9014 12.528 21.3583 5.75033 1.79497 15.608 6.00436 3.12628 0.332042 1.06083 0.840643 0.220188 9.60366 3.95536
internal_count=18720 6996 11724 3429 3276 490 2786 3437 74 3363 58 3567 1691 1622 1876 546 1330 3305 8287 1961 217 6326 2095 69 48 153 109 44 4231 1744
is_linear=0
shrinkage=0.01


Tree=181
num_leaves=27
num_cat=0
split_feature=7 7 7 7 1 1 1 7 1 1 7 1 1 7 7 7 7 1 7 7 1 1 1 1 1 1
split_gain=19.6781 1.88267 1.27214 1.0267 1.05872 1.23535 1.02191 0.622292 1.58823 0.676393 1.03486 0.516393 1.10496 0.749937 0.50928 0.198789 1.50078 0.848481 0.409841 1.93986 4.72566e-06 1.64436e-06 3.19767e-06 1.22811e-07 1.00904e-07 3.42189e-08
threshold=154.05000000000004 64.050000000000011 304.55000000000007 67.050000000000011 0.17166666666666672 0.18500000000000003 0.16500000000000004 300.95000000000005 0.16166666666666671 0.12500000000000003 189.15000000000001 0.18833333333333335 0.18500000000000003 1.0000000180025095e-35 257.05000000000007 449.45000000000005 429.95000000000005 0.14166666666666669 1137.5000000000002 1272.5000000000002 0.1516666666666667 0.13833333333333339 0.14500000000000005 0.13166666666666668 0.17500000000000002 0.17500000000000002
decision_type=2 2 2 2 2 2 2 2 2 2 2 2 2 2 2 2 2 2 2 2 2 2 2 2 2 2
left_child=1 11 7 21 6 -6 -5 9 20 10 -2 12 13 -1 -11 16 25 -18 24 -20 -9 23 -23 -3 -17 -4
right_child=2 3 15 4 5 -7 -8 8 -10 14 -12 -13 -14 -15 -16 18 17 -19 19 -21 -22 22 -24 -25 -26 -27
leaf_value=-0.010039139133104927 0.015731266062358605 -0.010059961640661709 -0.010023263899350335 -0.00037461472065875712 -0.010050111002375923 0.0063656485487521754 0.0048665575948519928 -0.010054732586935289 0.021242659274377188 -0.0065705497224022589 -0.010061793117418052 0.010015959176895382 -0.010672788759073159 0.0027179585729537777 -0.0021824663443115208 -0.010023386427327093 -0.010058428807012028 0.0052800232378852419 0.0030370020745596146 -0.010026454122610558 -0.010131239824515892 -0.010113445396836947 -0.010070934812962604 -0.010044886957933416 -0.010020311404948615 -0.010020167787588675
leaf_weight=0.46322962129488487 0.38355897739529332 0.11900473339483386 3.5188198001123996 18.477272547548644 1.923722226172685 0.60184571519494046 4.6578825083561233 0.18627527938224453 0.31859089620411396 8.6538221413502452 0.26167400972917676 0.93810203671455283 0.62680526589974661 88.181073655840009 3.8090564175508907 8.2834041110472736 0.49951804056763638 1.2972083399072287 1.5283447538968165 4.4361981814727187 0.14249215414747596 0.25517537677660584 0.57717324420809746 0.0990037159062922 1.2249177584890265 0.39727297064382572
leaf_count=120 13 21 1543 2406 449 41 380 35 26 2509 45 21 24 3402 796 3613 88 129 353 1742 13 24 85 23 618 201
internal_value=-2.30478e-05 0.0019448 -0.00660788 -0.000387163 9.48966e-06 -0.00613822 0.000680609 -0.00423987 0.00533112 -0.00471254 0.0052709 0.0026353 0.00255774 0.00265129 -0.00522941 -0.00814538 -0.00655121 0.00101569 -0.00873397 -0.0066791 -0.0100879 -0.0100776 -0.010084 -0.0100531 -0.010023 -0.0100229
internal_weight=151.861 116.92 34.9412 26.7111 25.6607 2.52557 23.1352 13.7555 0.647358 13.1081 0.645233 90.2092 89.2711 88.6443 12.4629 21.1857 5.71282 1.79673 15.4729 5.96454 0.328767 1.05036 0.832349 0.218008 9.50832 3.91609
internal_count=18720 6996 11724 3429 3276 490 2786 3437 74 3363 58 3567 3546 3522 3305 8287 1961 217 6326 2095 48 153 109 44 4231 1744
is_linear=0
shrinkage=0.01


Tree=182
num_leaves=31
num_cat=0
split_feature=7 7 7 7 1 1 1 7 1 1 7 1 7 1 1 7 7 7 7 7 1 7 1 1 1 1 1 1 1 7
split_gain=19.3789 1.83816 1.27067 1.01677 1.04343 1.2227 0.996522 0.61199 1.5319 0.665948 1.01372 0.508951 1.96715 2.24019 1.44018 3.01996 1.73387 0.506165 0.199655 2.59254 7.47194 0.543808 0.116303 4.58497e-06 1.59545e-06 3.10249e-06 6.13589e-07 1.19167e-07 9.46978e-08 1.32772e-09
threshold=154.05000000000004 64.050000000000011 304.55000000000007 67.050000000000011 0.17166666666666672 0.18500000000000003 0.16500000000000004 300.95000000000005 0.16166666666666671 0.12500000000000003 187.05000000000004 0.1483333333333334 7.8500000000000005 0.14166666666666669 0.15833333333333341 38.250000000000007 23.350000000000005 257.05000000000007 1272.5000000000002 1248.5000000000002 0.13500000000000004 1137.5000000000002 0.13500000000000004 0.1516666666666667 0.13833333333333339 0.14500000000000005 0.13166666666666668 0.13166666666666668 0.17166666666666672 1403.5000000000002
decision_type=2 2 2 2 2 2 2 2 2 2 2 2 2 2 2 2 2 2 2 2 2 2 2 2 2 2 2 2 2 2
left_child=1 11 7 24 6 -6 -5 9 23 10 -2 12 22 -14 15 -13 -16 -11 19 21 -21 -4 -1 -9 27 -26 29 -3 -28 -20
right_child=2 3 18 4 5 -7 -8 8 -10 17 -12 14 13 -15 16 -17 -18 -19 26 20 -22 -23 -24 -25 25 -27 28 -29 -30 -31
leaf_value=0.01339953703484365 -0.010271966662050372 -0.010059361776642959 -0.0087084793602896764 -0.00037100503269518872 -0.010049611033268173 0.0062637316355868824 0.0047951294276662665 -0.010054185144433379 0.020598713403227911 -0.0065476225825031034 0.015303490150684392 -0.0039410793119441651 0.0012848100312539657 0.0063185169486549946 0.005369116523584249 0.0069452578591246298 0.00071669770167822374 -0.002165331043277059 -0.01003806542633728 0.094781807152963429 -0.010043682917261246 -0.0017153943398511083 0.0094510355547319964 -0.010129918985987939 -0.0101123051161777 -0.010070224202622767 -0.010025979993457638 -0.010044438427842266 -0.010022667207088562 -0.010036733968180752
leaf_weight=1.2077672481536859 0.25630858354270181 0.11782760638743883 15.089607361354874 18.470509444130592 1.9046751509886228 0.60550333093851794 4.6798821361735454 0.18443180061876852 0.32523087784647942 8.5975656626978871 0.39201294491067529 9.3645393680781108 29.760711853392422 12.577621533535419 15.610655327793209 3.5008498849347225 16.45339811919257 3.8008484868332735 0.093553564976899817 0.095335941761731102 0.23713651159778237 1.2004754615481932 1.9510422237217424 0.14109263615682721 0.25266467966139317 0.57147039705887437 2.6416198067599912 0.098022968275472522 1.2814817042089997 0.37551722372882068
leaf_count=11 10 21 6192 2406 449 41 380 35 26 2509 48 339 1216 406 457 207 873 796 25 9 61 283 58 13 24 85 1034 23 579 104
internal_value=-2.29446e-05 0.0019219 -0.00658531 -0.000383522 9.33161e-06 -0.00611452 0.000673336 -0.00421549 0.00524893 -0.00468756 0.00519244 0.00260263 0.00334816 0.00278019 0.00184768 -0.000978757 0.00298177 -0.00520419 -0.00812997 -0.00762894 0.0200149 -0.00819313 0.0109607 -0.010087 -0.0100768 -0.0100831 -0.0100262 -0.0100526 -0.0100249 -0.010037
internal_weight=151.839 117.127 34.7122 26.7006 25.6606 2.51018 23.1504 13.6975 0.650755 13.0467 0.648322 90.4266 45.4971 42.3383 44.9294 12.8654 32.0641 12.3984 21.0147 16.6226 0.332472 16.2901 3.15881 0.325524 1.03999 0.824135 4.39217 0.215851 3.9231 0.469071
internal_count=18720 6996 11724 3429 3276 490 2786 3437 74 3363 58 3567 1691 1622 1876 546 1330 3305 8287 6545 70 6475 69 48 153 109 1742 44 1613 129
is_linear=0
shrinkage=0.01


Tree=183
num_leaves=30
num_cat=0
split_feature=7 7 7 1 1 7 7 1 7 7 7 7 1 7 1 1 7 7 7 7 1 7 7 7 1 1 1 1 1
split_gain=19.0844 1.79489 1.26915 1.14119 1.18561 1.62508 0.872607 1.70959 1.47348 0.738266 0.62517 1.22818 0.718627 0.601873 1.47863 0.65567 1.01577 0.503037 0.201474 1.50703 0.842428 0.414328 1.9144 4.50254e-06 4.44847e-06 9.54086e-08 3.23501e-08 1.27661e-08 3.6322e-09
threshold=154.05000000000004 62.850000000000001 304.55000000000007 0.17166666666666672 0.18500000000000003 92.65000000000002 149.35000000000005 0.15833333333333341 140.25000000000003 1.0000000180025095e-35 10.65 11.65 0.13166666666666668 300.95000000000005 0.16166666666666671 0.12500000000000003 189.15000000000001 257.05000000000007 449.45000000000005 429.95000000000005 0.17500000000000002 1137.5000000000002 1272.5000000000002 81.750000000000014 0.1516666666666667 0.17500000000000002 0.17500000000000002 0.1483333333333334 0.16833333333333336
decision_type=2 2 2 2 2 2 2 2 2 2 2 2 2 2 2 2 2 2 2 2 2 2 2 2 2 2 2 2 2
left_child=1 9 13 6 23 -6 8 -8 -3 27 12 -12 -11 15 24 16 -2 -17 19 26 -21 25 -23 -5 -15 -20 -4 -1 -29
right_child=2 3 18 4 5 -7 7 -9 -10 10 11 -13 -14 14 -16 17 -18 -19 21 20 -22 22 -24 -25 -26 -27 -28 28 -30
leaf_value=-0.010041376529635318 0.01538509753713212 0.00057273536599782894 -0.010022832148000971 -0.010072384477004035 0.021917148735276028 -0.010137948782397821 0.017910289857495942 -0.010094865714249106 -0.010059133488428138 -0.0010791878642293971 -0.003963210224808375 0.0025407598091534943 0.0053863759563226102 -0.0100536432879652 0.019987094998132258 -0.0065246282962146155 -0.010062117795279 -0.002148293926960121 -0.010022952621400167 -0.0027267150464313755 0.013444443838304112 0.0029553028932022491 -0.010025929005342913 -0.010041854532861659 -0.010128611562187955 -0.010019934490510545 -0.010019793559701302 -0.010038715714973978 -0.01003652939553811
leaf_weight=0.14770781435072322 0.38860982842743119 22.423642955953266 3.4538172279717432 0.74864398175850499 0.30978618562221516 0.32311144680716097 0.71433778293430694 0.31370716542005539 1.3839971018023778 1.9839891046285618 3.0264561790972939 71.403457216452807 12.873594829812644 0.18260646634735245 0.33179760165512562 8.5418666561599803 0.26303225150331855 3.7927222847938529 8.1303886179812235 1.3612052109092472 0.42201989516615857 1.5378105451818544 4.3485822166549042 1.361715023522265 0.13970668241381645 1.2022804581793014 0.3899309547850861 0.18345489073544741 0.12971628550440073
leaf_count=36 13 2598 1543 125 13 30 92 35 253 22 77 3068 207 35 26 2509 45 796 3613 199 18 353 1742 356 13 618 201 48 36
internal_value=-2.2886e-05 0.00189935 -0.00656261 -0.000331872 -0.00645249 0.00555215 0.000344189 0.00936454 -4.53215e-05 0.00258499 0.00265015 0.0022763 0.004523 -0.00419106 0.00516851 -0.0046625 0.00511345 -0.00517896 -0.0081144 -0.00649761 0.00110037 -0.00871218 -0.0066346 -0.0100527 -0.0100861 -0.0100226 -0.0100225 -0.010039 -0.0100378
internal_weight=151.814 117.327 34.4864 27.5789 2.74326 0.632898 24.8357 1.02804 23.8076 89.7484 89.2875 74.4299 14.8576 13.6403 0.654111 12.9862 0.651642 12.3346 20.846 5.62697 1.78323 15.2191 5.88639 2.11036 0.322313 9.33267 3.84375 0.460879 0.313171
internal_count=18720 6996 11724 3502 524 43 2978 127 2851 3494 3374 3145 229 3437 74 3363 58 3305 8287 1961 217 6326 2095 481 48 4231 1744 120 84
is_linear=0
shrinkage=0.01


Tree=184
num_leaves=28
num_cat=0
split_feature=7 7 7 7 1 1 1 7 1 7 1 1 1 1 7 1 7 7 1 1 7 7 7 1 1 1 1
split_gain=18.7942 1.75355 1.26754 1.0071 1.01396 1.19973 0.974968 0.595689 1.52778 1.8768 1.24053 5.27935 0.4987 1.08465 0.727389 0.491347 0.202062 1.49988 0.836645 0.417066 1.25408 0.117945 1.58246e-05 1.54729e-06 3.02302e-06 1.15823e-07 3.13925e-08
threshold=154.05000000000004 64.050000000000011 304.55000000000007 67.050000000000011 0.17166666666666672 0.18500000000000003 0.16500000000000004 257.05000000000007 0.13166666666666668 187.05000000000004 0.16500000000000004 0.15833333333333341 0.18833333333333335 0.18500000000000003 1.0000000180025095e-35 0.15500000000000005 449.45000000000005 429.95000000000005 0.14166666666666669 0.13166666666666668 1248.5000000000002 1137.5000000000002 300.95000000000005 0.13833333333333339 0.14500000000000005 0.13166666666666668 0.17500000000000002
decision_type=2 2 2 2 2 2 2 2 2 2 2 2 2 2 2 2 2 2 2 2 2 2 2 2 2 2 2
left_child=1 12 7 23 6 -6 -5 8 9 -2 11 -9 13 14 -1 -10 17 26 -19 20 -18 -21 -12 25 -25 -3 -4
right_child=2 3 16 4 5 -7 -8 10 15 -11 22 -13 -14 -15 -16 -17 19 18 -20 21 -22 -23 -24 24 -26 -27 -28
leaf_value=-0.010038564050176776 -0.010143143332074212 -0.010058801530401378 -0.010022604545434166 -0.00037212188377527274 -0.010048625681520802 0.0060866770015492221 0.0047288617097859904 -0.005904569847634448 -0.010033604503442997 0.013208327429076855 -0.010046790553829907 0.022139248823470421 0.0097492632120926501 -0.010671343319243284 0.0026194573667553418 -0.0049599604392910361 -0.010026289889369858 -0.010057186562600009 0.0052935084750328001 -0.010022206299471051 0.0086143267945265004 -0.0080972731289155938 -0.01013747431992118 -0.010111240269973421 -0.010069495425076114 -0.010044019872222929 -0.01001959629360118
leaf_weight=0.45631075976416369 0.57500283070839742 0.11672810977325088 3.4195284668821873 18.472522595897324 1.8671399402664968 0.61181814828887571 4.700428929179906 2.4102669188287105 3.7043870905181393 0.857410040916875 0.92532256501726784 0.93041448248550285 0.94924759585410257 0.62438330380245943 88.817658607382327 3.9377190084196627 1.1057809677440662 0.48901693918742228 1.2959840279072521 8.2721454809652624 0.53579177916981269 5.1740357809467232 0.24295526603236794 0.25031858123838902 0.56509046978317201 0.097107003908604383 0.38605863577686239
leaf_count=120 96 21 1543 2406 449 41 380 528 1153 181 230 104 21 24 3402 1124 450 88 129 3813 135 1928 21 24 85 23 201
internal_value=-2.2796e-05 0.00187707 -0.00653993 -0.000376869 1.22953e-05 -0.00606636 0.000662568 -0.00416676 -0.00564291 0.00383452 -0.00119593 0.00190593 0.00253903 0.0024629 0.00255476 -0.00741933 -0.00809885 -0.00647491 0.00108805 -0.00870057 -0.00394219 -0.0092815 -0.0100656 -0.010076 -0.0100823 -0.0100521 -0.0100223
internal_weight=151.791 117.529 34.2618 26.6812 25.6519 2.47896 23.173 13.5835 9.07452 1.43241 4.50896 3.34068 90.8476 89.8984 89.274 7.64211 20.6783 5.59059 1.785 15.0878 1.64157 13.4462 1.16828 1.02924 0.815409 0.213835 3.80559
internal_count=18720 6996 11724 3429 3276 490 2786 3437 2554 277 883 632 3567 3546 3522 2277 8287 1961 217 6326 585 5741 251 153 109 44 1744
is_linear=0
shrinkage=0.01


Tree=185
num_leaves=31
num_cat=0
split_feature=7 7 7 7 1 1 1 7 1 1 7 7 1 1 7 1 1 1 7 7 7 1 7 1 1 1 1 1 1 7
split_gain=18.5086 1.71234 1.2658 0.997345 0.999263 1.18768 0.950894 0.591065 1.42864 0.639848 0.994203 0.499696 0.990984 2.09227 1.97687 0.734156 0.958107 0.826809 0.495267 0.203969 2.52532 6.5349 0.542931 4.41152e-06 1.50128e-06 2.93305e-06 6.3288e-07 1.1239e-07 8.70229e-08 1.28314e-09
threshold=154.05000000000004 64.050000000000011 304.55000000000007 67.050000000000011 0.17166666666666672 0.18500000000000003 0.16500000000000004 300.95000000000005 0.16166666666666671 0.12500000000000003 189.15000000000001 16.550000000000004 0.12833333333333338 0.14166666666666669 23.350000000000005 0.17833333333333334 0.14500000000000005 0.18166666666666673 257.05000000000007 1272.5000000000002 1248.5000000000002 0.13500000000000004 1137.5000000000002 0.1516666666666667 0.13833333333333339 0.14500000000000005 0.13166666666666668 0.13166666666666668 0.17166666666666672 1403.5000000000002
decision_type=2 2 2 2 2 2 2 2 2 2 2 2 2 2 2 2 2 2 2 2 2 2 2 2 2 2 2 2 2 2
left_child=1 11 7 24 6 -6 -5 9 23 10 -2 15 14 -14 -13 16 -1 -17 -11 20 22 -22 -4 -9 27 -26 29 -3 -28 -21
right_child=2 3 19 4 5 -7 -8 8 -10 18 -12 12 13 -15 -16 17 -18 -19 -20 26 21 -23 -24 -25 25 -27 28 -29 -30 -31
leaf_value=0.0043803577920615757 0.015064457402733588 -0.010058213337015561 -0.0086733699908872544 -0.00036853545981959914 -0.01004814055198641 0.0059908800565617202 0.0046600857886506183 -0.0100527942455454 0.019434112635951767 -0.0064794401771907754 -0.0100621058755123 -0.010238853905540942 -0.0020687992197694766 0.0026695720115036546 0.0094866550223082612 0.01295842051447349 0.00088235860519147015 0.0033668172359477347 -0.0021238596440258575 -0.010037632166279082 0.084843826551264351 -0.010043025386885075 -0.0016564358358693266 -0.010127865970675647 -0.010110122358146453 -0.010068799339150138 -0.010025258781169501 -0.010043579752214189 -0.010022038278533034 -0.010036315794890267
leaf_weight=19.091523877345026 0.39340413734316548 0.11557336989790445 14.702930646948518 18.465806214837365 1.8486503893509501 0.61536739557050157 4.7219928428530684 0.17974588507786471 0.33795638289302588 8.4344268044223991 0.26258172723464668 0.5939639238640656 12.276654596906154 38.677703298162669 3.5132718812674284 1.635604978539049 13.274779038969426 1.9948019268922506 3.7809256613254538 0.092496501747517779 0.10530051775276739 0.23359324503690004 1.1920839361846454 0.13866360299289227 0.24785513337701559 0.55950620980001986 2.5686666679102932 0.096144963754341006 1.2460725570563225 0.37127362587489188
leaf_count=321 13 21 6192 2406 449 41 380 35 26 2509 45 30 807 1778 138 22 446 25 796 25 9 61 283 13 24 85 1034 23 579 104
internal_value=-2.27111e-05 0.00185508 -0.00651715 -0.000373322 1.21114e-05 -0.00604253 0.000655499 -0.00414258 0.00511387 -0.00461461 0.00500665 0.00250778 0.00190882 0.00152794 0.00663407 0.00342397 0.00294568 0.00768812 -0.00513129 -0.00808315 -0.00757122 0.0194401 -0.00814712 -0.0100855 -0.0100753 -0.0100815 -0.0100255 -0.0100516 -0.0100242 -0.0100366
internal_weight=151.769 117.729 34.0401 26.6709 25.6518 2.46402 23.1878 13.5277 0.656366 12.8713 0.655986 91.0583 55.0616 50.9544 4.10724 35.9967 32.3663 3.63041 12.2154 20.5124 16.2339 0.338894 15.895 0.318409 1.01908 0.807361 4.27851 0.211718 3.81474 0.46377
internal_count=18720 6996 11724 3429 3276 490 2786 3437 74 3363 58 3567 2753 2585 168 814 767 47 3305 8287 6545 70 6475 48 153 109 1742 44 1613 129
is_linear=0
shrinkage=0.01


Tree=186
num_leaves=27
num_cat=0
split_feature=7 7 7 1 1 7 7 1 7 1 1 7 1 1 1 7 7 7 1 7 7 7 1 1 7 7
split_gain=18.2274 1.67261 1.26398 1.0991 1.15205 1.73151 0.846353 1.65392 1.45758 0.592514 1.08577 1.72328 1.00898 0.538501 1.06845 0.52998 0.205095 2.46382 5.83767 0.542034 4.29354e-06 9.96347e-07 6.1414e-07 8.4449e-08 5.63032e-08 1.24449e-09
threshold=154.05000000000004 62.850000000000001 304.55000000000007 0.17166666666666672 0.18500000000000003 90.350000000000009 149.35000000000005 0.15833333333333341 140.25000000000003 0.17166666666666672 0.15500000000000005 272.95000000000005 0.13166666666666668 0.18833333333333335 0.18500000000000003 29.550000000000004 1272.5000000000002 1248.5000000000002 0.13500000000000004 1137.5000000000002 81.750000000000014 300.95000000000005 0.13166666666666668 0.17166666666666672 257.05000000000007 1403.5000000000002
decision_type=2 2 2 2 2 2 2 2 2 2 2 2 2 2 2 2 2 2 2 2 2 2 2 2 2 2
left_child=1 13 9 6 20 -6 8 -8 -3 10 12 -12 -2 14 15 -1 17 19 -19 -4 -5 24 25 -24 -11 -18
right_child=2 3 16 4 5 -7 7 -9 -10 21 11 -13 -14 -15 -16 -17 22 18 -20 -21 -22 -23 23 -25 -26 -27
leaf_value=0.0030673558025798614 0.00037247261266556628 0.0005604386710367326 -0.008661312042776018 -0.01007083269845052 0.022729486503213676 -0.010140616963988018 0.017440439184339986 -0.010094129576904105 -0.01005862063033394 -0.01002557503811481 -0.0038836201942810829 0.0088430949844355532 -0.0081233765611735884 0.010044444717051369 -0.010666728574674315 0.0014451255947679315 -0.01003725628596128 0.077294997264276119 -0.010042596130021935 -0.0016425791093665795 -0.010040612836816995 -0.010068517138320488 -0.01002500688507825 -0.010021818499943947 -0.010029968363389515 -0.010035953416744726
leaf_weight=57.947009538300335 1.9079767698422054 22.448595497058715 14.57679796300363 0.72973486641421903 0.30196775496006001 0.34149596514180303 0.72649016743525752 0.31177140353247523 1.3715674572158594 1.0418595890514541 3.2458791201934218 1.5827578576281665 5.2286994870519266 0.93410792574286361 0.62027487903833289 30.866008881945163 0.091579558560623719 0.11437943484634239 0.2312787901610136 1.1901286323554821 1.3216140278382225 0.059624464716762193 2.5431715920567517 1.2337008450413121 0.40514068515039969 0.36759260343387723
leaf_count=1648 381 2598 6192 125 12 31 92 35 253 425 771 166 1545 19 24 1803 25 9 61 283 356 9 1034 579 140 104
internal_value=-2.26383e-05 0.00183348 -0.0064943 -0.000323375 -0.00638941 0.00528482 0.000334222 0.0091723 -5.10079e-05 -0.00411837 -0.0033742 0.000288014 -0.00585203 0.00249112 0.00241222 0.00250357 -0.00806729 -0.00755253 0.0188577 -0.00813152 -0.0100514 -0.0100285 -0.0100253 -0.010024 -0.0100268 -0.0100362
internal_weight=151.741 117.921 33.8206 27.5532 2.69481 0.643464 24.8584 1.03826 23.8202 13.4719 11.9653 4.82864 7.13668 90.3674 89.4333 88.813 20.3486 16.1126 0.345658 15.7669 2.05135 1.50662 4.23604 3.77687 1.447 0.459172
internal_count=18720 6996 11724 3502 524 43 2978 127 2851 3437 2863 937 1926 3494 3475 3451 8287 6545 70 6475 481 574 1742 1613 565 129
is_linear=0
shrinkage=0.01


Tree=187
num_leaves=22
num_cat=0
split_feature=0 0 0 1 0 1 0 1 0 0 1 1 0 1 0 1 0 0 1 1 0
split_gain=1.11611 0.953404 2.02639 3.31446 1.38125 1.70872 1.35241 1.11781 1.50587 0.967171 0.778736 0.800848 0.00515548 2.70987e-05 1.00458e-05 9.69152e-06 7.88585e-06 2.13516e-06 1.58636e-06 4.06751e-07 2.8945e-07
threshold=15.820000000000002 70.958333333333343 70.396666666666675 0.13500000000000004 82.076666666666668 0.13833333333333339 70.648333333333355 0.13166666666666668 76.691666666666677 76.315000000000012 0.12166666666666669 0.1483333333333334 84.558333333333351 0.14500000000000005 84.558333333333351 0.15833333333333341 40.02000000000001 13.535000000000002 0.15500000000000005 0.16833333333333336 13.535000000000002
decision_type=2 2 2 2 2 2 2 2 2 2 2 2 2 2 2 2 2 2 2 2 2
left_child=13 2 10 -4 7 14 -5 8 -3 -9 16 -12 -7 -1 -6 18 -2 19 -15 -17 -20
right_child=1 4 3 6 5 12 -8 9 -10 -11 11 -13 -14 15 -16 17 -18 -19 20 -21 -22
leaf_value=-0.010217792735900755 -0.010298561802747011 0.0085017584111167308 -0.010272146349490007 0.036568623463623266 -0.010047100610620672 0.016561885061791008 0.011727980006044445 -0.0064472717132915136 -0.010206068282623737 -0.00039470982236528457 0.0011285221958176087 -0.00043216679951580848 0.018257430069083341 -0.010102051870758591 -0.010164118106611187 -0.010054269876406488 -0.010231543023890163 -0.010090943064724829 -0.01013463007077986 -0.01002711476356654 -0.010154088801095707
leaf_weight=0.2483234570827324 0.3846678629051884 1.5822761463932686 0.42242436995729693 0.4271333902142942 0.11029768793377914 0.36977446242235601 0.45015316386707127 7.7723473319783789 0.59097300516441453 3.9982663315022364 58.403857922181487 75.230608478421345 0.34818984312005341 0.12802163022570312 0.21909036091528833 0.14868452039081603 0.3229952456895262 0.16654427349567413 0.15926835534628481 0.087693165754899383 0.14699973538517952
leaf_count=30 30 174 48 36 30 30 48 978 78 408 6816 9714 18 30 36 54 30 42 30 48 12
internal_value=-2.25582e-05 5.02525e-05 0.000314737 0.0127412 -0.00234282 0.00873267 0.0238224 -0.00317473 0.00341453 -0.00439133 0.000194515 0.00024992 0.0173842 -0.0101261 -0.0101249 -0.0100988 -0.010268 -0.0100635 -0.0101316 -0.0100442 -0.010144
internal_weight=151.719 150.633 135.642 1.29971 14.9912 1.04735 0.877287 13.9439 2.17325 11.7706 134.342 133.634 0.717964 1.08554 0.329388 0.837212 0.707663 0.402922 0.43429 0.236378 0.306268
internal_count=18720 18474 16722 132 1752 114 84 1638 252 1386 16590 16530 48 246 66 216 60 144 72 102 42
is_linear=0
shrinkage=0.01


Tree=188
num_leaves=31
num_cat=0
split_feature=7 7 7 7 1 1 1 7 7 1 1 1 1 7 1 1 7 7 7 7 1 1 1 1 1 1 1 1 1 1
split_gain=17.9496 1.63374 1.26512 0.987841 0.969917 1.1664 0.933784 0.704111 1.02003 0.837668 2.24005 0.590783 0.482961 1.86904 2.1461 1.38936 2.93259 1.66422 0.423358 1.91674 2.99198 1.37419 0.10877 1.45531e-06 2.87162e-06 1.07685e-07 8.66869e-08 2.93808e-08 2.55944e-08 1.63049e-08
threshold=154.05000000000004 64.050000000000011 449.45000000000005 67.050000000000011 0.17166666666666672 0.18500000000000003 0.16500000000000004 429.95000000000005 304.55000000000007 0.14166666666666669 0.1483333333333334 0.17166666666666672 0.1483333333333334 7.8500000000000005 0.14166666666666669 0.15833333333333341 38.250000000000007 23.350000000000005 1137.5000000000002 1161.5000000000002 0.15833333333333341 0.13166666666666668 0.13500000000000004 0.13833333333333339 0.14500000000000005 0.13166666666666668 0.17500000000000002 0.17166666666666672 0.1483333333333334 0.13166666666666668
decision_type=2 2 2 2 2 2 2 2 2 2 2 2 2 2 2 2 2 2 2 2 2 2 2 2 2 2 2 2 2 2
left_child=1 12 7 23 6 -6 -5 8 11 29 -11 -2 13 22 -15 16 -14 -17 26 20 -20 -21 -1 25 -25 -3 28 -10 -4 -9
right_child=2 3 18 4 5 -7 -8 9 27 10 -12 -13 15 14 -16 17 -18 -19 19 21 -22 -23 -24 24 -26 -27 -28 -29 -30 -31
leaf_value=0.012850998273708348 -0.0033512775779079586 -0.010057644497523227 -0.010022628351218379 -0.0003711129480287422 -0.010047163894721208 0.0058328588706375974 0.004604610396637278 -0.0100584782958664 -0.010022088906805617 0.033982601506733254 -0.00065562787153005135 -0.010028157313340788 -0.0039745703886538289 0.0011574355769638351 0.0060495421872272569 0.0051421574176263515 0.0066878703770606156 0.00061037814308593922 -0.010061154665140831 0.0056127881094884414 0.044172276840374003 -0.01002725998947936 0.009069413996879527 -0.010109154673841976 -0.010068065981570791 -0.010043255633681842 -0.010019194329827031 -0.010019628578096596 -0.010021475773193757 -0.010054441981473495
leaf_weight=1.2329792976379388 11.924269463284878 0.11448961542919522 4.4193768190452811 18.470436354633428 1.8113857238786288 0.62114522489719082 4.7394750514067701 0.14313004072755475 3.1289871607441451 0.22691594855859865 1.0534828719682989 1.4908868625061575 9.4105550036765617 30.06730514857918 12.778143036179243 15.822251270990817 3.5535826412960878 16.610958399716765 0.22688249289058049 0.63833489827811707 0.1844019703567028 4.6845839105080813 1.9853210058063266 0.24563807621598244 0.55304811452515423 0.095310765318572521 1.1577420049579812 0.57449109153822053 3.4157971342792735 0.33273863326758146
leaf_count=11 2863 21 1996 2406 449 41 380 25 1445 28 101 574 339 1216 406 457 207 873 38 160 33 1864 58 24 85 23 618 299 1617 63
internal_value=-2.23864e-05 0.00181225 -0.00647119 -0.000366496 1.53098e-05 -0.00599221 0.000644932 -0.00475723 -0.00537587 0.00127277 0.00548306 -0.00409331 0.00244712 0.00316851 0.00261645 0.00171513 -0.0010519 0.00282117 -0.00866787 -0.00654458 0.0142547 -0.00815167 0.0105182 -0.0100745 -0.0100807 -0.0100511 -0.0100217 -0.0100217 -0.0100221 -0.0100557
internal_weight=151.714 118.112 33.602 26.6509 25.6424 2.43253 23.2099 18.8749 17.1186 1.75627 1.2804 13.4152 91.4611 46.0637 42.8454 45.3973 12.9641 32.4332 14.7271 5.7342 0.411284 5.32292 3.2183 1.00849 0.798686 0.2098 8.99292 3.70348 7.83517 0.475869
internal_count=18720 6996 11724 3429 3276 490 2786 5398 5181 217 129 3437 3567 1691 1622 1876 546 1330 6326 2095 71 2024 69 153 109 44 4231 1744 3613 88
is_linear=0
shrinkage=0.01


Tree=189
num_leaves=28
num_cat=0
split_feature=7 7 7 1 1 1 7 1 7 1 1 7 1 7 7 7 1 7 1 7 7 1 1 1 1 1 1
split_gain=17.6765 1.60099 1.26492 1.03486 1.03357 3.10952 1.51488 0.723942 2.98539 2.07525 1.5934 1.16891 2.23104 1.74664 0.696069 1.01945 0.824867 1.43771 0.589247 0.425495 1.89058 2.57117 6.44147e-07 8.41091e-08 2.85072e-08 2.48411e-08 5.08722e-09
threshold=154.05000000000004 35.750000000000007 449.45000000000005 0.18833333333333335 0.1483333333333334 0.15833333333333341 7.8500000000000005 0.13833333333333339 130.75000000000003 0.13500000000000004 0.12833333333333338 151.75000000000003 0.16166666666666671 140.25000000000003 429.95000000000005 304.55000000000007 0.17500000000000002 435.75000000000006 0.17166666666666672 1137.5000000000002 1272.5000000000002 0.13166666666666668 0.13166666666666668 0.17500000000000002 0.17166666666666672 0.1483333333333334 0.17833333333333334
decision_type=2 2 2 2 2 2 2 2 2 2 2 2 2 2 2 2 2 2 2 2 2 2 2 2 2 2 2
left_child=1 3 14 4 6 -6 -1 8 10 -10 -3 13 -13 -9 15 18 17 -16 -2 23 21 -21 -22 25 -17 -4 -25
right_child=2 7 19 -5 5 -7 -8 11 9 -11 -12 12 -14 -15 16 24 -18 -19 -20 20 22 -23 -24 26 -26 -27 -28
leaf_value=0.010327839987745125 -0.0033288253019369196 0.0013863823954732867 -0.010022402685433399 0.014302313240321527 -0.0036538871864210797 0.0033168767740416444 0.0031656115943369889 0.0013135641311008859 0.00042172421410842343 0.017930484338913394 -0.0081866110090903169 0.041939475758679276 -0.010067650146030954 -0.010062566032170015 0.011785540367787973 -0.01002186861350656 0.01344635180178981 -0.010072765425330386 -0.010027876527680538 0.034066149132098281 -0.010036073003650916 -0.0024216259006681969 -0.010023495072078167 -0.010017922166864614 -0.010019433012460228 -0.010021261515807322 -0.010019413691870163
leaf_weight=3.2447043359279624 11.884847988840198 2.5842381585389358 4.3755012991605309 0.77162369899451633 8.9537709723226744 22.43042474379763 32.863397148437798 37.472230938496068 1.8688060326967388 1.0614517307840288 5.3142334127333015 0.19217685610055824 0.14451474312227219 1.4000531900674094 0.45751965884119161 3.0979209743672977 0.42198526859283436 0.87908766558393836 1.4760934071382497 0.22647184412926336 0.45748025132343162 1.3115315353497861 3.7017726100748405 0.31553474452812202 0.56878585962112982 3.3818812832469121 0.83070930291432887
leaf_count=69 2863 224 1996 13 319 738 923 3300 127 65 903 22 26 267 69 1445 18 130 574 38 129 315 1613 178 299 1617 440
internal_value=-2.23161e-05 0.00179118 -0.00644812 0.00278716 0.00265551 0.00132815 0.00380922 0.000432405 -0.00185639 0.00676407 -0.0050545 0.00106452 0.019617 0.000903833 -0.00473214 -0.00535074 0.0012575 -0.00259068 -0.00406892 -0.00865598 -0.00652191 0.00295122 -0.0100249 -0.0100215 -0.0100215 -0.0100219 -0.010019
internal_weight=151.689 118.302 33.3871 68.2639 67.4923 31.3842 36.1081 50.0377 10.8287 2.93026 7.89847 39.209 0.336692 38.8723 18.7862 17.0276 1.75859 1.33661 13.3609 14.6009 5.69726 1.538 4.15925 8.90363 3.66671 7.75738 1.14624
internal_count=18720 6996 11724 2062 2049 1057 992 4934 1319 192 1127 3615 48 3567 5398 5181 217 199 3437 6326 2095 353 1742 4231 1744 3613 618
is_linear=0
shrinkage=0.01


Tree=190
num_leaves=31
num_cat=0
split_feature=7 7 7 7 1 1 1 7 7 1 1 1 7 7 7 1 1 1 1 7 7 1 1 1 1 1 1 1 1 1
split_gain=17.4075 1.57318 1.26463 0.977238 0.955615 1.15372 0.911005 0.688101 1.01883 0.819708 2.12452 0.587687 0.460768 0.960824 3.35759 2.86495 0.699253 0.9364 0.788594 0.427622 1.87813 2.43505 1.43091e-06 2.79704e-06 6.25059e-07 1.08941e-07 8.16196e-08 2.76653e-08 2.41066e-08 1.4097e-08
threshold=154.05000000000004 64.050000000000011 449.45000000000005 67.050000000000011 0.17166666666666672 0.18500000000000003 0.16500000000000004 429.95000000000005 304.55000000000007 0.14166666666666669 0.1483333333333334 0.17166666666666672 16.550000000000004 22.350000000000005 23.350000000000005 0.14166666666666669 0.17833333333333334 0.16500000000000004 0.18166666666666673 1137.5000000000002 1272.5000000000002 0.13166666666666668 0.13833333333333339 0.14500000000000005 0.13166666666666668 0.13166666666666668 0.17500000000000002 0.17166666666666672 0.1483333333333334 0.13166666666666668
decision_type=2 2 2 2 2 2 2 2 2 2 2 2 2 2 2 2 2 2 2 2 2 2 2 2 2 2 2 2 2 2
left_child=1 12 7 22 6 -6 -5 8 11 29 -11 -2 16 15 -15 -14 17 -1 -18 26 21 -21 25 -24 -22 -3 28 -10 -4 -9
right_child=2 3 19 4 5 -7 -8 9 27 10 -12 -13 13 14 -16 -17 18 -19 -20 20 24 -23 23 -25 -26 -27 -28 -29 -30 -31
leaf_value=0.0033957959009436921 -0.0033064500493921773 -0.0100570578345808 -0.010022179181833846 -0.00037322497556095495 -0.010046756503002231 0.0057279541555487565 0.0045318470001105855 -0.010057680520531865 -0.010021650567757522 0.032613467828699935 -0.00067955660530780084 -0.010027598497078986 -0.010202492247626503 0.013708568107625779 0.0017739148240908909 0.0021776368290016748 0.012491093907826697 -0.0020132151913874055 0.0031895534421079491 0.032610326286383738 -0.010035712759113203 -0.0024031978308893566 -0.010108199585278066 -0.010067472890535537 -0.01002326069779959 -0.01004247485049722 -0.010018813533469962 -0.010019239201218966 -0.01002104938812279 -0.010053903588429983
leaf_weight=29.093539693392813 11.845818103640346 0.11315305018797772 4.3320604222826642 18.47325413720683 1.7945710584754118 0.625144185964018 4.7626189151778808 0.14117628103122015 3.0671625516843046 0.23417612211778749 1.0559453773312268 1.4614463462494303 2.5248759193345887 2.4931537155061951 43.24753759149462 7.1986125539988279 1.6650199014693492 3.5961708617396644 2.013968713581562 0.23417638405226071 0.45294442097656418 1.3083884904626755 0.24353305017575622 0.54829219286330044 3.6650246070930734 0.093603565357625484 1.1348600932396946 0.56313717924058426 3.3483015310484916 0.32938561285845935
leaf_count=627 2863 21 1996 2406 449 41 380 25 1445 28 101 574 141 77 2286 249 22 140 25 38 129 315 24 85 1613 23 618 299 1617 63
internal_value=-2.22515e-05 0.00177039 -0.00642501 -0.000368409 9.3531e-06 -0.00597129 0.00063216 -0.0047071 -0.0053256 0.00124281 0.00536362 -0.00404459 0.00239117 0.00181759 0.00242443 -0.00103708 0.00326592 0.00280075 0.0073992 -0.00864404 -0.00649919 0.0029122 -0.0100739 -0.01008 -0.0100246 -0.0100505 -0.0100213 -0.0100213 -0.0100217 -0.010055
internal_weight=151.661 118.487 33.174 26.6542 25.6556 2.41972 23.2359 18.6982 16.9376 1.76068 1.29012 13.3073 91.8329 55.4642 45.7407 9.72349 36.3687 32.6897 3.67899 14.4758 5.66053 1.54256 0.998582 0.791825 4.11797 0.206757 8.81522 3.6303 7.68036 0.470562
internal_count=18720 6996 11724 3429 3276 490 2786 5398 5181 217 129 3437 3567 2753 2363 390 814 767 47 6326 2095 353 153 109 1742 44 4231 1744 3613 88
is_linear=0
shrinkage=0.01


Tree=191
num_leaves=31
num_cat=0
split_feature=7 7 7 7 1 1 1 7 1 1 1 1 7 1 1 7 7 7 7 1 1 1 7 1 1 1 1 1 1 1
split_gain=17.1425 1.53667 1.26429 0.967772 0.941706 1.14243 0.888711 0.683259 2.41354 0.656815 0.600026 0.462607 1.73716 2.06545 1.31441 2.84654 1.58517 0.429745 1.86611 2.82591 1.35241 0.103841 7.89557e-05 1.38838e-06 2.71385e-06 5.14219e-07 1.05712e-07 7.92019e-08 2.33746e-08 4.79161e-09
threshold=154.05000000000004 64.050000000000011 449.45000000000005 67.050000000000011 0.17166666666666672 0.18500000000000003 0.16500000000000004 442.30000000000001 0.17500000000000002 0.17166666666666672 0.15500000000000005 0.1483333333333334 7.8500000000000005 0.14166666666666669 0.15833333333333341 38.250000000000007 23.350000000000005 1137.5000000000002 1161.5000000000002 0.15833333333333341 0.13166666666666668 0.13500000000000004 429.95000000000005 0.13833333333333339 0.14500000000000005 0.14166666666666669 0.13166666666666668 0.17500000000000002 0.1483333333333334 0.17833333333333334
decision_type=2 2 2 2 2 2 2 2 2 2 2 2 2 2 2 2 2 2 2 2 2 2 2 2 2 2 2 2 2 2
left_child=1 11 7 23 6 -6 -5 9 25 10 -2 12 21 -14 15 -13 -16 27 19 -19 -20 -1 -11 26 -25 -9 -3 28 -4 -29
right_child=2 3 17 4 5 -7 -8 8 -10 22 -12 14 13 -15 16 -17 -18 18 20 -21 -22 -23 -24 24 -26 -27 -28 29 -30 -31
leaf_value=0.012337863025791231 -0.0058741710571082895 -0.010056487202015232 -0.010021957947970934 -0.00036962809213522761 -0.010046290071153681 0.005639796330474448 0.0044668022868732888 -0.01005389157774193 0.029704581445456145 -0.010025021462354112 -0.0018617091834087526 -0.0039470188288054332 0.0011007786988211062 0.0058798745642757687 0.0049660615248239689 0.0065280200329972731 0.00056003517619217073 -0.010061151831014485 0.0054403301433241834 0.042101383852459991 -0.010026619585267975 0.0086781935458964364 -0.010202886019753136 -0.010107112851990353 -0.010066797211890051 -0.010077288467674006 -0.010042050288786127 -0.010017566531161023 -0.010020839874722387 -0.010019028595152196
leaf_weight=1.2574390992522233 9.581210499396553 0.11203348264098423 4.2890499014174548 18.466518577188261 1.7767968443222337 0.62854968430474389 4.7835452686995259 0.15709283342584868 0.25032321736216545 2.00448870670516 6.0994882941013193 9.3722175052389485 30.203894859645516 12.907890488393603 15.990213639568536 3.5871346406638613 16.686541646718979 0.22663284698501129 0.64532100223004807 0.19171502068638802 4.5604942558566108 2.0221938863396645 0.28507095156237472 0.24113565310835838 0.5428728461265564 0.23365049948915839 0.092676092404872179 0.30929732997901715 3.3150543649680912 0.8142916311044246
leaf_count=11 2954 21 1996 2406 449 41 380 30 11 873 1480 339 1216 406 457 207 873 38 160 33 1864 58 19 24 85 31 23 178 1617 440
internal_value=-2.21723e-05 0.00174989 -0.00640182 -0.000364936 9.20206e-06 -0.0059473 0.000625435 -0.00468204 0.00546244 -0.00504393 -0.0043134 0.00236218 0.00306539 0.00253166 0.00164734 -0.00104754 0.0027161 -0.00863201 -0.00647639 0.0138432 -0.00810931 0.0100813 -0.0100472 -0.0100731 -0.0100792 -0.0100679 -0.01005 -0.0100211 -0.0100215 -0.0100186
internal_weight=151.635 118.672 32.9632 26.6441 25.6554 2.40535 23.2501 18.6113 0.641067 17.9703 15.6807 92.0275 46.3914 43.1118 45.6361 12.9594 32.6768 14.3519 5.62416 0.418348 5.20582 3.27963 2.28956 0.988718 0.784008 0.390743 0.20471 8.72769 7.6041 1.12359
internal_count=18720 6996 11724 3429 3276 490 2786 5398 72 5326 4434 3567 1691 1622 1876 546 1330 6326 2095 71 2024 69 892 153 109 61 44 4231 3613 618
is_linear=0
shrinkage=0.01


Tree=192
num_leaves=29
num_cat=0
split_feature=7 7 7 1 1 1 7 1 7 1 1 7 1 7 7 7 1 1 7 7 7 1 1 1 1 1 1 1
split_gain=16.8815 1.5084 1.26386 0.99218 0.993378 2.96984 1.40385 0.700502 2.93338 1.98766 1.57808 1.12002 2.08608 1.71833 0.677927 1.02278 0.801509 2.03363 0.587241 0.431869 1.86494 2.29706 6.51254e-07 7.68541e-08 2.87081e-08 2.26928e-08 1.32052e-08 4.64879e-09
threshold=154.05000000000004 35.750000000000007 449.45000000000005 0.18833333333333335 0.1483333333333334 0.15833333333333341 7.8500000000000005 0.13833333333333339 130.75000000000003 0.13500000000000004 0.12833333333333338 151.75000000000003 0.16166666666666671 140.25000000000003 429.95000000000005 304.55000000000007 0.14166666666666669 0.1483333333333334 257.05000000000007 1137.5000000000002 1272.5000000000002 0.13166666666666668 0.13166666666666668 0.17500000000000002 0.17166666666666672 0.1483333333333334 0.13166666666666668 0.17833333333333334
decision_type=2 2 2 2 2 2 2 2 2 2 2 2 2 2 2 2 2 2 2 2 2 2 2 2 2 2 2 2
left_child=1 3 14 4 6 -6 -1 8 10 -10 -3 13 -13 -9 15 18 26 -18 -2 23 21 -21 -22 25 -17 -4 -16 -25
right_child=2 7 19 -5 5 -7 -8 11 9 -11 -12 12 -14 -15 16 24 17 -19 -20 20 22 -23 -24 27 -26 -27 -28 -29
leaf_value=0.0099027566284321487 -0.0054889750418511372 0.0013600239388348748 -0.010021738935048857 0.013881652492715222 -0.003624118871412103 0.0031901217454439546 0.0030678462090985067 0.0012751526635390654 0.00042506422468778602 0.017473894889851443 -0.0081717694259618064 0.039875213256831875 -0.010067563855735413 -0.010062053606372759 -0.010056674226266878 -0.010021337416630841 0.031544830121962734 -0.00069068545974670665 -0.0010190609717035555 0.031158039349333439 -0.010035549107787436 -0.0023680648042784958 -0.010022798912759798 -0.010017391422799849 -0.010018857434538809 -0.010020631779080002 -0.010052986851517006 -0.010018838738824814
leaf_weight=3.3052564840763798 8.7695270938566008 2.5898828166536969 4.2464654479408619 0.78337151929736037 8.9161520535126346 22.626814057584852 33.08880553022027 37.594094114610925 1.8682383601553738 1.0786622047889978 5.2738595730625093 0.20009938115253945 0.14369267725851387 1.3861792784882698 0.13872532872483034 3.0231535789789628 0.24017324438318599 1.0570049099624155 4.420750994118861 0.24240055680274863 0.45088245416991402 1.3023993272799996 3.5926040589110926 0.30622509762179084 0.55200395500287402 3.2821367923170328 0.32383587351068854 0.80620449036359787
leaf_count=69 2554 224 1996 13 319 738 923 3300 127 65 903 22 26 267 25 1445 28 101 883 38 129 315 1613 178 299 1617 63 440
internal_value=-2.20951e-05 0.00172964 -0.00637857 0.00269187 0.00256284 0.00126396 0.00368858 0.000410711 -0.00184373 0.0066655 -0.00503252 0.00103048 0.0190009 0.00087199 -0.004657 -0.00527676 0.00124765 0.00527774 -0.00399087 -0.00861989 -0.00645354 0.00289265 -0.0100242 -0.0100209 -0.010021 -0.0100213 -0.0100541 -0.0100184
internal_weight=151.61 118.855 32.7545 68.7204 67.937 31.543 36.3941 50.1347 10.8106 2.9469 7.86374 39.3241 0.343792 38.9803 18.5252 16.7654 1.75974 1.29718 13.1903 14.2293 5.58829 1.5448 4.04349 8.64103 3.57516 7.5286 0.462561 1.11243
internal_count=18720 6996 11724 2062 2049 1057 992 4934 1319 192 1127 3615 48 3567 5398 5181 217 129 3437 6326 2095 353 1742 4231 1744 3613 88 618
is_linear=0
shrinkage=0.01


Tree=193
num_leaves=31
num_cat=0
split_feature=7 7 7 1 1 7 7 1 7 7 7 7 1 1 1 7 1 1 7 7 1 7 1 1 1 1 1 1 1 1
split_gain=16.6244 1.48037 1.26337 1.04386 1.10859 1.64114 0.792757 1.58269 1.42387 0.71109 0.670076 1.022 0.788274 1.92301 0.587833 0.544829 0.925217 0.615062 0.433982 1.85265 2.18184 4.17406e-06 6.31947e-07 7.4585e-08 2.78555e-08 2.38019e-08 2.20272e-08 1.28143e-08 5.43533e-09 4.51263e-09
threshold=154.05000000000004 62.850000000000001 449.45000000000005 0.17166666666666672 0.18500000000000003 90.350000000000009 149.35000000000005 0.15833333333333341 140.25000000000003 1.0000000180025095e-35 429.95000000000005 304.55000000000007 0.14166666666666669 0.1483333333333334 0.17166666666666672 13.550000000000002 0.18166666666666673 0.17833333333333334 1137.5000000000002 1272.5000000000002 0.13166666666666668 64.050000000000011 0.13166666666666668 0.17500000000000002 0.17166666666666672 0.1483333333333334 0.1483333333333334 0.13166666666666668 0.15833333333333341 0.17833333333333334
decision_type=2 2 2 2 2 2 2 2 2 2 2 2 2 2 2 2 2 2 2 2 2 2 2 2 2 2 2 2 2 2
left_child=1 9 10 6 21 -6 8 -8 -3 25 11 14 27 -14 -2 17 -17 -11 23 20 -20 -5 -21 26 -13 -1 -4 -12 -27 -25
right_child=2 3 18 4 5 -7 7 -9 -10 15 12 24 13 -15 -16 16 -18 -19 19 22 -22 -23 -24 29 -26 28 -28 -29 -30 -31
leaf_value=-0.010042482151746968 -0.003228412267688982 0.00053176307050868817 -0.010021522500493754 -0.010106199174203596 0.021484433160534694 -0.010142010311882051 0.016683847594435763 -0.010095794298395949 -0.010057547064714265 0.0030453177178132 -0.010056107270960282 -0.010021124559775654 0.030272477407244036 -0.00068423940366008453 -0.010026957082338018 0.0020991300304647954 -0.0050100637718277123 0.0078243900382853424 0.029913427118047758 -0.010035194028387462 -0.0023499188916885146 -0.010046036579284724 -0.010022571506057527 -0.010017218047345683 -0.010018669460538579 -0.010035483924049345 -0.010020426244780022 -0.010052456783528736 -0.010038456301516381 -0.010018651145065879
leaf_weight=0.15162163227796455 11.711559132789267 22.505190989235427 4.2043028081534413 0.12296872865408603 0.31360390037298191 0.34411331149749458 0.74695291789248475 0.31324177049100399 1.3457326206844289 23.181011233478788 0.13735269289463659 2.9931359529728065 0.24772590771317471 1.0562967383302746 1.4267450236948196 62.912062717135996 1.8855040976777662 3.0469400584697715 0.24992231838405032 0.44641181221231807 1.2993470535147933 1.8540803540963677 3.5569373620674014 0.30318332521710523 0.54652162734419096 0.084386131726205349 3.2495453295996413 0.32063047308474779 0.22703970177099109 0.79819749621674418
leaf_count=36 2863 2598 1996 12 12 31 92 35 253 429 25 1445 28 101 574 2828 92 25 38 129 315 469 1613 178 299 24 1617 63 60 440
internal_value=-2.20286e-05 0.00170968 -0.00635525 -0.000322699 -0.00630845 0.00493769 0.000310395 0.00877162 -6.5714e-05 0.0023216 -0.00463198 -0.00525158 0.00123278 0.00519663 -0.0039667 0.00238448 0.00189226 0.00360051 -0.0086077 -0.00643063 0.00285468 -0.0100498 -0.010024 -0.0100207 -0.0100207 -0.0100392 -0.010021 -0.0100536 -0.0100377 -0.0100183
internal_weight=151.582 119.034 32.5478 27.5459 2.63477 0.657717 24.9111 1.06019 23.8509 91.4886 18.44 16.678 1.76201 1.30402 13.1383 91.0255 64.7976 26.228 14.1078 5.55262 1.54927 1.97705 4.00335 8.55523 3.53966 0.463047 7.45385 0.457983 0.311426 1.10138
internal_count=18720 6996 11724 3502 524 43 2978 127 2851 3494 5398 5181 217 129 3437 3374 2920 454 6326 2095 353 481 1742 4231 1744 120 3613 88 84 618
is_linear=0
shrinkage=0.01


Tree=194
num_leaves=29
num_cat=0
split_feature=7 7 7 7 1 7 1 7 7 1 1 7 1 7 1 1 1 1 7 7 1 7 1 1 1 1 1 1
split_gain=16.3713 1.44737 1.2628 1.1938 3.18399 2.89722 4.61527 0.697114 0.680026 3.11709 1.36922 0.763334 3.39338 0.666032 2.3145 0.659319 0.623324 0.60024 0.43609 1.84049 2.07503 7.64467e-05 1.45599e-05 6.13218e-07 6.04433e-07 7.23836e-08 2.13639e-08 4.3779e-09
threshold=154.05000000000004 46.350000000000001 449.45000000000005 50.850000000000001 0.12833333333333338 52.150000000000013 0.14166666666666669 149.35000000000005 44.95000000000001 0.1516666666666667 0.16500000000000004 42.150000000000013 0.16166666666666671 442.30000000000001 0.17500000000000002 0.17166666666666672 0.18833333333333335 0.15500000000000005 1137.5000000000002 1272.5000000000002 0.13166666666666668 429.95000000000005 0.13833333333333339 0.13166666666666668 0.14166666666666669 0.17500000000000002 0.1483333333333334 0.17833333333333334
decision_type=2 2 2 2 2 2 2 2 2 2 2 2 2 2 2 2 2 2 2 2 2 2 2 2 2 2 2 2
left_child=1 8 13 4 -3 6 -5 -7 11 -10 -11 16 -13 15 24 17 -1 -2 25 20 -20 -17 -6 -21 -15 26 -4 -27
right_child=2 3 18 5 22 7 -8 -9 9 10 -12 12 -14 14 -16 21 -18 -19 19 23 -22 -23 -24 -25 -26 27 -28 -29
leaf_value=0.0024164000466278431 -0.0058115784544910251 0.025627686203151593 -0.010021307738403627 -0.010215013021490095 -0.010069810969619128 -0.00017753585483655805 0.03171863108466396 0.0078608000344951561 -0.010209169489072864 0.031743587516305648 0.0084305782947795647 -0.01021650632968945 0.014109758070273367 -0.010052290609729727 0.028634840316391602 -0.010024415929415624 0.010810932744686363 -0.001773758852966606 0.028754292708712707 -0.010034842728863222 -0.002331870161585761 -0.010200568186013248 -0.010143016988435585 -0.010022346541187306 -0.010077864376155304 -0.010017046395037556 -0.010020222714943898 -0.01001846499972958
leaf_weight=75.023363075219095 9.4407093679765293 0.27821959462016765 4.1625580246327427 0.41443224530666956 0.31306591862812672 34.12390743882861 0.71577439969405532 1.1140991962747637 0.54796076146885653 0.47608227282762505 0.53506799228489399 1.9000598671846085 0.82129724696278561 0.15247388556599517 0.25716455839574337 1.9536799881607287 0.89509950019419093 6.0349990639369926 0.25735864276066323 0.44198533636517856 1.2963251799810676 0.28191805351525534 2.05537328729406 3.521623911219649 0.23464002972468734 0.30017171974759527 3.217276859562844 0.79026989859994501
leaf_count=2426 2954 15 1996 33 46 3877 45 145 38 19 22 117 36 30 11 873 16 1480 38 129 315 19 161 1613 31 178 1617 440
internal_value=-2.19365e-05 0.00168997 -0.00633188 0.000110198 -0.0063741 0.000582087 0.0163421 7.66075e-05 0.0024585 0.00899825 0.0194071 0.00232884 -0.00287491 -0.00460698 0.00538041 -0.00497029 0.00251537 -0.00423697 -0.00859543 -0.00640765 0.00281737 -0.0100466 -0.0101333 -0.0100237 -0.0100678 -0.0100205 -0.0100208 -0.0100181
internal_weight=151.557 119.214 32.3432 39.0149 2.64666 36.3682 1.13021 35.238 80.1989 1.55911 1.01115 78.6398 2.72136 18.3556 0.644278 17.7113 75.9185 15.4757 13.9876 5.51729 1.55368 2.2356 2.36844 3.96361 0.387114 8.47028 7.37983 1.09044
internal_count=18720 6996 11724 4322 222 4100 78 4022 2674 79 41 2595 153 5398 72 5326 2442 4434 6326 2095 353 892 207 1742 61 4231 3613 618
is_linear=0
shrinkage=0.01


Tree=195
num_leaves=31
num_cat=0
split_feature=7 7 7 7 1 1 1 7 7 1 1 1 1 7 1 1 7 7 7 7 1 1 1 1 1 1 1 1 1 1
split_gain=16.1215 1.42113 1.26216 0.957053 0.914054 1.12097 0.870694 0.660031 1.02571 0.770981 1.84605 0.585533 0.445084 1.61737 1.99527 1.23395 2.76509 1.5118 0.438192 1.82843 1.97579 0.098191 1.36323e-06 2.65197e-06 5.95041e-07 1.06921e-07 7.02277e-08 2.88297e-08 2.07361e-08 1.20015e-08
threshold=154.05000000000004 64.050000000000011 449.45000000000005 67.050000000000011 0.17166666666666672 0.18500000000000003 0.16500000000000004 429.95000000000005 304.55000000000007 0.14166666666666669 0.1483333333333334 0.17166666666666672 0.1483333333333334 7.8500000000000005 0.14166666666666669 0.15833333333333341 38.250000000000007 23.350000000000005 1137.5000000000002 1272.5000000000002 0.13166666666666668 0.13500000000000004 0.13833333333333339 0.14500000000000005 0.13166666666666668 0.13166666666666668 0.17500000000000002 0.17166666666666672 0.1483333333333334 0.13166666666666668
decision_type=2 2 2 2 2 2 2 2 2 2 2 2 2 2 2 2 2 2 2 2 2 2 2 2 2 2 2 2 2 2
left_child=1 12 7 22 6 -6 -5 8 11 29 -11 -2 13 21 -15 16 -14 -17 26 20 -20 -1 25 -24 -21 -3 28 -10 -4 -9
right_child=2 3 18 4 5 -7 -8 9 27 10 -12 -13 15 14 -16 17 -18 -19 19 24 -22 -23 23 -25 -26 -27 -28 -29 -30 -31
leaf_value=0.011815632416624641 -0.0031778550341539577 -0.010055933600806973 -0.010021095267328884 -0.00037811998127591426 -0.010045423286261712 0.0054757337552753926 0.0044001043695022588 -0.010055131262815984 -0.010020820640328606 0.029351824586841945 -0.00069539374893040639 -0.01002642233918394 -0.0039307003869272356 0.0010218443048570186 0.0056964809529297831 0.0047649135312324044 0.0063597484168851368 0.00048270044840141628 0.027672119570783322 -0.010034494862369927 -0.0023139188224379488 0.0082915508331063356 -0.010106209635570308 -0.010066179185756001 -0.010022123776099527 -0.010041306165449041 -0.010017894507046337 -0.01001829900126708 -0.010020020958563422 -0.010051567713255827
leaf_weight=1.2832326963543885 11.626202531624591 0.11076505528763192 4.1212268722010759 18.481209712335847 1.7427843320183449 0.63480422738939513 4.8051012959331265 0.1349730514921238 2.9504064971115436 0.25349308410659421 1.0573499007150529 1.3985709698172275 9.3495415123179537 30.398045237641782 13.050882413052021 16.18543394561857 3.6230762666091314 16.803719447460026 0.26471090782433648 0.43760260404087636 1.2933334023691712 2.0596741288900375 0.23914277274161577 0.53739356365986168 3.4866602830588818 0.091049122158437967 1.0796108538052065 0.53571631247177709 3.1853281939402223 0.31524215452373028
leaf_count=11 2863 21 1996 2406 449 41 380 25 1445 28 101 574 339 1216 406 457 207 873 38 129 315 58 24 85 1613 23 618 299 1617 63
internal_value=-2.18799e-05 0.00167042 -0.00630845 -0.000365231 4.82566e-06 -0.00590135 0.000607861 -0.004582 -0.00520272 0.00123753 0.00511519 -0.00391324 0.00225513 0.00294167 0.00242598 0.00155618 -0.00105672 0.00258368 -0.00858307 -0.00638461 0.00278069 0.00964433 -0.0100725 -0.0100785 -0.0100235 -0.0100493 -0.0100203 -0.0100204 -0.0100206 -0.0100526
internal_weight=151.536 119.396 32.1404 26.6423 25.6639 2.37759 23.2863 18.272 16.5109 1.76106 1.31084 13.0248 92.7536 46.7918 43.4489 45.9618 12.9726 32.9892 13.8685 5.48231 1.55804 3.34291 0.978351 0.776536 3.92426 0.201814 8.38617 3.48612 7.30656 0.450215
internal_count=18720 6996 11724 3429 3276 490 2786 5398 5181 217 129 3437 3567 1691 1622 1876 546 1330 6326 2095 353 69 153 109 1742 44 4231 1744 3613 88
is_linear=0
shrinkage=0.01


Tree=196
num_leaves=28
num_cat=0
split_feature=7 7 7 1 7 7 1 1 7 1 1 7 7 7 7 1 1 7 7 7 1 1 1 1 1 1 1
split_gain=15.8758 1.39378 1.26144 0.935235 0.98502 2.63011 2.5869 0.679688 2.868 1.90268 1.55593 1.06103 1.68304 0.652304 1.02477 0.758391 1.74979 0.587653 0.440289 1.81649 1.88338 5.77403e-07 6.81469e-08 2.79764e-08 2.01339e-08 1.16439e-08 4.1216e-09
threshold=154.05000000000004 35.750000000000007 449.45000000000005 0.18833333333333335 33.250000000000007 32.050000000000004 0.14500000000000005 0.13833333333333339 130.75000000000003 0.13500000000000004 0.12833333333333338 151.75000000000003 140.25000000000003 429.95000000000005 304.55000000000007 0.14166666666666669 0.1483333333333334 257.05000000000007 1137.5000000000002 1272.5000000000002 0.13166666666666668 0.13166666666666668 0.17500000000000002 0.17166666666666672 0.1483333333333334 0.13166666666666668 0.17833333333333334
decision_type=2 2 2 2 2 2 2 2 2 2 2 2 2 2 2 2 2 2 2 2 2 2 2 2 2 2 2
left_child=1 3 13 4 5 -1 -6 8 10 -10 -3 12 -9 14 17 25 -17 -2 22 20 -20 -21 24 -16 -4 -15 -24
right_child=2 7 18 -5 6 -7 -8 11 9 -11 -12 -13 -14 15 23 16 -18 -19 19 21 -22 -23 26 -25 -26 -27 -28
leaf_value=0.002498770282483638 -0.0054041989985477113 0.0013081051828340237 -0.010020885054490416 0.013327787332374923 -0.0028686892633088229 -0.010247229741337157 0.015053949052964082 0.0012310094307092848 0.00039912808502709382 0.016978811593808856 -0.0081556541303969051 0.018256612817070084 -0.01006155864739877 -0.010054579661836625 -0.010020613155466556 0.028229780536202266 -0.00068890708433053192 -0.00089951600642089859 0.026659488483831182 -0.010034150479239366 -0.0022960645497449995 -0.010021903240880384 -0.01001670859344652 -0.010018116684112396 -0.010019821164877108 -0.010051052109031051 -0.010018098856633987
leaf_weight=63.518624335993081 8.6110220329137608 2.6011327602900547 4.0803051358088833 0.79888632893562217 1.3597833756357425 1.661261555738746 1.9750711200758813 37.734719278290868 1.8727576648816466 1.0979836513288319 5.23080775863491 0.35278105491306533 1.3676356088835735 0.13363734167069097 2.9211096505168821 0.26089464500546444 1.0566368903964756 4.3634113034931934 0.27198043698444863 0.43326318077743087 1.2903714107815174 3.4520430125994608 0.29423749679699518 0.53039544937200833 3.1536961984820664 0.31212137127295136 0.77464998664800078
leaf_count=1815 2554 224 1996 13 75 77 82 3300 127 65 903 48 267 25 1445 28 101 883 38 129 315 1613 178 299 1617 63 440
internal_value=-2.1795e-05 0.00165121 -0.00628496 0.00257055 0.00244512 0.00217391 0.00774601 0.000383297 -0.00183919 0.00652697 -0.00501256 0.000991806 0.000836043 -0.00455705 -0.00517751 0.00122286 0.00503751 -0.00388924 -0.00857064 -0.00636152 0.00274463 -0.0100233 -0.0100201 -0.0100202 -0.0100204 -0.0100521 -0.0100177
internal_weight=151.511 119.571 31.9398 69.3136 68.5147 65.1799 3.33485 50.2578 10.8027 2.97074 7.83194 39.4551 39.1024 18.1892 16.4259 1.76329 1.31753 12.9744 13.7505 5.44766 1.56235 3.88531 8.30289 3.45151 7.234 0.445759 1.06889
internal_count=18720 6996 11724 2062 2049 1892 157 4934 1319 192 1127 3615 3567 5398 5181 217 129 3437 6326 2095 353 1742 4231 1744 3613 88 618
is_linear=0
shrinkage=0.01


Tree=197
num_leaves=30
num_cat=0
split_feature=7 7 7 7 1 1 1 7 7 1 1 1 7 1 1 7 7 1 7 1 1 1 1 1 1 1 1 1 1
split_gain=15.6337 1.36918 1.26065 0.946847 0.901363 1.10858 0.846406 0.697044 0.64912 2.22216 0.661598 0.600234 0.521053 1.46047 1.31122 0.44238 1.80466 1.79715 7.40078e-05 1.33893e-06 2.58251e-06 7.01499e-07 5.60296e-07 1.07879e-07 6.61341e-08 2.61119e-08 1.95263e-08 6.56789e-09 4.00158e-09
threshold=154.05000000000004 64.050000000000011 449.45000000000005 67.050000000000011 0.17166666666666672 0.18500000000000003 0.16500000000000004 1.0000000180025095e-35 442.30000000000001 0.17500000000000002 0.17166666666666672 0.15500000000000005 14.550000000000002 0.17500000000000002 0.17833333333333334 1137.5000000000002 1272.5000000000002 0.13166666666666668 429.95000000000005 0.13833333333333339 0.14500000000000005 0.14166666666666669 0.13166666666666668 0.13166666666666668 0.17500000000000002 0.1483333333333334 0.1483333333333334 0.15833333333333341 0.17833333333333334
decision_type=2 2 2 2 2 2 2 2 2 2 2 2 2 2 2 2 2 2 2 2 2 2 2 2 2 2 2 2 2
left_child=1 7 8 19 6 -6 -5 25 10 21 11 -2 14 -14 -9 24 17 -17 -12 23 -21 -10 -18 -3 26 -1 -4 -27 -26
right_child=2 3 15 4 5 -7 -8 12 9 -11 18 -13 13 -15 -16 16 22 -19 -20 20 -22 -23 -24 -25 28 27 -28 -29 -30
leaf_value=-0.010042616904780267 -0.0057489863438858133 -0.010055366471406877 -0.010020676751925703 -0.00037775752925966587 -0.010045028547359794 0.0053724326275089067 0.0043237098018975607 0.0026120348872887252 -0.010050737504175226 0.027633709209897713 -0.010023827821230855 -0.0016868383179622568 0.0021733093478419683 -0.0036964625676458619 0.0092766562558512702 0.025709909691331925 -0.010033809535516287 -0.0022783079217922582 -0.010198274827577078 -0.01010527207124802 -0.010065597124089913 -0.010078519569973769 -0.010021684816123796 -0.010040561466555367 -0.010016541783568107 -0.010035164163182097 -0.010019623796409144 -0.010038442466965733 -0.010017918509573641
leaf_weight=0.15209807641804118 9.304196060867989 0.10947152343578892 4.0397890100721252 18.479349964531146 1.7270126639632501 0.63892196398228396 4.8301138249225906 26.976448873057965 0.1479900130070736 0.26391215994954109 1.9043060551630326 5.9725805313792071 57.774938507471234 4.5744931041263035 3.3148085586726657 0.27916849730536242 0.42896663909778032 1.287438925122842 0.27879672218114127 0.23707372834905982 0.5327281195204705 0.23554026521742344 3.4177687348565087 0.089420553296804428 0.29131461039651163 0.083631129004061222 3.1223776396363974 0.22695897007361054 0.76695582771208137
leaf_count=36 2954 21 1996 2406 449 41 380 513 30 11 873 1480 2654 252 28 38 129 315 19 24 85 31 1613 23 178 24 1617 60 440
internal_value=-2.17213e-05 0.00163221 -0.00626141 -0.000366631 -4.68519e-07 -0.00588153 0.000596466 0.00220424 -0.00453212 0.00530019 -0.00489672 -0.00416086 0.00226539 0.00174265 0.00334135 -0.00855812 -0.00633837 0.00270918 -0.0100461 -0.0100718 -0.0100778 -0.0100678 -0.010023 -0.0100487 -0.0100199 -0.0100392 -0.0100202 -0.0100376 -0.0100175
internal_weight=151.489 119.747 31.7411 26.6441 25.6754 2.36593 23.3095 93.1034 18.1073 0.647442 17.4599 15.2768 92.6407 62.3494 30.2913 13.6338 5.41334 1.56661 2.1831 0.968694 0.769802 0.38353 3.84674 0.198892 8.22044 0.462688 7.16217 0.31059 1.05827
internal_count=18720 6996 11724 3429 3276 490 2786 3567 5398 72 5326 4434 3447 2906 541 6326 2095 353 892 153 109 61 1742 44 4231 120 3613 84 618
is_linear=0
shrinkage=0.01


Tree=198
num_leaves=22
num_cat=0
split_feature=0 0 0 1 0 1 0 1 0 0 1 1 0 1 0 0 1 0 1 1 0
split_gain=1.09721 0.98433 1.96659 3.15905 1.3621 1.61694 1.22081 1.09903 1.45327 0.964984 0.769451 0.74734 0.00603622 2.89074e-05 1.08576e-05 1.04779e-05 8.6145e-06 2.48268e-06 1.30617e-06 4.20536e-07 2.50546e-07
threshold=15.820000000000002 70.958333333333343 70.396666666666675 0.13500000000000004 82.076666666666668 0.13833333333333339 70.648333333333355 0.13166666666666668 76.691666666666677 76.315000000000012 0.12166666666666669 0.1483333333333334 84.558333333333351 0.14500000000000005 84.558333333333351 40.02000000000001 0.15833333333333341 13.535000000000002 0.15500000000000005 0.16833333333333336 13.535000000000002
decision_type=2 2 2 2 2 2 2 2 2 2 2 2 2 2 2 2 2 2 2 2 2
left_child=13 2 10 -4 7 14 -5 8 -3 -9 15 -12 -7 -1 -6 -2 18 19 -15 -18 -20
right_child=1 4 3 6 5 12 -8 9 -10 -11 11 -13 -14 16 -16 -17 17 -19 20 -21 -22
leaf_value=-0.010223891008222555 -0.010303321411124984 0.0082267271476415913 -0.010279945335531877 0.034875434490714605 -0.010045800475781472 0.015899479898134262 0.011535190557419188 -0.0064664106317900288 -0.010210064088117978 -0.00042384311735750222 0.0011027189084588734 -0.000406019479619946 0.017715149477028649 -0.010104760970278752 -0.010169831791060169 -0.010225481115718691 -0.010055440333669145 -0.010096225104746059 -0.010134221100998812 -0.010026979364584387 -0.0101524608078801
leaf_weight=0.24869504617527016 0.38355893280822684 1.6023120428435498 0.41582045145332702 0.44298450229689479 0.10473035497125127 0.37853878526948392 0.45353359426371753 7.7802901545073819 0.58313482266385097 4.0024736394407228 58.441092897206545 74.921420461381786 0.3546446377877146 0.12639725394546986 0.21643756632693112 0.31489992025308311 0.14345002709887922 0.1649230265757069 0.15546574059408158 0.081362245953641832 0.14606642979197204
leaf_count=30 30 174 48 36 30 30 48 978 78 408 6816 9714 18 30 36 30 54 42 30 48 12
internal_value=-2.16154e-05 5.00529e-05 0.000319552 0.0125015 -0.0023785 0.0085815 0.023068 -0.00320578 0.00330731 -0.00441382 0.000200301 0.000255128 0.0167777 -0.0101295 -0.0101294 -0.0102682 -0.0101008 -0.0100668 -0.0101317 -0.0100451 -0.0101431
internal_weight=151.462 150.396 135.373 1.31234 15.0226 1.05435 0.896518 13.9682 2.18545 11.7828 134.061 133.363 0.733183 1.06636 0.321168 0.698459 0.817665 0.389735 0.427929 0.224812 0.301532
internal_count=18720 18474 16722 132 1752 114 84 1638 252 1386 16590 16530 48 246 66 60 216 144 72 102 42
is_linear=0
shrinkage=0.01


Tree=199
num_leaves=31
num_cat=0
split_feature=7 7 7 7 1 7 7 7 1 7 7 1 1 1 1 1 1 7 7 1 1 1 1 1 1 1 1 1 1 1
split_gain=15.3948 1.34668 2.11921 1.55322 1.61546 1.49376 1.26024 1.17768 1.67798 0.642818 1.02854 0.742295 1.68051 0.632855 1.54618 0.596537 0.594058 0.444512 1.79422 2.73479 1.30927 2.80282e-05 2.5802e-06 1.31676e-06 8.00608e-08 6.52163e-08 2.9318e-08 1.9948e-08 1.07369e-08 3.87586e-09
threshold=154.05000000000004 81.750000000000014 80.15000000000002 88.40000000000002 0.17166666666666672 94.550000000000011 449.45000000000005 73.350000000000009 0.16833333333333336 429.95000000000005 304.55000000000007 0.14166666666666669 0.1483333333333334 0.16500000000000004 0.14500000000000005 0.1483333333333334 0.12500000000000003 1137.5000000000002 1161.5000000000002 0.15833333333333341 0.13166666666666668 0.18500000000000003 0.13833333333333339 0.16500000000000004 0.13166666666666668 0.17500000000000002 0.17166666666666672 0.1483333333333334 0.13166666666666668 0.17833333333333334
decision_type=2 2 2 2 2 2 2 2 2 2 2 2 2 2 2 2 2 2 2 2 2 2 2 2 2 2 2 2 2 2
left_child=1 2 7 22 5 -5 9 15 -9 10 16 28 -13 14 -4 -1 -2 25 19 -19 -20 -6 24 -24 -3 27 -12 -8 -11 -27
right_child=6 3 13 4 21 -7 17 8 -10 11 26 12 -14 -15 -16 -17 -18 18 20 -21 -22 -23 23 -25 -26 29 -28 -29 -30 -31
leaf_value=0.0028764421676874857 0.0056311415970534727 -0.010049188286733471 -0.010142263387607004 0.010670030446526993 -0.010038855613854307 4.523569220367144e-05 -0.010020496480254455 -0.010084940754841303 0.011383124768251133 -0.010053627766707509 -0.010020330288313261 0.027398601977361339 -0.00069395562028609582 0.022565034493905199 0.023257851876240108 0.0013029290419063811 -0.0043231085389079868 -0.010062842450503363 0.0051157680203748768 0.040696730166713116 -0.010025325799394301 -0.010142171467521364 -0.010066371126334983 -0.010087742961422312 -0.010039541485515393 -0.010016370060362503 -0.010017749690357101 -0.010019426931871698 -0.01005021068907036 -0.010017732083397693
leaf_weight=48.541272250935435 0.63042966369540465 0.14256988093257206 0.25788147281855234 1.445013758726424 1.1019305082736526 15.702364030294119 4.0025632864562777 1.6717726765200489 0.46545011457055796 0.13130484567955036 2.8799800217384468 0.26666064839810122 1.0570094394497571 0.60714695695787668 0.29964803531765938 47.837225518655032 12.232165677938609 0.23012125678360362 0.65873133880086232 0.19701420376077294 4.293272904236801 0.34472462139092375 0.84237770782783605 0.43827554606832564 0.21693589445203543 0.28829248540569075 0.51968548831064243 3.0900590919191018 0.3068284138571471 0.75895158562343568
leaf_count=1904 58 31 21 183 312 1773 1996 229 68 25 1445 28 101 25 28 2125 3379 38 160 33 1864 31 135 73 58 178 299 1617 63 440
internal_value=-2.14511e-05 0.0016137 0.00209116 -0.000738417 8.44502e-05 0.00094059 -0.00623766 0.00193262 -0.00540957 -0.00450656 -0.00512815 0.00123103 0.00496545 0.0155013 0.00780886 0.00209543 -0.00383522 -0.00854562 -0.00631502 0.0133498 -0.00801121 -0.0100635 -0.010067 -0.0100737 -0.0100434 -0.0100197 -0.0100199 -0.01002 -0.0100512 -0.0100174
internal_weight=151.458 119.915 99.6804 20.2342 18.594 17.1474 31.5431 98.5157 2.13722 18.0241 16.2623 1.7618 1.32367 1.16468 0.55753 96.3785 12.8626 13.519 5.37914 0.427135 4.952 1.44666 1.64016 1.28065 0.359506 8.13987 3.39967 7.09262 0.438133 1.04724
internal_count=18720 6996 4400 2596 2299 1956 11724 4326 297 5398 5181 217 129 74 49 4029 3437 6326 2095 71 2024 343 297 208 89 4231 1744 3613 88 618
is_linear=0
shrinkage=0.01


end of trees

feature_importances:
st=2399
odds=2216
local_3ren=637

parameters:
[boosting: gbdt]
[objective: binary]
[metric: binary_logloss]
[tree_learner: serial]
[device_type: cpu]
[data_sample_strategy: bagging]
[data: ]
[valid: ]
[num_iterations: 200]
[learning_rate: 0.01]
[num_leaves: 31]
[num_threads: 2]
[seed: 42]
[deterministic: 0]
[force_col_wise: 0]
[force_row_wise: 0]
[histogram_pool_size: -1]
[max_depth: 5]
[min_data_in_leaf: 20]
[min_sum_hessian_in_leaf: 0.001]
[bagging_fraction: 0.8]
[pos_bagging_fraction: 1]
[neg_bagging_fraction: 1]
[bagging_freq: 0]
[bagging_seed: 400]
[bagging_by_query: 0]
[feature_fraction: 0.8]
[feature_fraction_bynode: 1]
[feature_fraction_seed: 30056]
[extra_trees: 0]
[extra_seed: 12879]
[early_stopping_round: 0]
[early_stopping_min_delta: 0]
[first_metric_only: 0]
[max_delta_step: 0]
[lambda_l1: 0]
[lambda_l2: 0]
[linear_lambda: 0]
[min_gain_to_split: 0]
[drop_rate: 0.1]
[max_drop: 50]
[skip_drop: 0.5]
[xgboost_dart_mode: 0]
[uniform_drop: 0]
[drop_seed: 17869]
[top_rate: 0.2]
[other_rate: 0.1]
[min_data_per_group: 100]
[max_cat_threshold: 32]
[cat_l2: 10]
[cat_smooth: 10]
[max_cat_to_onehot: 4]
[top_k: 20]
[monotone_constraints: ]
[monotone_constraints_method: basic]
[monotone_penalty: 0]
[feature_contri: ]
[forcedsplits_filename: ]
[refit_decay_rate: 0.9]
[cegb_tradeoff: 1]
[cegb_penalty_split: 0]
[cegb_penalty_feature_lazy: ]
[cegb_penalty_feature_coupled: ]
[path_smooth: 0]
[interaction_constraints: ]
[verbosity: -1]
[saved_feature_importance_type: 0]
[use_quantized_grad: 0]
[num_grad_quant_bins: 4]
[quant_train_renew_leaf: 0]
[stochastic_rounding: 1]
[linear_tree: 0]
[max_bin: 255]
[max_bin_by_feature: ]
[min_data_in_bin: 3]
[bin_construct_sample_cnt: 200000]
[data_random_seed: 175]
[is_enable_sparse: 1]
[enable_bundle: 1]
[use_missing: 1]
[zero_as_missing: 0]
[feature_pre_filter: 1]
[pre_partition: 0]
[two_round: 0]
[header: 0]
[label_column: ]
[weight_column: ]
[group_column: ]
[ignore_column: ]
[categorical_feature: ]
[forcedbins_filename: ]
[precise_float_parser: 0]
[parser_config_file: ]
[objective_seed: 16083]
[num_class: 1]
[is_unbalance: 0]
[scale_pos_weight: 1]
[sigmoid: 1]
[boost_from_average: 1]
[reg_sqrt: 0]
[alpha: 0.9]
[fair_c: 1]
[poisson_max_delta_step: 0.7]
[tweedie_variance_power: 1.5]
[lambdarank_truncation_level: 30]
[lambdarank_norm: 1]
[label_gain: ]
[lambdarank_position_bias_regularization: 0]
[eval_at: ]
[multi_error_top_k: 1]
[auc_mu_weights: ]
[num_machines: 1]
[local_listen_port: 12400]
[time_out: 120]
[machine_list_filename: ]
[machines: ]
[gpu_platform_id: -1]
[gpu_device_id: -1]
[gpu_device_id_list: ]
[gpu_use_dp: 0]
[num_gpu: 1]

end of parameters

pandas_categorical:[]
